--
-- PostgreSQL database dump
--

SET statement_timeout = 0;
SET client_encoding = 'UTF8';
SET standard_conforming_strings = off;
SET check_function_bodies = false;
SET client_min_messages = warning;
SET escape_string_warning = off;

--
-- Name: plpgsql; Type: PROCEDURAL LANGUAGE; Schema: -; Owner: -
--

CREATE PROCEDURAL LANGUAGE plpgsql;


SET search_path = public, pg_catalog;

--
-- Name: archiving_status; Type: DOMAIN; Schema: public; Owner: -
--

CREATE DOMAIN archiving_status AS character varying(100)
	CONSTRAINT archiving_status_check CHECK (((VALUE)::text = ANY (ARRAY[('LOCKED'::character varying)::text, ('AVAILABLE'::character varying)::text, ('ARCHIVED'::character varying)::text, ('ARCHIVE_PENDING'::character varying)::text, ('UNARCHIVE_PENDING'::character varying)::text])));


--
-- Name: authorization_role; Type: DOMAIN; Schema: public; Owner: -
--

CREATE DOMAIN authorization_role AS character varying(40)
	CONSTRAINT authorization_role_check CHECK (((VALUE)::text = ANY (ARRAY[('ADMIN'::character varying)::text, ('POWER_USER'::character varying)::text, ('USER'::character varying)::text, ('OBSERVER'::character varying)::text, ('ETL_SERVER'::character varying)::text])));


--
-- Name: boolean_char; Type: DOMAIN; Schema: public; Owner: -
--

CREATE DOMAIN boolean_char AS boolean DEFAULT false;


--
-- Name: boolean_char_or_unknown; Type: DOMAIN; Schema: public; Owner: -
--

CREATE DOMAIN boolean_char_or_unknown AS character(1) DEFAULT 'U'::bpchar
	CONSTRAINT boolean_char_or_unknown_check CHECK ((VALUE = ANY (ARRAY['F'::bpchar, 'T'::bpchar, 'U'::bpchar])));


--
-- Name: code; Type: DOMAIN; Schema: public; Owner: -
--

CREATE DOMAIN code AS character varying(60);


--
-- Name: column_label; Type: DOMAIN; Schema: public; Owner: -
--

CREATE DOMAIN column_label AS character varying(128);


--
-- Name: data_store_service_kind; Type: DOMAIN; Schema: public; Owner: -
--

CREATE DOMAIN data_store_service_kind AS character varying(40)
	CONSTRAINT data_store_service_kind_check CHECK (((VALUE)::text = ANY (ARRAY[('PROCESSING'::character varying)::text, ('QUERIES'::character varying)::text])));


--
-- Name: description_2000; Type: DOMAIN; Schema: public; Owner: -
--

CREATE DOMAIN description_2000 AS character varying(2000);


--
-- Name: event_type; Type: DOMAIN; Schema: public; Owner: -
--

CREATE DOMAIN event_type AS character varying(40)
	CONSTRAINT event_type_check CHECK (((VALUE)::text = ANY (ARRAY[('DELETION'::character varying)::text, ('INVALIDATION'::character varying)::text, ('MOVEMENT'::character varying)::text])));


--
-- Name: file; Type: DOMAIN; Schema: public; Owner: -
--

CREATE DOMAIN file AS bytea;


--
-- Name: file_name; Type: DOMAIN; Schema: public; Owner: -
--

CREATE DOMAIN file_name AS character varying(100);


--
-- Name: generic_value; Type: DOMAIN; Schema: public; Owner: -
--

CREATE DOMAIN generic_value AS character varying(1024);


--
-- Name: grid_expression; Type: DOMAIN; Schema: public; Owner: -
--

CREATE DOMAIN grid_expression AS character varying(2000);


--
-- Name: grid_id; Type: DOMAIN; Schema: public; Owner: -
--

CREATE DOMAIN grid_id AS character varying(200);


--
-- Name: object_name; Type: DOMAIN; Schema: public; Owner: -
--

CREATE DOMAIN object_name AS character varying(50);


--
-- Name: ordinal_int; Type: DOMAIN; Schema: public; Owner: -
--

CREATE DOMAIN ordinal_int AS bigint
	CONSTRAINT ordinal_int_check CHECK ((VALUE > 0));


--
-- Name: query_type; Type: DOMAIN; Schema: public; Owner: -
--

CREATE DOMAIN query_type AS character varying(40)
	CONSTRAINT query_type_check CHECK (((VALUE)::text = ANY (ARRAY[('GENERIC'::character varying)::text, ('EXPERIMENT'::character varying)::text, ('SAMPLE'::character varying)::text, ('DATA_SET'::character varying)::text, ('MATERIAL'::character varying)::text])));


--
-- Name: real_value; Type: DOMAIN; Schema: public; Owner: -
--

CREATE DOMAIN real_value AS real;


--
-- Name: tech_id; Type: DOMAIN; Schema: public; Owner: -
--

CREATE DOMAIN tech_id AS bigint;


--
-- Name: time_stamp; Type: DOMAIN; Schema: public; Owner: -
--

CREATE DOMAIN time_stamp AS timestamp with time zone;


--
-- Name: time_stamp_dfl; Type: DOMAIN; Schema: public; Owner: -
--

CREATE DOMAIN time_stamp_dfl AS timestamp with time zone NOT NULL DEFAULT now();


--
-- Name: title_100; Type: DOMAIN; Schema: public; Owner: -
--

CREATE DOMAIN title_100 AS character varying(100);


--
-- Name: user_id; Type: DOMAIN; Schema: public; Owner: -
--

CREATE DOMAIN user_id AS character varying(50);


--
-- Name: check_dataset_relationships_on_data_table_modification(); Type: FUNCTION; Schema: public; Owner: -
--

CREATE FUNCTION check_dataset_relationships_on_data_table_modification() RETURNS trigger
    LANGUAGE plpgsql
    AS $$
DECLARE
	counter	INTEGER;
BEGIN
	-- if there is a connection with a Sample there should not be any connection with a parent Data Set
	IF (NEW.samp_id IS NOT NULL) THEN
		-- count number of parents
		SELECT count(*) INTO counter 
			FROM data_set_relationships 
			WHERE data_id_child = NEW.id;
		IF (counter > 0) THEN
			RAISE EXCEPTION 'Insert/Update of Data Set (Code: %) failed because it cannot be connected with a Sample and a parent Data Set at the same time.', NEW.code;
		END IF;
	END IF;
  RETURN NEW;
END;
$$;


--
-- Name: check_dataset_relationships_on_relationships_table_modification(); Type: FUNCTION; Schema: public; Owner: -
--

CREATE FUNCTION check_dataset_relationships_on_relationships_table_modification() RETURNS trigger
    LANGUAGE plpgsql
    AS $$
DECLARE
	counter	INTEGER;
	sample_id	TECH_ID;
	data_code	CODE;
BEGIN
	-- child will have a parent added so it should not be connected with any sample
	SELECT samp_id, code INTO sample_id, data_code 
		FROM data 
		WHERE id = NEW.data_id_child;
	IF (sample_id IS NOT NULL) THEN
		RAISE EXCEPTION 'Insert/Update of Data Set (Code: %) failed because it cannot be connected to a Sample and to a parent Data Set at the same time.', data_code;
	END IF;
	RETURN NEW;
END;
$$;


--
-- Name: controlled_vocabulary_check(); Type: FUNCTION; Schema: public; Owner: -
--

CREATE FUNCTION controlled_vocabulary_check() RETURNS trigger
    LANGUAGE plpgsql
    AS $$
DECLARE
   v_code  CODE;
BEGIN

   select code into v_code from data_types where id = NEW.daty_id;

   -- Check if the data is of type "CONTROLLEDVOCABULARY"
   if v_code = 'CONTROLLEDVOCABULARY' then
      if NEW.covo_id IS NULL then
         RAISE EXCEPTION 'Insert/Update of Property Type (Code: %) failed, as its Data Type is CONTROLLEDVOCABULARY, but it is not linked to a Controlled Vocabulary.', NEW.code;
      end if;
   end if;

   RETURN NEW;

END;
$$;


--
-- Name: data_set_property_with_material_data_type_check(); Type: FUNCTION; Schema: public; Owner: -
--

CREATE FUNCTION data_set_property_with_material_data_type_check() RETURNS trigger
    LANGUAGE plpgsql
    AS $$
DECLARE
   v_type_id  CODE;
   v_type_id_prop  CODE;
BEGIN
   if NEW.mate_prop_id IS NOT NULL then
			-- find material type id of the property type 
			select pt.maty_prop_id into v_type_id_prop 
			  from data_set_type_property_types dstpt, property_types pt 
			 where NEW.dstpt_id = dstpt.id AND dstpt.prty_id = pt.id;
		
			if v_type_id_prop IS NOT NULL then
				-- find material type id of the material which consists the entity's property value
				select entity.maty_id into v_type_id 
				  from materials entity
				 where NEW.mate_prop_id = entity.id;
				if v_type_id != v_type_id_prop then
					RAISE EXCEPTION 'Insert/Update of property value referencing material (id: %) failed, as referenced material type is different than expected (id %, expected id: %).', 
												 NEW.mate_prop_id, v_type_id, v_type_id_prop;
				end if;
			end if;
   end if;
   RETURN NEW;
END;
$$;


--
-- Name: experiment_property_with_material_data_type_check(); Type: FUNCTION; Schema: public; Owner: -
--

CREATE FUNCTION experiment_property_with_material_data_type_check() RETURNS trigger
    LANGUAGE plpgsql
    AS $$
DECLARE
   v_type_id  CODE;
   v_type_id_prop  CODE;
BEGIN
   if NEW.mate_prop_id IS NOT NULL then
			-- find material type id of the property type 
			select pt.maty_prop_id into v_type_id_prop 
			  from experiment_type_property_types etpt, property_types pt 
			 where NEW.etpt_id = etpt.id AND etpt.prty_id = pt.id;
		
			if v_type_id_prop IS NOT NULL then
				-- find material type id of the material which consists the entity's property value
				select entity.maty_id into v_type_id 
				  from materials entity
				 where NEW.mate_prop_id = entity.id;
				if v_type_id != v_type_id_prop then
					RAISE EXCEPTION 'Insert/Update of property value referencing material (id: %) failed, as referenced material type is different than expected (id %, expected id: %).', 
												 NEW.mate_prop_id, v_type_id, v_type_id_prop;
				end if;
			end if;
   end if;
   RETURN NEW;
END;
$$;


--
-- Name: external_data_storage_format_check(); Type: FUNCTION; Schema: public; Owner: -
--

CREATE FUNCTION external_data_storage_format_check() RETURNS trigger
    LANGUAGE plpgsql
    AS $$
DECLARE
   v_covo_code  CODE;
   data_code CODE;
BEGIN

   select code into v_covo_code from controlled_vocabularies
      where is_internal_namespace = true and 
         id = (select covo_id from controlled_vocabulary_terms where id = NEW.cvte_id_stor_fmt);
   -- Check if the data storage format is a term of the controlled vocabulary "STORAGE_FORMAT"
   if v_covo_code != 'STORAGE_FORMAT' then
      select code into data_code from data where id = NEW.data_id; 
      RAISE EXCEPTION 'Insert/Update of Data (Code: %) failed, as its Storage Format is %, but is required to be STORAGE_FORMAT.', data_code, v_covo_code;
   end if;

   RETURN NEW;

END;
$$;


--
-- Name: material_property_with_material_data_type_check(); Type: FUNCTION; Schema: public; Owner: -
--

CREATE FUNCTION material_property_with_material_data_type_check() RETURNS trigger
    LANGUAGE plpgsql
    AS $$
DECLARE
   v_type_id  CODE;
   v_type_id_prop  CODE;
BEGIN
   if NEW.mate_prop_id IS NOT NULL then
			-- find material type id of the property type 
			select pt.maty_prop_id into v_type_id_prop 
			  from material_type_property_types etpt, property_types pt 
			 where NEW.mtpt_id = etpt.id AND etpt.prty_id = pt.id;
		
			if v_type_id_prop IS NOT NULL then
				-- find material type id of the material which consists the entity's property value
				select entity.maty_id into v_type_id 
				  from materials entity
				 where NEW.mate_prop_id = entity.id;
				if v_type_id != v_type_id_prop then
					RAISE EXCEPTION 'Insert/Update of property value referencing material (id: %) failed, as referenced material type is different than expected (id %, expected id: %).', 
							 NEW.mate_prop_id, v_type_id, v_type_id_prop;
				end if;
			end if;
   end if;
   RETURN NEW;
END;
$$;


--
-- Name: rename_sequence(character varying, character varying); Type: FUNCTION; Schema: public; Owner: -
--

CREATE FUNCTION rename_sequence(old_name character varying, new_name character varying) RETURNS integer
    LANGUAGE plpgsql
    AS $$
DECLARE
  CURR_SEQ_VAL   INTEGER;
BEGIN
  SELECT INTO CURR_SEQ_VAL NEXTVAL(OLD_NAME);
  EXECUTE 'CREATE SEQUENCE ' || NEW_NAME || ' START WITH ' || CURR_SEQ_VAL;
  EXECUTE 'DROP SEQUENCE ' || OLD_NAME;
  RETURN CURR_SEQ_VAL;
END;
$$;


--
-- Name: sample_code_uniqueness_check(); Type: FUNCTION; Schema: public; Owner: -
--

CREATE FUNCTION sample_code_uniqueness_check() RETURNS trigger
    LANGUAGE plpgsql
    AS $$
DECLARE
   counter  INTEGER;
BEGIN
  LOCK TABLE samples IN EXCLUSIVE MODE;
  
	  IF (NEW.samp_id_part_of is NULL) THEN
		  IF (NEW.dbin_id is not NULL) THEN
			  SELECT count(*) into counter FROM samples 
		      where id != NEW.id and code = NEW.code and samp_id_part_of is NULL and dbin_id = NEW.dbin_id;
        IF (counter > 0) THEN
				  RAISE EXCEPTION 'Insert/Update of Sample (Code: %) failed because database instance sample with the same code already exists.', NEW.code;
        END IF;
		  ELSIF (NEW.grou_id is not NULL) THEN
			  SELECT count(*) into counter FROM samples 
				  where id != NEW.id and code = NEW.code and samp_id_part_of is NULL and grou_id = NEW.grou_id;
			  IF (counter > 0) THEN
				  RAISE EXCEPTION 'Insert/Update of Sample (Code: %) failed because space sample with the same code already exists.', NEW.code;
			  END IF;
      END IF;
    ELSE
		  IF (NEW.dbin_id is not NULL) THEN
			  SELECT count(*) into counter FROM samples 
				  where id != NEW.id and code = NEW.code and samp_id_part_of = NEW.samp_id_part_of and dbin_id = NEW.dbin_id;
			  IF (counter > 0) THEN
				  RAISE EXCEPTION 'Insert/Update of Sample (Code: %) failed because database instance sample with the same code and being the part of the same container already exists.', NEW.code;
			  END IF;
		  ELSIF (NEW.grou_id is not NULL) THEN
			  SELECT count(*) into counter FROM samples 
				  where id != NEW.id and code = NEW.code and samp_id_part_of = NEW.samp_id_part_of and grou_id = NEW.grou_id;
			  IF (counter > 0) THEN
				  RAISE EXCEPTION 'Insert/Update of Sample (Code: %) failed because space sample with the same code and being the part of the same container already exists.', NEW.code;
			  END IF;
		  END IF;
     END IF;   
  
  RETURN NEW;
END;
$$;


--
-- Name: sample_property_with_material_data_type_check(); Type: FUNCTION; Schema: public; Owner: -
--

CREATE FUNCTION sample_property_with_material_data_type_check() RETURNS trigger
    LANGUAGE plpgsql
    AS $$
DECLARE
   v_type_id  CODE;
   v_type_id_prop  CODE;
BEGIN
   if NEW.mate_prop_id IS NOT NULL then
			-- find material type id of the property type 
			select pt.maty_prop_id into v_type_id_prop 
			  from sample_type_property_types etpt, property_types pt 
			 where NEW.stpt_id = etpt.id AND etpt.prty_id = pt.id;
		
			if v_type_id_prop IS NOT NULL then
				-- find material type id of the material which consists the entity's property value
				select entity.maty_id into v_type_id 
				  from materials entity
				 where NEW.mate_prop_id = entity.id;
				if v_type_id != v_type_id_prop then
					RAISE EXCEPTION 'Insert/Update of property value referencing material (id: %) failed, as referenced material type is different than expected (id %, expected id: %).', 
												 NEW.mate_prop_id, v_type_id, v_type_id_prop;
				end if;
			end if;
   end if;
   RETURN NEW;
END;
$$;


--
-- Name: sample_subcode_uniqueness_check(); Type: FUNCTION; Schema: public; Owner: -
--

CREATE FUNCTION sample_subcode_uniqueness_check() RETURNS trigger
    LANGUAGE plpgsql
    AS $$
DECLARE
   counter  INTEGER;
   unique_subcode  BOOLEAN_CHAR;
BEGIN
  LOCK TABLE samples IN EXCLUSIVE MODE;
  
  SELECT is_subcode_unique into unique_subcode FROM sample_types WHERE id = NEW.saty_id;
  
  IF (unique_subcode) THEN
    IF (NEW.dbin_id is not NULL) THEN
			SELECT count(*) into counter FROM samples 
				where id != NEW.id and code = NEW.code and saty_id = NEW.saty_id and dbin_id = NEW.dbin_id;
			IF (counter > 0) THEN
				RAISE EXCEPTION 'Insert/Update of Sample (Code: %) failed because database instance sample of the same type with the same subcode already exists.', NEW.code;
			END IF;
		ELSIF (NEW.grou_id is not NULL) THEN
			SELECT count(*) into counter FROM samples 
				where id != NEW.id and code = NEW.code and saty_id = NEW.saty_id and grou_id = NEW.grou_id;
			IF (counter > 0) THEN
				RAISE EXCEPTION 'Insert/Update of Sample (Code: %) failed because space sample of the same type with the same subcode already exists.', NEW.code;
			END IF;
		END IF;
  END IF;
  
  RETURN NEW;
END;
$$;


--
-- Name: attachment_content_id_seq; Type: SEQUENCE; Schema: public; Owner: -
--

CREATE SEQUENCE attachment_content_id_seq
    START WITH 1
    INCREMENT BY 1
    NO MAXVALUE
    NO MINVALUE
    CACHE 1;


--
-- Name: attachment_content_id_seq; Type: SEQUENCE SET; Schema: public; Owner: -
--

SELECT pg_catalog.setval('attachment_content_id_seq', 1, true);


SET default_tablespace = '';

SET default_with_oids = false;

--
-- Name: attachment_contents; Type: TABLE; Schema: public; Owner: -; Tablespace: 
--

CREATE TABLE attachment_contents (
    id tech_id NOT NULL,
    value file NOT NULL
);


--
-- Name: attachment_id_seq; Type: SEQUENCE; Schema: public; Owner: -
--

CREATE SEQUENCE attachment_id_seq
    START WITH 1
    INCREMENT BY 1
    NO MAXVALUE
    NO MINVALUE
    CACHE 1;


--
-- Name: attachment_id_seq; Type: SEQUENCE SET; Schema: public; Owner: -
--

SELECT pg_catalog.setval('attachment_id_seq', 1, true);


--
-- Name: attachments; Type: TABLE; Schema: public; Owner: -; Tablespace: 
--

CREATE TABLE attachments (
    id tech_id NOT NULL,
    expe_id tech_id,
    samp_id tech_id,
    proj_id tech_id,
    exac_id tech_id NOT NULL,
    file_name file_name NOT NULL,
    registration_timestamp time_stamp_dfl DEFAULT now() NOT NULL,
    version integer NOT NULL,
    pers_id_registerer tech_id NOT NULL,
    title title_100,
    description description_2000,
    CONSTRAINT atta_arc_ck CHECK ((((((expe_id IS NOT NULL) AND (proj_id IS NULL)) AND (samp_id IS NULL)) OR (((expe_id IS NULL) AND (proj_id IS NOT NULL)) AND (samp_id IS NULL))) OR (((expe_id IS NULL) AND (proj_id IS NULL)) AND (samp_id IS NOT NULL))))
);


--
-- Name: authorization_group_id_seq; Type: SEQUENCE; Schema: public; Owner: -
--

CREATE SEQUENCE authorization_group_id_seq
    START WITH 1
    INCREMENT BY 1
    NO MAXVALUE
    NO MINVALUE
    CACHE 1;


--
-- Name: authorization_group_id_seq; Type: SEQUENCE SET; Schema: public; Owner: -
--

SELECT pg_catalog.setval('authorization_group_id_seq', 2, false);


--
-- Name: authorization_group_persons; Type: TABLE; Schema: public; Owner: -; Tablespace: 
--

CREATE TABLE authorization_group_persons (
    ag_id tech_id NOT NULL,
    pers_id tech_id NOT NULL
);


--
-- Name: authorization_groups; Type: TABLE; Schema: public; Owner: -; Tablespace: 
--

CREATE TABLE authorization_groups (
    id tech_id NOT NULL,
    dbin_id tech_id NOT NULL,
    code code NOT NULL,
    description description_2000,
    registration_timestamp time_stamp_dfl DEFAULT now() NOT NULL,
    pers_id_registerer tech_id NOT NULL,
    modification_timestamp time_stamp DEFAULT now()
);


--
-- Name: code_seq; Type: SEQUENCE; Schema: public; Owner: -
--

CREATE SEQUENCE code_seq
    START WITH 1
    INCREMENT BY 1
    NO MAXVALUE
    NO MINVALUE
    CACHE 1;


--
-- Name: code_seq; Type: SEQUENCE SET; Schema: public; Owner: -
--

SELECT pg_catalog.setval('code_seq', 100, true);


--
-- Name: controlled_vocabularies; Type: TABLE; Schema: public; Owner: -; Tablespace: 
--

CREATE TABLE controlled_vocabularies (
    id tech_id NOT NULL,
    code code NOT NULL,
    description description_2000,
    registration_timestamp time_stamp_dfl DEFAULT now() NOT NULL,
    pers_id_registerer tech_id NOT NULL,
    is_managed_internally boolean_char DEFAULT false NOT NULL,
    is_internal_namespace boolean_char DEFAULT false NOT NULL,
    dbin_id tech_id NOT NULL,
    modification_timestamp time_stamp DEFAULT now(),
    is_chosen_from_list boolean_char DEFAULT true NOT NULL,
    source_uri character varying(250)
);


--
-- Name: controlled_vocabulary_id_seq; Type: SEQUENCE; Schema: public; Owner: -
--

CREATE SEQUENCE controlled_vocabulary_id_seq
    START WITH 1
    INCREMENT BY 1
    NO MAXVALUE
    NO MINVALUE
    CACHE 1;


--
-- Name: controlled_vocabulary_id_seq; Type: SEQUENCE SET; Schema: public; Owner: -
--

SELECT pg_catalog.setval('controlled_vocabulary_id_seq', 7, true);


--
-- Name: controlled_vocabulary_terms; Type: TABLE; Schema: public; Owner: -; Tablespace: 
--

CREATE TABLE controlled_vocabulary_terms (
    id tech_id NOT NULL,
    code object_name NOT NULL,
    registration_timestamp time_stamp_dfl DEFAULT now() NOT NULL,
    covo_id tech_id NOT NULL,
    pers_id_registerer tech_id NOT NULL,
    label column_label,
    description description_2000,
    ordinal ordinal_int NOT NULL,
    CONSTRAINT cvte_ck CHECK (((ordinal)::bigint > 0))
);


--
-- Name: cvte_id_seq; Type: SEQUENCE; Schema: public; Owner: -
--

CREATE SEQUENCE cvte_id_seq
    START WITH 1
    INCREMENT BY 1
    NO MAXVALUE
    NO MINVALUE
    CACHE 1;


--
-- Name: cvte_id_seq; Type: SEQUENCE SET; Schema: public; Owner: -
--

SELECT pg_catalog.setval('cvte_id_seq', 61, true);


--
-- Name: data; Type: TABLE; Schema: public; Owner: -; Tablespace: 
--

CREATE TABLE data (
    id tech_id NOT NULL,
    code code,
    dsty_id tech_id NOT NULL,
    dast_id tech_id NOT NULL,
    expe_id tech_id NOT NULL,
    data_producer_code code,
    production_timestamp time_stamp,
    samp_id tech_id,
    registration_timestamp time_stamp_dfl DEFAULT now() NOT NULL,
    is_placeholder boolean_char DEFAULT false,
    is_valid boolean_char DEFAULT true,
    modification_timestamp time_stamp DEFAULT now(),
    is_derived boolean_char NOT NULL
);


--
-- Name: data_id_seq; Type: SEQUENCE; Schema: public; Owner: -
--

CREATE SEQUENCE data_id_seq
    START WITH 1
    INCREMENT BY 1
    NO MAXVALUE
    NO MINVALUE
    CACHE 1;


--
-- Name: data_id_seq; Type: SEQUENCE SET; Schema: public; Owner: -
--

SELECT pg_catalog.setval('data_id_seq', 1, true);


--
-- Name: data_set_properties; Type: TABLE; Schema: public; Owner: -; Tablespace: 
--

CREATE TABLE data_set_properties (
    id tech_id NOT NULL,
    ds_id tech_id NOT NULL,
    dstpt_id tech_id NOT NULL,
    value generic_value,
    cvte_id tech_id,
    mate_prop_id tech_id,
    pers_id_registerer tech_id NOT NULL,
    registration_timestamp time_stamp_dfl DEFAULT now() NOT NULL,
    modification_timestamp time_stamp DEFAULT now(),
    CONSTRAINT dspr_ck CHECK ((((((value IS NOT NULL) AND (cvte_id IS NULL)) AND (mate_prop_id IS NULL)) OR (((value IS NULL) AND (cvte_id IS NOT NULL)) AND (mate_prop_id IS NULL))) OR (((value IS NULL) AND (cvte_id IS NULL)) AND (mate_prop_id IS NOT NULL))))
);


--
-- Name: data_set_property_id_seq; Type: SEQUENCE; Schema: public; Owner: -
--

CREATE SEQUENCE data_set_property_id_seq
    START WITH 1
    INCREMENT BY 1
    NO MAXVALUE
    NO MINVALUE
    CACHE 1;


--
-- Name: data_set_property_id_seq; Type: SEQUENCE SET; Schema: public; Owner: -
--

SELECT pg_catalog.setval('data_set_property_id_seq', 9, true);


--
-- Name: data_set_relationship_id_seq; Type: SEQUENCE; Schema: public; Owner: -
--

CREATE SEQUENCE data_set_relationship_id_seq
    START WITH 1
    INCREMENT BY 1
    NO MAXVALUE
    NO MINVALUE
    CACHE 1;


--
-- Name: data_set_relationship_id_seq; Type: SEQUENCE SET; Schema: public; Owner: -
--

SELECT pg_catalog.setval('data_set_relationship_id_seq', 1, false);


--
-- Name: data_set_relationships; Type: TABLE; Schema: public; Owner: -; Tablespace: 
--

CREATE TABLE data_set_relationships (
    data_id_parent tech_id NOT NULL,
    data_id_child tech_id NOT NULL
);


--
-- Name: data_set_type_id_seq; Type: SEQUENCE; Schema: public; Owner: -
--

CREATE SEQUENCE data_set_type_id_seq
    START WITH 1
    INCREMENT BY 1
    NO MAXVALUE
    NO MINVALUE
    CACHE 1;


--
-- Name: data_set_type_id_seq; Type: SEQUENCE SET; Schema: public; Owner: -
--

SELECT pg_catalog.setval('data_set_type_id_seq', 4, true);


--
-- Name: data_set_type_property_types; Type: TABLE; Schema: public; Owner: -; Tablespace: 
--

CREATE TABLE data_set_type_property_types (
    id tech_id NOT NULL,
    dsty_id tech_id NOT NULL,
    prty_id tech_id NOT NULL,
    is_mandatory boolean_char DEFAULT false NOT NULL,
    is_managed_internally boolean_char DEFAULT false NOT NULL,
    pers_id_registerer tech_id NOT NULL,
    registration_timestamp time_stamp_dfl DEFAULT now() NOT NULL,
    ordinal ordinal_int NOT NULL,
    section description_2000
);


--
-- Name: data_set_types; Type: TABLE; Schema: public; Owner: -; Tablespace: 
--

CREATE TABLE data_set_types (
    id tech_id NOT NULL,
    code code NOT NULL,
    description description_2000,
    dbin_id tech_id NOT NULL,
    modification_timestamp time_stamp DEFAULT now(),
    main_ds_pattern character varying(300),
    main_ds_path character varying(1000)
);


--
-- Name: data_store_id_seq; Type: SEQUENCE; Schema: public; Owner: -
--

CREATE SEQUENCE data_store_id_seq
    START WITH 1
    INCREMENT BY 1
    NO MAXVALUE
    NO MINVALUE
    CACHE 1;


--
-- Name: data_store_id_seq; Type: SEQUENCE SET; Schema: public; Owner: -
--

SELECT pg_catalog.setval('data_store_id_seq', 1, true);


--
-- Name: data_store_service_data_set_types; Type: TABLE; Schema: public; Owner: -; Tablespace: 
--

CREATE TABLE data_store_service_data_set_types (
    data_store_service_id tech_id NOT NULL,
    data_set_type_id tech_id NOT NULL
);


--
-- Name: data_store_services; Type: TABLE; Schema: public; Owner: -; Tablespace: 
--

CREATE TABLE data_store_services (
    id tech_id NOT NULL,
    key character varying(256) NOT NULL,
    label character varying(256) NOT NULL,
    kind data_store_service_kind NOT NULL,
    data_store_id tech_id NOT NULL
);


--
-- Name: data_store_services_id_seq; Type: SEQUENCE; Schema: public; Owner: -
--

CREATE SEQUENCE data_store_services_id_seq
    START WITH 1
    INCREMENT BY 1
    NO MAXVALUE
    NO MINVALUE
    CACHE 1;


--
-- Name: data_store_services_id_seq; Type: SEQUENCE SET; Schema: public; Owner: -
--

SELECT pg_catalog.setval('data_store_services_id_seq', 12, true);


--
-- Name: data_stores; Type: TABLE; Schema: public; Owner: -; Tablespace: 
--

CREATE TABLE data_stores (
    id tech_id NOT NULL,
    dbin_id tech_id NOT NULL,
    code code NOT NULL,
    download_url character varying(1024) NOT NULL,
    remote_url character varying(250) NOT NULL,
    session_token character varying(50) NOT NULL,
    registration_timestamp time_stamp_dfl DEFAULT now() NOT NULL,
    modification_timestamp time_stamp DEFAULT now(),
    is_archiver_configured boolean_char DEFAULT false NOT NULL
);


--
-- Name: data_type_id_seq; Type: SEQUENCE; Schema: public; Owner: -
--

CREATE SEQUENCE data_type_id_seq
    START WITH 1
    INCREMENT BY 1
    NO MAXVALUE
    NO MINVALUE
    CACHE 1;


--
-- Name: data_type_id_seq; Type: SEQUENCE SET; Schema: public; Owner: -
--

SELECT pg_catalog.setval('data_type_id_seq', 9, true);


--
-- Name: data_types; Type: TABLE; Schema: public; Owner: -; Tablespace: 
--

CREATE TABLE data_types (
    id tech_id NOT NULL,
    code code NOT NULL,
    description description_2000 NOT NULL
);


--
-- Name: database_instance_id_seq; Type: SEQUENCE; Schema: public; Owner: -
--

CREATE SEQUENCE database_instance_id_seq
    START WITH 1
    INCREMENT BY 1
    NO MAXVALUE
    NO MINVALUE
    CACHE 1;


--
-- Name: database_instance_id_seq; Type: SEQUENCE SET; Schema: public; Owner: -
--

SELECT pg_catalog.setval('database_instance_id_seq', 1, true);


--
-- Name: database_instances; Type: TABLE; Schema: public; Owner: -; Tablespace: 
--

CREATE TABLE database_instances (
    id tech_id NOT NULL,
    code code NOT NULL,
    uuid code NOT NULL,
    is_original_source boolean_char DEFAULT false NOT NULL,
    registration_timestamp time_stamp_dfl DEFAULT now() NOT NULL
);


--
-- Name: database_version_logs; Type: TABLE; Schema: public; Owner: -; Tablespace: 
--

CREATE TABLE database_version_logs (
    db_version character varying(4) NOT NULL,
    module_name character varying(250),
    run_status character varying(10),
    run_status_timestamp timestamp without time zone,
    module_code bytea,
    run_exception bytea
);


--
-- Name: dstpt_id_seq; Type: SEQUENCE; Schema: public; Owner: -
--

CREATE SEQUENCE dstpt_id_seq
    START WITH 1
    INCREMENT BY 1
    NO MAXVALUE
    NO MINVALUE
    CACHE 1;


--
-- Name: dstpt_id_seq; Type: SEQUENCE SET; Schema: public; Owner: -
--

SELECT pg_catalog.setval('dstpt_id_seq', 3, true);


--
-- Name: etpt_id_seq; Type: SEQUENCE; Schema: public; Owner: -
--

CREATE SEQUENCE etpt_id_seq
    START WITH 1
    INCREMENT BY 1
    NO MAXVALUE
    NO MINVALUE
    CACHE 1;


--
-- Name: etpt_id_seq; Type: SEQUENCE SET; Schema: public; Owner: -
--

SELECT pg_catalog.setval('etpt_id_seq', 1, false);


--
-- Name: event_id_seq; Type: SEQUENCE; Schema: public; Owner: -
--

CREATE SEQUENCE event_id_seq
    START WITH 1
    INCREMENT BY 1
    NO MAXVALUE
    NO MINVALUE
    CACHE 1;


--
-- Name: event_id_seq; Type: SEQUENCE SET; Schema: public; Owner: -
--

SELECT pg_catalog.setval('event_id_seq', 1, true);


--
-- Name: events; Type: TABLE; Schema: public; Owner: -; Tablespace: 
--

CREATE TABLE events (
    id tech_id NOT NULL,
    event_type event_type NOT NULL,
    description description_2000,
    reason description_2000,
    pers_id_registerer tech_id NOT NULL,
    registration_timestamp time_stamp_dfl DEFAULT now() NOT NULL,
    entity_type character varying(80) NOT NULL,
    identifier character varying(250) NOT NULL,
    CONSTRAINT evnt_et_enum_ck CHECK (((entity_type)::text = ANY (ARRAY[('ATTACHMENT'::character varying)::text, ('DATASET'::character varying)::text, ('EXPERIMENT'::character varying)::text, ('GROUP'::character varying)::text, ('MATERIAL'::character varying)::text, ('PROJECT'::character varying)::text, ('PROPERTY_TYPE'::character varying)::text, ('SAMPLE'::character varying)::text, ('VOCABULARY'::character varying)::text, ('AUTHORIZATION_GROUP'::character varying)::text])))
);


--
-- Name: experiment_id_seq; Type: SEQUENCE; Schema: public; Owner: -
--

CREATE SEQUENCE experiment_id_seq
    START WITH 1
    INCREMENT BY 1
    NO MAXVALUE
    NO MINVALUE
    CACHE 1;


--
-- Name: experiment_id_seq; Type: SEQUENCE SET; Schema: public; Owner: -
--

SELECT pg_catalog.setval('experiment_id_seq', 1, true);


--
-- Name: experiment_properties; Type: TABLE; Schema: public; Owner: -; Tablespace: 
--

CREATE TABLE experiment_properties (
    id tech_id NOT NULL,
    expe_id tech_id NOT NULL,
    etpt_id tech_id NOT NULL,
    value generic_value,
    cvte_id tech_id,
    mate_prop_id tech_id,
    pers_id_registerer tech_id NOT NULL,
    registration_timestamp time_stamp_dfl DEFAULT now() NOT NULL,
    modification_timestamp time_stamp DEFAULT now(),
    CONSTRAINT expr_ck CHECK ((((((value IS NOT NULL) AND (cvte_id IS NULL)) AND (mate_prop_id IS NULL)) OR (((value IS NULL) AND (cvte_id IS NOT NULL)) AND (mate_prop_id IS NULL))) OR (((value IS NULL) AND (cvte_id IS NULL)) AND (mate_prop_id IS NOT NULL))))
);


--
-- Name: experiment_property_id_seq; Type: SEQUENCE; Schema: public; Owner: -
--

CREATE SEQUENCE experiment_property_id_seq
    START WITH 1
    INCREMENT BY 1
    NO MAXVALUE
    NO MINVALUE
    CACHE 1;


--
-- Name: experiment_property_id_seq; Type: SEQUENCE SET; Schema: public; Owner: -
--

SELECT pg_catalog.setval('experiment_property_id_seq', 1, false);


--
-- Name: experiment_type_id_seq; Type: SEQUENCE; Schema: public; Owner: -
--

CREATE SEQUENCE experiment_type_id_seq
    START WITH 1
    INCREMENT BY 1
    NO MAXVALUE
    NO MINVALUE
    CACHE 1;


--
-- Name: experiment_type_id_seq; Type: SEQUENCE SET; Schema: public; Owner: -
--

SELECT pg_catalog.setval('experiment_type_id_seq', 1, true);


--
-- Name: experiment_type_property_types; Type: TABLE; Schema: public; Owner: -; Tablespace: 
--

CREATE TABLE experiment_type_property_types (
    id tech_id NOT NULL,
    exty_id tech_id NOT NULL,
    prty_id tech_id NOT NULL,
    is_mandatory boolean_char DEFAULT false NOT NULL,
    is_managed_internally boolean_char DEFAULT false NOT NULL,
    pers_id_registerer tech_id NOT NULL,
    registration_timestamp time_stamp_dfl DEFAULT now() NOT NULL,
    ordinal ordinal_int NOT NULL,
    section description_2000
);


--
-- Name: experiment_types; Type: TABLE; Schema: public; Owner: -; Tablespace: 
--

CREATE TABLE experiment_types (
    id tech_id NOT NULL,
    code code NOT NULL,
    description description_2000,
    dbin_id tech_id NOT NULL,
    modification_timestamp time_stamp DEFAULT now()
);


--
-- Name: experiments; Type: TABLE; Schema: public; Owner: -; Tablespace: 
--

CREATE TABLE experiments (
    id tech_id NOT NULL,
    perm_id code NOT NULL,
    code code NOT NULL,
    exty_id tech_id NOT NULL,
    mate_id_study_object tech_id,
    pers_id_registerer tech_id NOT NULL,
    registration_timestamp time_stamp_dfl DEFAULT now() NOT NULL,
    modification_timestamp time_stamp DEFAULT now(),
    proj_id tech_id NOT NULL,
    inva_id tech_id,
    is_public boolean_char DEFAULT false NOT NULL
);


--
-- Name: external_data; Type: TABLE; Schema: public; Owner: -; Tablespace: 
--

CREATE TABLE external_data (
    data_id tech_id NOT NULL,
    location character varying(1024) NOT NULL,
    ffty_id tech_id NOT NULL,
    loty_id tech_id NOT NULL,
    cvte_id_stor_fmt tech_id NOT NULL,
    is_complete boolean_char_or_unknown DEFAULT 'U'::bpchar NOT NULL,
    cvte_id_store tech_id,
    status archiving_status DEFAULT 'AVAILABLE'::character varying NOT NULL
);


--
-- Name: file_format_type_id_seq; Type: SEQUENCE; Schema: public; Owner: -
--

CREATE SEQUENCE file_format_type_id_seq
    START WITH 1
    INCREMENT BY 1
    NO MAXVALUE
    NO MINVALUE
    CACHE 1;


--
-- Name: file_format_type_id_seq; Type: SEQUENCE SET; Schema: public; Owner: -
--

SELECT pg_catalog.setval('file_format_type_id_seq', 6, true);


--
-- Name: file_format_types; Type: TABLE; Schema: public; Owner: -; Tablespace: 
--

CREATE TABLE file_format_types (
    id tech_id NOT NULL,
    code code NOT NULL,
    description description_2000,
    dbin_id tech_id NOT NULL
);


--
-- Name: filter_id_seq; Type: SEQUENCE; Schema: public; Owner: -
--

CREATE SEQUENCE filter_id_seq
    START WITH 1
    INCREMENT BY 1
    NO MAXVALUE
    NO MINVALUE
    CACHE 1;


--
-- Name: filter_id_seq; Type: SEQUENCE SET; Schema: public; Owner: -
--

SELECT pg_catalog.setval('filter_id_seq', 1, true);


--
-- Name: filters; Type: TABLE; Schema: public; Owner: -; Tablespace: 
--

CREATE TABLE filters (
    id tech_id NOT NULL,
    dbin_id tech_id NOT NULL,
    name character varying(200) NOT NULL,
    description description_2000,
    registration_timestamp time_stamp_dfl DEFAULT now() NOT NULL,
    pers_id_registerer tech_id NOT NULL,
    modification_timestamp time_stamp DEFAULT now(),
    expression character varying(2000) NOT NULL,
    is_public boolean NOT NULL,
    grid_id character varying(200) NOT NULL
);


--
-- Name: grid_custom_columns; Type: TABLE; Schema: public; Owner: -; Tablespace: 
--

CREATE TABLE grid_custom_columns (
    id tech_id NOT NULL,
    dbin_id tech_id NOT NULL,
    code character varying(200) NOT NULL,
    label column_label NOT NULL,
    description description_2000,
    registration_timestamp time_stamp_dfl DEFAULT now() NOT NULL,
    pers_id_registerer tech_id NOT NULL,
    modification_timestamp time_stamp DEFAULT now(),
    expression grid_expression NOT NULL,
    is_public boolean NOT NULL,
    grid_id grid_id NOT NULL
);


--
-- Name: grid_custom_columns_id_seq; Type: SEQUENCE; Schema: public; Owner: -
--

CREATE SEQUENCE grid_custom_columns_id_seq
    START WITH 1
    INCREMENT BY 1
    NO MAXVALUE
    NO MINVALUE
    CACHE 1;


--
-- Name: grid_custom_columns_id_seq; Type: SEQUENCE SET; Schema: public; Owner: -
--

SELECT pg_catalog.setval('grid_custom_columns_id_seq', 1, false);


--
-- Name: group_id_seq; Type: SEQUENCE; Schema: public; Owner: -
--

CREATE SEQUENCE group_id_seq
    START WITH 1
    INCREMENT BY 1
    NO MAXVALUE
    NO MINVALUE
    CACHE 1;


--
-- Name: group_id_seq; Type: SEQUENCE SET; Schema: public; Owner: -
--

SELECT pg_catalog.setval('group_id_seq', 1, true);


--
-- Name: groups; Type: TABLE; Schema: public; Owner: -; Tablespace: 
--

CREATE TABLE groups (
    id tech_id NOT NULL,
    code code NOT NULL,
    dbin_id tech_id NOT NULL,
    description description_2000,
    registration_timestamp time_stamp_dfl DEFAULT now() NOT NULL,
    pers_id_registerer tech_id NOT NULL
);


--
-- Name: invalidation_id_seq; Type: SEQUENCE; Schema: public; Owner: -
--

CREATE SEQUENCE invalidation_id_seq
    START WITH 1
    INCREMENT BY 1
    NO MAXVALUE
    NO MINVALUE
    CACHE 1;


--
-- Name: invalidation_id_seq; Type: SEQUENCE SET; Schema: public; Owner: -
--

SELECT pg_catalog.setval('invalidation_id_seq', 1, false);


--
-- Name: invalidations; Type: TABLE; Schema: public; Owner: -; Tablespace: 
--

CREATE TABLE invalidations (
    id tech_id NOT NULL,
    pers_id_registerer tech_id NOT NULL,
    registration_timestamp time_stamp_dfl DEFAULT now() NOT NULL,
    reason description_2000
);


--
-- Name: locator_type_id_seq; Type: SEQUENCE; Schema: public; Owner: -
--

CREATE SEQUENCE locator_type_id_seq
    START WITH 1
    INCREMENT BY 1
    NO MAXVALUE
    NO MINVALUE
    CACHE 1;


--
-- Name: locator_type_id_seq; Type: SEQUENCE SET; Schema: public; Owner: -
--

SELECT pg_catalog.setval('locator_type_id_seq', 1, true);


--
-- Name: locator_types; Type: TABLE; Schema: public; Owner: -; Tablespace: 
--

CREATE TABLE locator_types (
    id tech_id NOT NULL,
    code code NOT NULL,
    description description_2000
);


--
-- Name: material_id_seq; Type: SEQUENCE; Schema: public; Owner: -
--

CREATE SEQUENCE material_id_seq
    START WITH 1
    INCREMENT BY 1
    NO MAXVALUE
    NO MINVALUE
    CACHE 1;


--
-- Name: material_id_seq; Type: SEQUENCE SET; Schema: public; Owner: -
--

SELECT pg_catalog.setval('material_id_seq', 1, false);


--
-- Name: material_properties; Type: TABLE; Schema: public; Owner: -; Tablespace: 
--

CREATE TABLE material_properties (
    id tech_id NOT NULL,
    mate_id tech_id NOT NULL,
    mtpt_id tech_id NOT NULL,
    value generic_value,
    registration_timestamp time_stamp_dfl DEFAULT now() NOT NULL,
    modification_timestamp time_stamp DEFAULT now(),
    pers_id_registerer tech_id NOT NULL,
    cvte_id tech_id,
    mate_prop_id tech_id,
    CONSTRAINT mapr_ck CHECK ((((((value IS NOT NULL) AND (cvte_id IS NULL)) AND (mate_prop_id IS NULL)) OR (((value IS NULL) AND (cvte_id IS NOT NULL)) AND (mate_prop_id IS NULL))) OR (((value IS NULL) AND (cvte_id IS NULL)) AND (mate_prop_id IS NOT NULL))))
);


--
-- Name: material_property_id_seq; Type: SEQUENCE; Schema: public; Owner: -
--

CREATE SEQUENCE material_property_id_seq
    START WITH 1
    INCREMENT BY 1
    NO MAXVALUE
    NO MINVALUE
    CACHE 1;


--
-- Name: material_property_id_seq; Type: SEQUENCE SET; Schema: public; Owner: -
--

SELECT pg_catalog.setval('material_property_id_seq', 1, false);


--
-- Name: material_type_id_seq; Type: SEQUENCE; Schema: public; Owner: -
--

CREATE SEQUENCE material_type_id_seq
    START WITH 1
    INCREMENT BY 1
    NO MAXVALUE
    NO MINVALUE
    CACHE 1;


--
-- Name: material_type_id_seq; Type: SEQUENCE SET; Schema: public; Owner: -
--

SELECT pg_catalog.setval('material_type_id_seq', 2, true);


--
-- Name: material_type_property_types; Type: TABLE; Schema: public; Owner: -; Tablespace: 
--

CREATE TABLE material_type_property_types (
    id tech_id NOT NULL,
    maty_id tech_id NOT NULL,
    prty_id tech_id NOT NULL,
    is_mandatory boolean_char DEFAULT false NOT NULL,
    is_managed_internally boolean_char DEFAULT false NOT NULL,
    registration_timestamp time_stamp_dfl DEFAULT now() NOT NULL,
    pers_id_registerer tech_id NOT NULL,
    ordinal ordinal_int NOT NULL,
    section description_2000
);


--
-- Name: material_types; Type: TABLE; Schema: public; Owner: -; Tablespace: 
--

CREATE TABLE material_types (
    id tech_id NOT NULL,
    code code NOT NULL,
    description description_2000,
    dbin_id tech_id NOT NULL,
    modification_timestamp time_stamp DEFAULT now()
);


--
-- Name: materials; Type: TABLE; Schema: public; Owner: -; Tablespace: 
--

CREATE TABLE materials (
    id tech_id NOT NULL,
    code code NOT NULL,
    maty_id tech_id NOT NULL,
    pers_id_registerer tech_id NOT NULL,
    registration_timestamp time_stamp_dfl DEFAULT now() NOT NULL,
    modification_timestamp time_stamp DEFAULT now(),
    dbin_id tech_id NOT NULL
);


--
-- Name: mtpt_id_seq; Type: SEQUENCE; Schema: public; Owner: -
--

CREATE SEQUENCE mtpt_id_seq
    START WITH 1
    INCREMENT BY 1
    NO MAXVALUE
    NO MINVALUE
    CACHE 1;


--
-- Name: mtpt_id_seq; Type: SEQUENCE SET; Schema: public; Owner: -
--

SELECT pg_catalog.setval('mtpt_id_seq', 1, false);


--
-- Name: perm_id_seq; Type: SEQUENCE; Schema: public; Owner: -
--

CREATE SEQUENCE perm_id_seq
    START WITH 1
    INCREMENT BY 1
    NO MAXVALUE
    NO MINVALUE
    CACHE 1;


--
-- Name: perm_id_seq; Type: SEQUENCE SET; Schema: public; Owner: -
--

SELECT pg_catalog.setval('perm_id_seq', 100, true);


--
-- Name: person_id_seq; Type: SEQUENCE; Schema: public; Owner: -
--

CREATE SEQUENCE person_id_seq
    START WITH 1
    INCREMENT BY 1
    NO MAXVALUE
    NO MINVALUE
    CACHE 1;


--
-- Name: person_id_seq; Type: SEQUENCE SET; Schema: public; Owner: -
--

SELECT pg_catalog.setval('person_id_seq', 14, true);


--
-- Name: persons; Type: TABLE; Schema: public; Owner: -; Tablespace: 
--

CREATE TABLE persons (
    id tech_id NOT NULL,
    first_name character varying(30),
    last_name character varying(30),
    user_id user_id NOT NULL,
    email object_name,
    dbin_id tech_id NOT NULL,
    grou_id tech_id,
    registration_timestamp time_stamp_dfl DEFAULT now() NOT NULL,
    pers_id_registerer tech_id,
    display_settings file
);


--
-- Name: project_id_seq; Type: SEQUENCE; Schema: public; Owner: -
--

CREATE SEQUENCE project_id_seq
    START WITH 1
    INCREMENT BY 1
    NO MAXVALUE
    NO MINVALUE
    CACHE 1;


--
-- Name: project_id_seq; Type: SEQUENCE SET; Schema: public; Owner: -
--

SELECT pg_catalog.setval('project_id_seq', 1, true);


--
-- Name: projects; Type: TABLE; Schema: public; Owner: -; Tablespace: 
--

CREATE TABLE projects (
    id tech_id NOT NULL,
    code code NOT NULL,
    grou_id tech_id NOT NULL,
    pers_id_leader tech_id,
    description description_2000,
    pers_id_registerer tech_id NOT NULL,
    registration_timestamp time_stamp_dfl DEFAULT now() NOT NULL,
    modification_timestamp time_stamp DEFAULT now()
);


--
-- Name: property_type_id_seq; Type: SEQUENCE; Schema: public; Owner: -
--

CREATE SEQUENCE property_type_id_seq
    START WITH 1
    INCREMENT BY 1
    NO MAXVALUE
    NO MINVALUE
    CACHE 1;


--
-- Name: property_type_id_seq; Type: SEQUENCE SET; Schema: public; Owner: -
--

SELECT pg_catalog.setval('property_type_id_seq', 18, true);


--
-- Name: property_types; Type: TABLE; Schema: public; Owner: -; Tablespace: 
--

CREATE TABLE property_types (
    id tech_id NOT NULL,
    code code NOT NULL,
    description description_2000 NOT NULL,
    label column_label NOT NULL,
    daty_id tech_id NOT NULL,
    registration_timestamp time_stamp_dfl DEFAULT now() NOT NULL,
    pers_id_registerer tech_id NOT NULL,
    covo_id tech_id,
    is_managed_internally boolean_char DEFAULT false NOT NULL,
    is_internal_namespace boolean_char DEFAULT false NOT NULL,
    dbin_id tech_id NOT NULL,
    maty_prop_id tech_id
);


--
-- Name: queries; Type: TABLE; Schema: public; Owner: -; Tablespace: 
--

CREATE TABLE queries (
    id tech_id NOT NULL,
    dbin_id tech_id NOT NULL,
    name character varying(200) NOT NULL,
    description description_2000,
    registration_timestamp time_stamp_dfl DEFAULT now() NOT NULL,
    pers_id_registerer tech_id NOT NULL,
    modification_timestamp time_stamp DEFAULT now(),
    expression character varying(2000) NOT NULL,
    is_public boolean NOT NULL,
    query_type query_type NOT NULL,
    db_key code DEFAULT '1'::character varying NOT NULL
);


--
-- Name: query_id_seq; Type: SEQUENCE; Schema: public; Owner: -
--

CREATE SEQUENCE query_id_seq
    START WITH 1
    INCREMENT BY 1
    NO MAXVALUE
    NO MINVALUE
    CACHE 1;


--
-- Name: query_id_seq; Type: SEQUENCE SET; Schema: public; Owner: -
--

SELECT pg_catalog.setval('query_id_seq', 1, false);


--
-- Name: role_assignment_id_seq; Type: SEQUENCE; Schema: public; Owner: -
--

CREATE SEQUENCE role_assignment_id_seq
    START WITH 1
    INCREMENT BY 1
    NO MAXVALUE
    NO MINVALUE
    CACHE 1;


--
-- Name: role_assignment_id_seq; Type: SEQUENCE SET; Schema: public; Owner: -
--

SELECT pg_catalog.setval('role_assignment_id_seq', 9, true);


--
-- Name: role_assignments; Type: TABLE; Schema: public; Owner: -; Tablespace: 
--

CREATE TABLE role_assignments (
    id tech_id NOT NULL,
    role_code authorization_role NOT NULL,
    grou_id tech_id,
    dbin_id tech_id,
    pers_id_grantee tech_id,
    ag_id_grantee tech_id,
    pers_id_registerer tech_id NOT NULL,
    registration_timestamp time_stamp_dfl DEFAULT now() NOT NULL,
    CONSTRAINT roas_ag_pers_arc_ck CHECK ((((ag_id_grantee IS NOT NULL) AND (pers_id_grantee IS NULL)) OR ((ag_id_grantee IS NULL) AND (pers_id_grantee IS NOT NULL)))),
    CONSTRAINT roas_dbin_grou_arc_ck CHECK ((((dbin_id IS NOT NULL) AND (grou_id IS NULL)) OR ((dbin_id IS NULL) AND (grou_id IS NOT NULL))))
);


--
-- Name: sample_id_seq; Type: SEQUENCE; Schema: public; Owner: -
--

CREATE SEQUENCE sample_id_seq
    START WITH 1
    INCREMENT BY 1
    NO MAXVALUE
    NO MINVALUE
    CACHE 1;


--
-- Name: sample_id_seq; Type: SEQUENCE SET; Schema: public; Owner: -
--

SELECT pg_catalog.setval('sample_id_seq', 1, true);


--
-- Name: sample_properties; Type: TABLE; Schema: public; Owner: -; Tablespace: 
--

CREATE TABLE sample_properties (
    id tech_id NOT NULL,
    samp_id tech_id NOT NULL,
    stpt_id tech_id NOT NULL,
    value generic_value,
    cvte_id tech_id,
    mate_prop_id tech_id,
    pers_id_registerer tech_id NOT NULL,
    registration_timestamp time_stamp_dfl DEFAULT now() NOT NULL,
    modification_timestamp time_stamp DEFAULT now(),
    CONSTRAINT sapr_ck CHECK ((((((value IS NOT NULL) AND (cvte_id IS NULL)) AND (mate_prop_id IS NULL)) OR (((value IS NULL) AND (cvte_id IS NOT NULL)) AND (mate_prop_id IS NULL))) OR (((value IS NULL) AND (cvte_id IS NULL)) AND (mate_prop_id IS NOT NULL))))
);


--
-- Name: sample_property_id_seq; Type: SEQUENCE; Schema: public; Owner: -
--

CREATE SEQUENCE sample_property_id_seq
    START WITH 1
    INCREMENT BY 1
    NO MAXVALUE
    NO MINVALUE
    CACHE 1;


--
-- Name: sample_property_id_seq; Type: SEQUENCE SET; Schema: public; Owner: -
--

SELECT pg_catalog.setval('sample_property_id_seq', 1, true);


--
-- Name: sample_type_id_seq; Type: SEQUENCE; Schema: public; Owner: -
--

CREATE SEQUENCE sample_type_id_seq
    START WITH 1
    INCREMENT BY 1
    NO MAXVALUE
    NO MINVALUE
    CACHE 1;


--
-- Name: sample_type_id_seq; Type: SEQUENCE SET; Schema: public; Owner: -
--

SELECT pg_catalog.setval('sample_type_id_seq', 2, true);


--
-- Name: sample_type_property_types; Type: TABLE; Schema: public; Owner: -; Tablespace: 
--

CREATE TABLE sample_type_property_types (
    id tech_id NOT NULL,
    saty_id tech_id NOT NULL,
    prty_id tech_id NOT NULL,
    is_mandatory boolean_char DEFAULT false NOT NULL,
    is_managed_internally boolean_char DEFAULT false NOT NULL,
    pers_id_registerer tech_id NOT NULL,
    registration_timestamp time_stamp_dfl DEFAULT now() NOT NULL,
    is_displayed boolean_char DEFAULT true NOT NULL,
    ordinal ordinal_int NOT NULL,
    section description_2000
);


--
-- Name: sample_types; Type: TABLE; Schema: public; Owner: -; Tablespace: 
--

CREATE TABLE sample_types (
    id tech_id NOT NULL,
    code code NOT NULL,
    description description_2000,
    dbin_id tech_id NOT NULL,
    is_listable boolean_char DEFAULT true NOT NULL,
    generated_from_depth integer DEFAULT 0 NOT NULL,
    part_of_depth integer DEFAULT 0 NOT NULL,
    modification_timestamp time_stamp DEFAULT now(),
    is_auto_generated_code boolean_char DEFAULT false NOT NULL,
    generated_code_prefix code DEFAULT 'S'::character varying NOT NULL,
    is_subcode_unique boolean_char DEFAULT false NOT NULL
);


--
-- Name: samples; Type: TABLE; Schema: public; Owner: -; Tablespace: 
--

CREATE TABLE samples (
    id tech_id NOT NULL,
    perm_id code NOT NULL,
    code code NOT NULL,
    expe_id tech_id,
    samp_id_top tech_id,
    samp_id_generated_from tech_id,
    saty_id tech_id NOT NULL,
    registration_timestamp time_stamp_dfl DEFAULT now() NOT NULL,
    modification_timestamp time_stamp DEFAULT now(),
    pers_id_registerer tech_id NOT NULL,
    inva_id tech_id,
    samp_id_control_layout tech_id,
    dbin_id tech_id,
    grou_id tech_id,
    samp_id_part_of tech_id,
    CONSTRAINT samp_dbin_grou_arc_ck CHECK ((((dbin_id IS NOT NULL) AND (grou_id IS NULL)) OR ((dbin_id IS NULL) AND (grou_id IS NOT NULL))))
);


--
-- Name: stpt_id_seq; Type: SEQUENCE; Schema: public; Owner: -
--

CREATE SEQUENCE stpt_id_seq
    START WITH 1
    INCREMENT BY 1
    NO MAXVALUE
    NO MINVALUE
    CACHE 1;


--
-- Name: stpt_id_seq; Type: SEQUENCE SET; Schema: public; Owner: -
--

SELECT pg_catalog.setval('stpt_id_seq', 18, true);


--
-- Data for Name: attachment_contents; Type: TABLE DATA; Schema: public; Owner: -
--

COPY attachment_contents (id, value) FROM stdin;
\.


--
-- Data for Name: attachments; Type: TABLE DATA; Schema: public; Owner: -
--

COPY attachments (id, expe_id, samp_id, proj_id, exac_id, file_name, registration_timestamp, version, pers_id_registerer, title, description) FROM stdin;
\.


--
-- Data for Name: authorization_group_persons; Type: TABLE DATA; Schema: public; Owner: -
--

COPY authorization_group_persons (ag_id, pers_id) FROM stdin;
1	8
1	9
1	7
1	5
2	4
2	6
2	10
2	11
2	12
2	13
\.


--
-- Data for Name: authorization_groups; Type: TABLE DATA; Schema: public; Owner: -
--

COPY authorization_groups (id, dbin_id, code, description, registration_timestamp, pers_id_registerer, modification_timestamp) FROM stdin;
1	1	YEAST_LAB_USERS	\N	2010-05-31 13:56:09.374057+02	1	2010-05-31 21:13:25.907+02
2	1	CISD_ADMINS	\N	2010-05-31 21:13:52.3511+02	1	2010-06-01 10:00:46.224+02
\.


--
-- Data for Name: controlled_vocabularies; Type: TABLE DATA; Schema: public; Owner: -
--

COPY controlled_vocabularies (id, code, description, registration_timestamp, pers_id_registerer, is_managed_internally, is_internal_namespace, dbin_id, modification_timestamp, is_chosen_from_list, source_uri) FROM stdin;
1	STORAGE_FORMAT	The on-disk storage format of a data set	2010-05-26 13:38:36.62686+02	1	t	t	1	2010-05-26 13:38:36.62686+02	t	\N
2	OWNER	\N	2010-05-26 17:29:55.9819+02	1	f	f	1	2010-05-26 17:29:56.019+02	t	\N
5	BACTERIAL_ANTIBIOTIC_RESISTANCE	Bacterial Antibiotic Resistance	2010-05-26 17:37:11.497201+02	1	f	f	1	2010-05-26 17:37:11.497+02	t	\N
4	YEAST_MARKER	Yeast Marker	2010-05-26 17:35:36.30475+02	1	f	f	1	2010-05-26 17:35:36.305+02	t	\N
3	BACKBONE	\N	2010-05-26 17:32:30.058024+02	1	f	f	1	2010-05-26 17:32:30.058+02	t	\N
6	BOX_SIZE	\N	2010-05-26 21:54:23.206312+02	1	f	f	1	2010-05-27 17:48:35.162+02	t	\N
7	STORAGE_POSITION_ROW	Row in the Box	2010-05-27 17:58:08.636202+02	1	f	f	1	2010-05-27 17:58:08.651+02	t	\N
\.


--
-- Data for Name: controlled_vocabulary_terms; Type: TABLE DATA; Schema: public; Owner: -
--

COPY controlled_vocabulary_terms (id, code, registration_timestamp, covo_id, pers_id_registerer, label, description, ordinal) FROM stdin;
1	PROPRIETARY	2010-05-26 13:38:36.62686+02	1	1	\N	\N	1
2	BDS_DIRECTORY	2010-05-26 13:38:36.62686+02	1	1	\N	\N	2
3	FABIAN_RUDOLF	2010-05-26 17:29:55.9819+02	2	1	Fabian Rudolf	\N	1
4	KRISTINA_ELFSTROM	2010-05-26 17:29:55.9819+02	2	1	Kristina Elfstrm	\N	2
5	DIANA_OTTOZ	2010-05-26 17:29:55.9819+02	2	1	Diana Ottoz	\N	3
6	BEATA_MIERZWA	2010-05-26 17:29:55.9819+02	2	1	Beata Mierzwa	\N	4
8	MAREIKE_BONGERS	2010-05-26 17:29:55.9819+02	2	1	Mareike Bongers	\N	6
9	MARIO_MARICHISIO	2010-05-26 17:29:55.9819+02	2	1	Mario Marchisio	\N	7
11	PBSN	2010-05-26 17:32:30.058024+02	3	1	pBSN	\N	2
12	PSPPOLY_A	2010-05-26 17:32:30.058024+02	3	1	pSPpoly(A)	\N	3
13	PF6A	2010-05-26 17:32:30.058024+02	3	1	pF6a	\N	4
14	PKERG10Y	2010-05-26 17:32:30.058024+02	3	1	pKERG10y	\N	5
15	PKERG11Y	2010-05-26 17:32:30.058024+02	3	1	pKERG11y	\N	6
16	PKERG12Y	2010-05-26 17:32:30.058024+02	3	1	pKERG12y	\N	7
17	PKERG20Y	2010-05-26 17:32:30.058024+02	3	1	pKERG20y	\N	8
18	PKERG21Y	2010-05-26 17:32:30.058024+02	3	1	pKERG21y	\N	9
19	PKERG22Y	2010-05-26 17:32:30.058024+02	3	1	pKERG22y	\N	10
20	PRS30Y	2010-05-26 17:32:30.058024+02	3	1	pRS30y	\N	11
21	PRS31Y	2010-05-26 17:32:30.058024+02	3	1	pRS31y	\N	12
22	PRS40Y	2010-05-26 17:32:30.058024+02	3	1	pRS40y	\N	13
23	PRS41Y	2010-05-26 17:32:30.058024+02	3	1	pRS41y	\N	14
24	PRS42Y	2010-05-26 17:32:30.058024+02	3	1	pRS42y	\N	15
25	PET22B	2010-05-26 17:32:30.058024+02	3	1	pET22b	\N	16
26	UNKNOWN	2010-05-26 17:32:30.058024+02	3	1	(unknown)	\N	17
27	URA3	2010-05-26 17:35:36.30475+02	4	1	URA3	\N	1
28	HIS3	2010-05-26 17:35:36.30475+02	4	1	HIS3	\N	2
29	LEU2	2010-05-26 17:35:36.30475+02	4	1	LEU2	\N	3
30	TRP1	2010-05-26 17:35:36.30475+02	4	1	TRP1	\N	4
31	MET15	2010-05-26 17:35:36.30475+02	4	1	MET15	\N	5
32	LYS2	2010-05-26 17:35:36.30475+02	4	1	LYS2	\N	6
33	ADE1	2010-05-26 17:35:36.30475+02	4	1	ADE1	\N	7
34	KANMX	2010-05-26 17:35:36.30475+02	4	1	KanMX	\N	8
35	NATMX	2010-05-26 17:35:36.30475+02	4	1	NatMX	\N	9
36	HYGMX	2010-05-26 17:35:36.30475+02	4	1	HygMX	\N	10
37	URA3MX	2010-05-26 17:35:36.30475+02	4	1	Ura3MX	\N	11
38	HIS3MX	2010-05-26 17:35:36.30475+02	4	1	His3MX	\N	12
39	BLA	2010-05-26 17:37:11.497201+02	5	1	\N	\N	1
40	KAN	2010-05-26 17:37:11.497201+02	5	1	\N	\N	2
41	CAM	2010-05-26 17:37:11.497201+02	5	1	\N	\N	3
7	ROBERT_GNUGGE	2010-05-26 17:29:55.9819+02	2	1	Robert Gnuegge	\N	5
44	96_WELL	2010-05-27 17:48:24.846982+02	6	1	96 Well (8x12)	\N	2
45	384_WELL	2010-05-27 17:48:35.150109+02	6	1	384 Well (16x24)	\N	3
46	A	2010-05-27 17:58:08.636202+02	7	1	\N	\N	1
47	B	2010-05-27 17:58:08.636202+02	7	1	\N	\N	2
48	C	2010-05-27 17:58:08.636202+02	7	1	\N	\N	3
49	D	2010-05-27 17:58:08.636202+02	7	1	\N	\N	4
50	E	2010-05-27 17:58:08.636202+02	7	1	\N	\N	5
51	F	2010-05-27 17:58:08.636202+02	7	1	\N	\N	6
52	G	2010-05-27 17:58:08.636202+02	7	1	\N	\N	7
53	H	2010-05-27 17:58:08.636202+02	7	1	\N	\N	8
54	I	2010-05-27 17:58:08.636202+02	7	1	\N	\N	9
55	J	2010-05-27 17:58:08.636202+02	7	1	\N	\N	10
56	K	2010-05-27 17:58:08.636202+02	7	1	\N	\N	11
57	L	2010-05-27 17:58:08.636202+02	7	1	\N	\N	12
58	M	2010-05-27 17:58:08.636202+02	7	1	\N	\N	13
59	N	2010-05-27 17:58:08.636202+02	7	1	\N	\N	14
60	O	2010-05-27 17:58:08.636202+02	7	1	\N	\N	15
61	P	2010-05-27 17:58:08.636202+02	7	1	\N	\N	16
10	PBLUESCRIPT_II_KS_PLUS	2010-05-26 17:32:30.058024+02	3	1	pBluescript II KS +	\N	1
42	81_BOX	2010-05-26 21:54:23.206312+02	6	1	81 Box (9x9)	\N	1
\.


--
-- Data for Name: data; Type: TABLE DATA; Schema: public; Owner: -
--

COPY data (id, code, dsty_id, dast_id, expe_id, data_producer_code, production_timestamp, samp_id, registration_timestamp, is_placeholder, is_valid, modification_timestamp, is_derived) FROM stdin;
\.


--
-- Data for Name: data_set_properties; Type: TABLE DATA; Schema: public; Owner: -
--

COPY data_set_properties (id, ds_id, dstpt_id, value, cvte_id, mate_prop_id, pers_id_registerer, registration_timestamp, modification_timestamp) FROM stdin;
\.


--
-- Data for Name: data_set_relationships; Type: TABLE DATA; Schema: public; Owner: -
--

COPY data_set_relationships (data_id_parent, data_id_child) FROM stdin;
\.


--
-- Data for Name: data_set_type_property_types; Type: TABLE DATA; Schema: public; Owner: -
--

COPY data_set_type_property_types (id, dsty_id, prty_id, is_mandatory, is_managed_internally, pers_id_registerer, registration_timestamp, ordinal, section) FROM stdin;
1	1	17	t	f	1	2010-05-30 12:56:12.273594+02	1	\N
2	2	17	t	f	1	2010-05-30 12:56:22.039873+02	1	\N
3	3	17	t	f	1	2010-05-30 12:56:29.902648+02	1	\N
4	4	17	t	f	1	2010-05-30 12:56:29.902648+02	1	\N
\.


--
-- Data for Name: data_set_types; Type: TABLE DATA; Schema: public; Owner: -
--

COPY data_set_types (id, code, description, dbin_id, modification_timestamp, main_ds_pattern, main_ds_path) FROM stdin;
1	UNKNOWN	\N	1	2010-05-26 17:41:21.272491+02	\N	\N
2	GB	\N	1	2010-05-26 17:41:21.272491+02	\N	\N
3	SEQUENCING	\N	1	2010-05-26 17:41:58.696032+02	\N	\N
4	VERIFICATION	\N	1	2010-05-26 17:42:07.328466+02	*.*	\N
\.


--
-- Data for Name: data_store_service_data_set_types; Type: TABLE DATA; Schema: public; Owner: -
--

COPY data_store_service_data_set_types (data_store_service_id, data_set_type_id) FROM stdin;
\.


--
-- Data for Name: data_store_services; Type: TABLE DATA; Schema: public; Owner: -
--

COPY data_store_services (id, key, label, kind, data_store_id) FROM stdin;
\.


--
-- Data for Name: data_stores; Type: TABLE DATA; Schema: public; Owner: -
--

COPY data_stores (id, dbin_id, code, download_url, remote_url, session_token, registration_timestamp, modification_timestamp, is_archiver_configured) FROM stdin;
1	1	DSS1	http://localhost:8889	http://127.0.0.1:8889	100602084423180-FD91B3AB8DF8337EC55D3A7443C03192	2010-05-26 13:38:36.62686+02	2010-06-02 08:44:23.384+02	f
\.


--
-- Data for Name: data_types; Type: TABLE DATA; Schema: public; Owner: -
--

COPY data_types (id, code, description) FROM stdin;
1	VARCHAR	Short text
2	MULTILINE_VARCHAR	Long text
3	INTEGER	Integer number
4	REAL	Real number, i.e. an inexact, variable-precision numeric type
5	BOOLEAN	True or False
6	TIMESTAMP	Both date and time. Format: yyyy-mm-dd hh:mm:ss
7	CONTROLLEDVOCABULARY	Controlled Vocabulary
8	MATERIAL	Reference to a material
9	HYPERLINK	Address of a web page
\.


--
-- Data for Name: database_instances; Type: TABLE DATA; Schema: public; Owner: -
--

COPY database_instances (id, code, uuid, is_original_source, registration_timestamp) FROM stdin;
1	CSB	7ABDB8A8-969C-4E83-BC56-487752B8E6B7	t	2010-05-26 13:38:36.62686+02
\.


--
-- Data for Name: database_version_logs; Type: TABLE DATA; Schema: public; Owner: -
--

COPY database_version_logs (db_version, module_name, run_status, run_status_timestamp, module_code, run_exception) FROM stdin;
053	./source//sql/postgresql/migration/migration-052-053.sql	SUCCESS	2010-06-07 08:14:25.176	-- Migration from 052 to 053\\012\\012-- Change code uniqueness check for samples of specific type.\\012-- If sample_types.is_unique_code flag is set to 'true', codes of samples of the type will need to\\012-- be unique no matter if they are contained in a container or not. Otherwise standard uniqueness \\012-- check is performed (taking container connection into consideration).\\012\\012ALTER TABLE sample_types ADD COLUMN is_unique_code boolean_char NOT NULL DEFAULT false;\\012\\012CREATE OR REPLACE FUNCTION SAMPLE_CODE_UNIQUENESS_CHECK() RETURNS trigger AS $$\\012DECLARE\\012   counter  INTEGER;\\012   unique_type_code  BOOLEAN_CHAR;\\012BEGIN\\012  LOCK TABLE samples IN EXCLUSIVE MODE;\\012  \\012  SELECT is_unique_code into unique_type_code FROM sample_types WHERE id = NEW.saty_id;\\012  \\012  IF (unique_type_code) THEN\\012    IF (NEW.dbin_id is not NULL) THEN\\012\\011\\011\\011SELECT count(*) into counter FROM samples \\012\\011\\011\\011\\011where id != NEW.id and code = NEW.code and saty_id = NEW.saty_id and dbin_id = NEW.dbin_id;\\012\\011\\011\\011IF (counter > 0) THEN\\012\\011\\011\\011\\011RAISE EXCEPTION 'Insert/Update of Sample (Code: %) failed because database instance sample of the same type with the same code already exists.', NEW.code;\\012\\011\\011\\011END IF;\\012\\011\\011ELSIF (NEW.grou_id is not NULL) THEN\\012\\011\\011\\011SELECT count(*) into counter FROM samples \\012\\011\\011\\011\\011where id != NEW.id and code = NEW.code and saty_id = NEW.saty_id and grou_id = NEW.grou_id;\\012\\011\\011\\011IF (counter > 0) THEN\\012\\011\\011\\011\\011RAISE EXCEPTION 'Insert/Update of Sample (Code: %) failed because space sample of the same type with the same code already exists.', NEW.code;\\012\\011\\011\\011END IF;\\012\\011\\011END IF;\\012  ELSE \\011\\012\\011  IF (NEW.samp_id_part_of is NULL) THEN\\012\\011\\011  IF (NEW.dbin_id is not NULL) THEN\\012\\011\\011\\011  SELECT count(*) into counter FROM samples \\012\\011\\011      where id != NEW.id and code = NEW.code and samp_id_part_of is NULL and dbin_id = NEW.dbin_id;\\012        IF (counter > 0) THEN\\012\\011\\011\\011\\011  RAISE EXCEPTION 'Insert/Update of Sample (Code: %) failed because database instance sample with the same code already exists.', NEW.code;\\012        END IF;\\012\\011\\011  ELSIF (NEW.grou_id is not NULL) THEN\\012\\011\\011\\011  SELECT count(*) into counter FROM samples \\012\\011\\011\\011\\011  where id != NEW.id and code = NEW.code and samp_id_part_of is NULL and grou_id = NEW.grou_id;\\012\\011\\011\\011  IF (counter > 0) THEN\\012\\011\\011\\011\\011  RAISE EXCEPTION 'Insert/Update of Sample (Code: %) failed because space sample with the same code already exists.', NEW.code;\\012\\011\\011\\011  END IF;\\012      END IF;\\012    ELSE\\012\\011\\011  IF (NEW.dbin_id is not NULL) THEN\\012\\011\\011\\011  SELECT count(*) into counter FROM samples \\012\\011\\011\\011\\011  where id != NEW.id and code = NEW.code and samp_id_part_of = NEW.samp_id_part_of and dbin_id = NEW.dbin_id;\\012\\011\\011\\011  IF (counter > 0) THEN\\012\\011\\011\\011\\011  RAISE EXCEPTION 'Insert/Update of Sample (Code: %) failed because database instance sample with the same code and being the part of the same container already exists.', NEW.code;\\012\\011\\011\\011  END IF;\\012\\011\\011  ELSIF (NEW.grou_id is not NULL) THEN\\012\\011\\011\\011  SELECT count(*) into counter FROM samples \\012\\011\\011\\011\\011  where id != NEW.id and code = NEW.code and samp_id_part_of = NEW.samp_id_part_of and grou_id = NEW.grou_id;\\012\\011\\011\\011  IF (counter > 0) THEN\\012\\011\\011\\011\\011  RAISE EXCEPTION 'Insert/Update of Sample (Code: %) failed because space sample with the same code and being the part of the same container already exists.', NEW.code;\\012\\011\\011\\011  END IF;\\012\\011\\011  END IF;\\012     END IF;   \\012  END IF;\\012  \\012  RETURN NEW;\\012END;\\012$$ LANGUAGE 'plpgsql';\\012	\N
\.


--
-- Data for Name: events; Type: TABLE DATA; Schema: public; Owner: -
--

COPY events (id, event_type, description, reason, pers_id_registerer, registration_timestamp, entity_type, identifier) FROM stdin;
\.


--
-- Data for Name: experiment_properties; Type: TABLE DATA; Schema: public; Owner: -
--

COPY experiment_properties (id, expe_id, etpt_id, value, cvte_id, mate_prop_id, pers_id_registerer, registration_timestamp, modification_timestamp) FROM stdin;
\.


--
-- Data for Name: experiment_type_property_types; Type: TABLE DATA; Schema: public; Owner: -
--

COPY experiment_type_property_types (id, exty_id, prty_id, is_mandatory, is_managed_internally, pers_id_registerer, registration_timestamp, ordinal, section) FROM stdin;
\.


--
-- Data for Name: experiment_types; Type: TABLE DATA; Schema: public; Owner: -
--

COPY experiment_types (id, code, description, dbin_id, modification_timestamp) FROM stdin;
1	PLASMID	\N	1	2010-05-26 13:41:56.662019+02
\.


--
-- Data for Name: experiments; Type: TABLE DATA; Schema: public; Owner: -
--

COPY experiments (id, perm_id, code, exty_id, mate_id_study_object, pers_id_registerer, registration_timestamp, modification_timestamp, proj_id, inva_id, is_public) FROM stdin;
1	20100526134230750-1	EXP_1	1	\N	1	2010-05-26 13:42:30.711108+02	2010-05-31 13:46:27.159+02	1	\N	f
\.


--
-- Data for Name: external_data; Type: TABLE DATA; Schema: public; Owner: -
--

COPY external_data (data_id, location, ffty_id, loty_id, cvte_id_stor_fmt, is_complete, cvte_id_store, status) FROM stdin;
\.


--
-- Data for Name: file_format_types; Type: TABLE DATA; Schema: public; Owner: -
--

COPY file_format_types (id, code, description, dbin_id) FROM stdin;
2	PROPRIETARY	Proprietary Format File	1
\.


--
-- Data for Name: filters; Type: TABLE DATA; Schema: public; Owner: -
--

COPY filters (id, dbin_id, name, description, registration_timestamp, pers_id_registerer, modification_timestamp, expression, is_public, grid_id) FROM stdin;
\.


--
-- Data for Name: grid_custom_columns; Type: TABLE DATA; Schema: public; Owner: -
--

COPY grid_custom_columns (id, dbin_id, code, label, description, registration_timestamp, pers_id_registerer, modification_timestamp, expression, is_public, grid_id) FROM stdin;
\.


--
-- Data for Name: groups; Type: TABLE DATA; Schema: public; Owner: -
--

COPY groups (id, code, dbin_id, description, registration_timestamp, pers_id_registerer) FROM stdin;
1	YEAST_LAB	1	\N	2010-05-26 13:40:16.222552+02	1
\.


--
-- Data for Name: invalidations; Type: TABLE DATA; Schema: public; Owner: -
--

COPY invalidations (id, pers_id_registerer, registration_timestamp, reason) FROM stdin;
\.


--
-- Data for Name: locator_types; Type: TABLE DATA; Schema: public; Owner: -
--

COPY locator_types (id, code, description) FROM stdin;
1	RELATIVE_LOCATION	Relative Location
\.


--
-- Data for Name: material_properties; Type: TABLE DATA; Schema: public; Owner: -
--

COPY material_properties (id, mate_id, mtpt_id, value, registration_timestamp, modification_timestamp, pers_id_registerer, cvte_id, mate_prop_id) FROM stdin;
\.


--
-- Data for Name: material_type_property_types; Type: TABLE DATA; Schema: public; Owner: -
--

COPY material_type_property_types (id, maty_id, prty_id, is_mandatory, is_managed_internally, registration_timestamp, pers_id_registerer, ordinal, section) FROM stdin;
\.


--
-- Data for Name: material_types; Type: TABLE DATA; Schema: public; Owner: -
--

COPY material_types (id, code, description, dbin_id, modification_timestamp) FROM stdin;
\.


--
-- Data for Name: materials; Type: TABLE DATA; Schema: public; Owner: -
--

COPY materials (id, code, maty_id, pers_id_registerer, registration_timestamp, modification_timestamp, dbin_id) FROM stdin;
\.


--
-- Data for Name: persons; Type: TABLE DATA; Schema: public; Owner: -
--

COPY persons (id, first_name, last_name, user_id, email, dbin_id, grou_id, registration_timestamp, pers_id_registerer, display_settings) FROM stdin;
6	Tomasz Ryszard	Pylak	tpylak	tomasz.pylak@bsse.ethz.ch	1	1	2010-05-28 14:15:04.232136+02	1	\\254\\355\\000\\005sr\\000Ach.systemsx.cisd.openbis.generic.shared.basic.dto.DisplaySettings\\000\\000\\000\\000\\000\\000\\000\\001\\002\\000\\005Z\\000)displayCustomColumnDebuggingErrorMessagesZ\\000\\025useWildcardSearchModeL\\000\\016columnSettingst\\000\\017Ljava/util/Map;L\\000\\035realNumberFormatingParameterst\\000QLch/systemsx/cisd/openbis/generic/shared/basic/dto/RealNumberFormatingParameters;L\\000\\017sectionSettingsq\\000~\\000\\001xp\\000\\000sr\\000\\027java.util.LinkedHashMap4\\300N\\\\\\020l\\300\\373\\002\\000\\001Z\\000\\013accessOrderxr\\000\\021java.util.HashMap\\005\\007\\332\\301\\303\\026`\\321\\003\\000\\002F\\000\\012loadFactorI\\000\\011thresholdxp?@\\000\\000\\000\\000\\000\\030w\\010\\000\\000\\000 \\000\\000\\000\\015t\\000\\027vocabulary-browser-gridsr\\000\\023java.util.ArrayListx\\201\\322\\035\\231\\307a\\235\\003\\000\\001I\\000\\004sizexp\\000\\000\\000\\007w\\004\\000\\000\\000\\012sr\\000?ch.systemsx.cisd.openbis.generic.shared.basic.dto.ColumnSetting\\000\\000\\000\\000\\000\\000\\000\\001\\002\\000\\004Z\\000\\011hasFilterZ\\000\\006hiddenI\\000\\005widthL\\000\\010columnIDt\\000\\022Ljava/lang/String;xp\\001\\000\\000\\000\\000\\377t\\000\\004CODEsq\\000~\\000\\012\\000\\000\\000\\000\\001,t\\000\\013DESCRIPTIONsq\\000~\\000\\012\\000\\000\\000\\000\\000\\226t\\000\\025IS_MANAGED_INTERNALLYsq\\000~\\000\\012\\000\\000\\000\\000\\000\\226t\\000\\013REGISTRATORsq\\000~\\000\\012\\000\\000\\000\\000\\001,t\\000\\021REGISTRATION_DATEsq\\000~\\000\\012\\000\\001\\000\\000\\001,t\\000\\014URL_TEMPLATEsq\\000~\\000\\012\\000\\001\\000\\000\\000\\226t\\000\\020SHOW_IN_CHOOSERSxt\\000\\025vocabulary-terms-gridsq\\000~\\000\\010\\000\\000\\000\\014w\\004\\000\\000\\000\\020sq\\000~\\000\\012\\001\\000\\000\\000\\000\\355q\\000~\\000\\015sq\\000~\\000\\012\\001\\000\\000\\000\\000\\310t\\000\\005LABELsq\\000~\\000\\012\\000\\001\\000\\000\\001,q\\000~\\000\\017sq\\000~\\000\\012\\000\\001\\000\\000\\000dt\\000\\007ORDINALsq\\000~\\000\\012\\000\\000\\000\\000\\000\\310t\\000\\003URLsq\\000~\\000\\012\\000\\000\\000\\000\\000\\226q\\000~\\000\\023sq\\000~\\000\\012\\000\\000\\000\\000\\001,q\\000~\\000\\025sq\\000~\\000\\012\\000\\000\\000\\000\\000\\226t\\000\\013TOTAL_USAGEsq\\000~\\000\\012\\000\\001\\000\\000\\000\\226t\\000\\020EXPERIMENT_USAGEsq\\000~\\000\\012\\000\\001\\000\\000\\000\\226t\\000\\014SAMPLE_USAGEsq\\000~\\000\\012\\000\\001\\000\\000\\000\\226t\\000\\016DATA_SET_USAGEsq\\000~\\000\\012\\000\\001\\000\\000\\000\\226t\\000\\016MATERIAL_USAGExt\\000%property-type-assignment-browser-gridsq\\000~\\000\\010\\000\\000\\000\\011w\\004\\000\\000\\000\\012sq\\000~\\000\\012\\001\\000\\000\\000\\001\\024t\\000\\022PROPERTY_TYPE_CODEsq\\000~\\000\\012\\000\\001\\000\\000\\000\\226q\\000~\\000\\036sq\\000~\\000\\012\\000\\001\\000\\000\\000\\226q\\000~\\000\\017sq\\000~\\000\\012\\001\\000\\000\\000\\000\\310t\\000\\020ENTITY_TYPE_CODEsq\\000~\\000\\012\\001\\000\\000\\000\\000\\226t\\000\\013ENTITY_KINDsq\\000~\\000\\012\\000\\000\\000\\000\\000\\226t\\000\\014IS_MANDATORYsq\\000~\\000\\012\\000\\000\\000\\000\\001Mt\\000\\011DATA_TYPEsq\\000~\\000\\012\\000\\000\\000\\000\\000dq\\000~\\000!sq\\000~\\000\\012\\000\\000\\000\\000\\000\\226t\\000\\007SECTIONxt\\000\\032property-type-browser-gridsq\\000~\\000\\010\\000\\000\\000\\013w\\004\\000\\000\\000\\020sq\\000~\\000\\012\\001\\000\\000\\000\\000\\226q\\000~\\000\\036sq\\000~\\000\\012\\001\\000\\000\\000\\000\\370q\\000~\\000\\015sq\\000~\\000\\012\\001\\000\\000\\000\\000\\310q\\000~\\000=sq\\000~\\000\\012\\000\\001\\000\\000\\000\\226t\\000\\016DATA_TYPE_CODEsq\\000~\\000\\012\\000\\001\\000\\000\\000\\226t\\000\\012VOCABULARYsq\\000~\\000\\012\\000\\001\\000\\000\\000\\226t\\000\\015MATERIAL_TYPEsq\\000~\\000\\012\\000\\000\\000\\000\\000\\226q\\000~\\000\\017sq\\000~\\000\\012\\000\\000\\000\\000\\000\\226t\\000\\014SAMPLE_TYPESsq\\000~\\000\\012\\000\\000\\000\\000\\000\\226t\\000\\020EXPERIMENT_TYPESsq\\000~\\000\\012\\000\\000\\000\\000\\000\\226t\\000\\016MATERIAL_TYPESsq\\000~\\000\\012\\000\\000\\000\\000\\000\\226t\\000\\016DATA_SET_TYPESxt\\000 entity-browser-grid-SAMPLE-(all)sq\\000~\\000\\010\\000\\000\\000\\036w\\004\\000\\000\\000&sq\\000~\\000\\012\\000\\001\\000\\000\\000\\226t\\000\\021DATABASE_INSTANCEsq\\000~\\000\\012\\000\\001\\000\\000\\000\\226t\\000\\005GROUPsq\\000~\\000\\012\\001\\000\\000\\000\\000\\206q\\000~\\000\\015sq\\000~\\000\\012\\001\\000\\000\\000\\000ht\\000\\007SUBCODEsq\\000~\\000\\012\\000\\000\\000\\000\\000\\351t\\000\\021SAMPLE_IDENTIFIERsq\\000~\\000\\012\\000\\000\\000\\000\\000it\\000\\013SAMPLE_TYPEsq\\000~\\000\\012\\000\\001\\000\\000\\000\\226t\\000\\022IS_INSTANCE_SAMPLEsq\\000~\\000\\012\\000\\001\\000\\000\\000\\226t\\000\\012IS_INVALIDsq\\000~\\000\\012\\000\\000\\000\\000\\000Wt\\000\\012EXPERIMENTsq\\000~\\000\\012\\000\\001\\000\\000\\000\\310t\\000\\025EXPERIMENT_IDENTIFIERsq\\000~\\000\\012\\000\\000\\000\\000\\000Pt\\000\\007PROJECTsq\\000~\\000\\012\\000\\001\\000\\000\\000\\226q\\000~\\000\\023sq\\000~\\000\\012\\000\\001\\000\\000\\001,q\\000~\\000\\025sq\\000~\\000\\012\\000\\001\\000\\000\\000\\226t\\000\\007PERM_IDsq\\000~\\000\\012\\000\\000\\000\\000\\000\\226t\\000\\021SHOW_DETAILS_LINKsq\\000~\\000\\012\\000\\001\\000\\000\\000\\352t\\000\\023property-USER-OWNERsq\\000~\\000\\012\\000\\001\\000\\000\\000}t\\000\\032property-USER-OWNER_NUMBERsq\\000~\\000\\012\\000\\001\\000\\000\\000\\357t\\000\\032property-USER-PLASMID_NAMEsq\\000~\\000\\012\\000\\001\\000\\000\\000\\303t\\000-property-USER-BACTERIAL_ANTIBIOTIC_RESISTANCEsq\\000~\\000\\012\\000\\001\\000\\000\\0011t\\000\\026property-USER-BACKBONEsq\\000~\\000\\012\\000\\001\\000\\000\\000_t\\000\\033property-USER-DERIVATIVE_OFsq\\000~\\000\\012\\000\\001\\000\\000\\000\\177t\\000\\032property-USER-YEAST_MARKERsq\\000~\\000\\012\\000\\001\\000\\000\\000at\\000\\032property-USER-OTHER_MARKERsq\\000~\\000\\012\\000\\001\\000\\000\\000\\301t\\000*property-USER-FLANKING_RESTRICTION_ENZYMESsq\\000~\\000\\012\\000\\001\\000\\000\\001At\\000\\026property-USER-COMMENTSsq\\000~\\000\\012\\000\\001\\000\\000\\000+t\\000\\021property-USER-ROWsq\\000~\\000\\012\\000\\001\\000\\000\\000@t\\000\\024property-USER-COLUMNsq\\000~\\000\\012\\000\\001\\000\\000\\000xt\\000\\026property-USER-BOX_SIZEsq\\000~\\000\\012\\000\\000\\000\\000\\000\\247t\\000\\020containerParent1sq\\000~\\000\\012\\000\\000\\000\\000\\000\\332t\\000\\024generatedFromParent1xt\\000\\022search-result-gridsq\\000~\\000\\010\\000\\000\\000\\006w\\004\\000\\000\\000\\012sq\\000~\\000\\012\\000\\000\\000\\000\\000\\226q\\000~\\0009sq\\000~\\000\\012\\001\\000\\000\\000\\000\\226t\\000\\013ENTITY_TYPEsq\\000~\\000\\012\\001\\000\\000\\000\\000\\262t\\000\\012IDENTIFIERsq\\000~\\000\\012\\000\\000\\000\\000\\000\\226q\\000~\\000\\023sq\\000~\\000\\012\\001\\000\\000\\000\\000\\262t\\000\\016MATCHING_FIELDsq\\000~\\000\\012\\000\\000\\000\\000\\000\\310t\\000\\015MATCHING_TEXTxt\\000$sample-details-grid-DATA_SET-PLASMIDsq\\000~\\000\\010\\000\\000\\000\\026w\\004\\000\\000\\000\\031sq\\000~\\000\\012\\001\\000\\000\\000\\000\\267q\\000~\\000\\015sq\\000~\\000\\012\\000\\001\\000\\000\\000dt\\000\\006SAMPLEsq\\000~\\000\\012\\000\\001\\000\\000\\000\\310q\\000~\\000_sq\\000~\\000\\012\\000\\001\\000\\000\\000\\226q\\000~\\000asq\\000~\\000\\012\\000\\001\\000\\000\\000dq\\000~\\000gsq\\000~\\000\\012\\000\\001\\000\\000\\000dq\\000~\\000isq\\000~\\000\\012\\000\\001\\000\\000\\000xt\\000\\017EXPERIMENT_TYPEsq\\000~\\000\\012\\000\\001\\000\\000\\000\\226q\\000~\\000ksq\\000~\\000\\012\\001\\000\\000\\000\\000\\347q\\000~\\000\\025sq\\000~\\000\\012\\000\\001\\000\\000\\000\\226q\\000~\\000esq\\000~\\000\\012\\000\\001\\000\\000\\000\\226t\\000\\013SOURCE_TYPEsq\\000~\\000\\012\\000\\001\\000\\000\\000\\226t\\000\\013IS_COMPLETEsq\\000~\\000\\012\\000\\001\\000\\000\\002\\032t\\000\\010LOCATIONsq\\000~\\000\\012\\000\\001\\000\\000\\000\\310t\\000\\006STATUSsq\\000~\\000\\012\\000\\001\\000\\000\\000\\226t\\000\\020FILE_FORMAT_TYPEsq\\000~\\000\\012\\001\\000\\000\\000\\000it\\000\\015DATA_SET_TYPEsq\\000~\\000\\012\\000\\001\\000\\000\\000\\310t\\000\\017PRODUCTION_DATEsq\\000~\\000\\012\\000\\001\\000\\000\\000\\226t\\000\\022DATA_PRODUCER_CODEsq\\000~\\000\\012\\000\\001\\000\\000\\000\\226t\\000\\017DATA_STORE_CODEsq\\000~\\000\\012\\000\\001\\000\\000\\000\\226q\\000~\\000osq\\000~\\000\\012\\000\\001\\000\\000\\000\\226q\\000~\\000qsq\\000~\\000\\012\\001\\000\\000\\000\\000\\216t\\000\\027property-USER-FILE_NAMExt\\000$entity-browser-grid-EXPERIMENT-(all)sq\\000~\\000\\010\\000\\000\\000\\013w\\004\\000\\000\\000\\020sq\\000~\\000\\012\\001\\000\\000\\000\\000\\226q\\000~\\000\\015sq\\000~\\000\\012\\000\\001\\000\\000\\000\\226q\\000~\\000\\246sq\\000~\\000\\012\\000\\000\\000\\000\\000\\321q\\000~\\000isq\\000~\\000\\012\\000\\001\\000\\000\\000\\226q\\000~\\000Xsq\\000~\\000\\012\\000\\001\\000\\000\\000\\226q\\000~\\000Zsq\\000~\\000\\012\\000\\001\\000\\000\\000\\226q\\000~\\000ksq\\000~\\000\\012\\000\\000\\000\\000\\000\\226q\\000~\\000\\023sq\\000~\\000\\012\\000\\000\\000\\000\\000\\310q\\000~\\000\\025sq\\000~\\000\\012\\000\\001\\000\\000\\000\\226q\\000~\\000esq\\000~\\000\\012\\000\\001\\000\\000\\000\\226q\\000~\\000osq\\000~\\000\\012\\000\\001\\000\\000\\000\\226q\\000~\\000qxt\\000$data-set-search-result-grid-DATA_SETsq\\000~\\000\\010\\000\\000\\000\\025w\\004\\000\\000\\000\\031sq\\000~\\000\\012\\001\\000\\000\\000\\000\\331q\\000~\\000\\015sq\\000~\\000\\012\\000\\001\\000\\000\\000dq\\000~\\000\\240sq\\000~\\000\\012\\000\\000\\000\\000\\000\\310q\\000~\\000_sq\\000~\\000\\012\\000\\000\\000\\000\\000\\226q\\000~\\000asq\\000~\\000\\012\\000\\001\\000\\000\\000dq\\000~\\000gsq\\000~\\000\\012\\000\\001\\000\\000\\000dq\\000~\\000isq\\000~\\000\\012\\000\\001\\000\\000\\000xq\\000~\\000\\246sq\\000~\\000\\012\\000\\000\\000\\000\\000\\226q\\000~\\000ksq\\000~\\000\\012\\000\\000\\000\\000\\000\\310q\\000~\\000\\025sq\\000~\\000\\012\\000\\001\\000\\000\\000\\226q\\000~\\000esq\\000~\\000\\012\\000\\001\\000\\000\\000\\226q\\000~\\000\\253sq\\000~\\000\\012\\000\\001\\000\\000\\000\\226q\\000~\\000\\255sq\\000~\\000\\012\\000\\001\\000\\000\\000\\226q\\000~\\000\\257sq\\000~\\000\\012\\000\\001\\000\\000\\000\\310q\\000~\\000\\261sq\\000~\\000\\012\\001\\001\\000\\000\\000\\226q\\000~\\000\\263sq\\000~\\000\\012\\000\\001\\000\\000\\000\\226q\\000~\\000\\265sq\\000~\\000\\012\\000\\001\\000\\000\\000\\310q\\000~\\000\\267sq\\000~\\000\\012\\000\\001\\000\\000\\000\\226q\\000~\\000\\271sq\\000~\\000\\012\\000\\001\\000\\000\\000\\226q\\000~\\000\\273sq\\000~\\000\\012\\000\\001\\000\\000\\000\\226q\\000~\\000osq\\000~\\000\\012\\000\\001\\000\\000\\000\\226q\\000~\\000qxt\\000"entity-browser-grid-SAMPLE-PLASMIDsq\\000~\\000\\010\\000\\000\\000\\035w\\004\\000\\000\\000&sq\\000~\\000\\012\\000\\001\\000\\000\\000\\226q\\000~\\000Xsq\\000~\\000\\012\\000\\001\\000\\000\\000\\226q\\000~\\000Zsq\\000~\\000\\012\\001\\000\\000\\000\\000\\226q\\000~\\000\\015sq\\000~\\000\\012\\001\\000\\000\\000\\000\\226q\\000~\\000]sq\\000~\\000\\012\\000\\000\\000\\000\\000\\226q\\000~\\000_sq\\000~\\000\\012\\000\\001\\000\\000\\000\\226q\\000~\\000asq\\000~\\000\\012\\000\\001\\000\\000\\000\\226q\\000~\\000csq\\000~\\000\\012\\000\\001\\000\\000\\000\\226q\\000~\\000esq\\000~\\000\\012\\000\\001\\000\\000\\000\\226q\\000~\\000gsq\\000~\\000\\012\\000\\001\\000\\000\\000\\310q\\000~\\000isq\\000~\\000\\012\\000\\001\\000\\000\\000\\226q\\000~\\000ksq\\000~\\000\\012\\000\\000\\000\\000\\000\\226q\\000~\\000\\023sq\\000~\\000\\012\\000\\000\\000\\000\\001,q\\000~\\000\\025sq\\000~\\000\\012\\000\\001\\000\\000\\000\\226q\\000~\\000osq\\000~\\000\\012\\000\\000\\000\\000\\000\\332q\\000~\\000\\217sq\\000~\\000\\012\\001\\000\\000\\000\\000xq\\000~\\000}sq\\000~\\000\\012\\000\\000\\000\\000\\000\\247q\\000~\\000\\215sq\\000~\\000\\012\\000\\000\\000\\000\\000)q\\000~\\000\\207sq\\000~\\000\\012\\000\\000\\000\\000\\000@q\\000~\\000\\211sq\\000~\\000\\012\\000\\000\\000\\000\\000|q\\000~\\000qsq\\000~\\000\\012\\000\\000\\000\\000\\000\\200q\\000~\\000ssq\\000~\\000\\012\\000\\000\\000\\000\\000mq\\000~\\000usq\\000~\\000\\012\\000\\000\\000\\000\\000\\357q\\000~\\000wsq\\000~\\000\\012\\001\\000\\000\\000\\000\\200q\\000~\\000{sq\\000~\\000\\012\\000\\000\\000\\000\\000\\177q\\000~\\000\\177sq\\000~\\000\\012\\000\\000\\000\\000\\000aq\\000~\\000\\201sq\\000~\\000\\012\\000\\000\\000\\000\\000\\301q\\000~\\000\\203sq\\000~\\000\\012\\000\\000\\000\\000\\000\\303q\\000~\\000ysq\\000~\\000\\012\\000\\000\\000\\000\\0018q\\000~\\000\\205xt\\000,sample-details-grid-SAMPLE-(all)-PLASMID_BOXsq\\000~\\000\\010\\000\\000\\000\\035w\\004\\000\\000\\000&sq\\000~\\000\\012\\000\\001\\000\\000\\000\\226q\\000~\\000Xsq\\000~\\000\\012\\000\\001\\000\\000\\000\\226q\\000~\\000Zsq\\000~\\000\\012\\001\\000\\000\\000\\000\\226q\\000~\\000\\015sq\\000~\\000\\012\\000\\001\\000\\000\\000\\226q\\000~\\000]sq\\000~\\000\\012\\000\\001\\000\\000\\000\\226q\\000~\\000_sq\\000~\\000\\012\\000\\001\\000\\000\\000\\226q\\000~\\000asq\\000~\\000\\012\\000\\001\\000\\000\\000\\226q\\000~\\000csq\\000~\\000\\012\\000\\001\\000\\000\\000\\226q\\000~\\000esq\\000~\\000\\012\\001\\000\\000\\000\\000\\226q\\000~\\000gsq\\000~\\000\\012\\000\\001\\000\\000\\000\\310q\\000~\\000isq\\000~\\000\\012\\001\\000\\000\\000\\000\\226q\\000~\\000ksq\\000~\\000\\012\\000\\000\\000\\000\\000\\226q\\000~\\000\\023sq\\000~\\000\\012\\000\\000\\000\\000\\001,q\\000~\\000\\025sq\\000~\\000\\012\\000\\001\\000\\000\\000\\226q\\000~\\000osq\\000~\\000\\012\\000\\001\\000\\000\\000\\226q\\000~\\000qsq\\000~\\000\\012\\000\\001\\000\\000\\000\\247q\\000~\\000\\215sq\\000~\\000\\012\\000\\001\\000\\000\\0000q\\000~\\000\\207sq\\000~\\000\\012\\000\\001\\000\\000\\000@q\\000~\\000\\211sq\\000~\\000\\012\\000\\001\\000\\000\\000Eq\\000~\\000\\217sq\\000~\\000\\012\\000\\001\\000\\000\\000xq\\000~\\000}sq\\000~\\000\\012\\000\\001\\000\\000\\000xq\\000~\\000ssq\\000~\\000\\012\\000\\001\\000\\000\\000xq\\000~\\000usq\\000~\\000\\012\\000\\001\\000\\000\\000xq\\000~\\000wsq\\000~\\000\\012\\000\\001\\000\\000\\000xq\\000~\\000{sq\\000~\\000\\012\\000\\001\\000\\000\\000xq\\000~\\000ysq\\000~\\000\\012\\000\\001\\000\\000\\000xq\\000~\\000\\177sq\\000~\\000\\012\\000\\001\\000\\000\\000xq\\000~\\000\\201sq\\000~\\000\\012\\000\\001\\000\\000\\000xq\\000~\\000\\203sq\\000~\\000\\012\\000\\001\\000\\000\\000xq\\000~\\000\\205xt\\000&entity-browser-grid-SAMPLE-PLASMID_BOXsq\\000~\\000\\010\\000\\000\\000\\020w\\004\\000\\000\\000\\020sq\\000~\\000\\012\\000\\001\\000\\000\\000\\226q\\000~\\000Xsq\\000~\\000\\012\\000\\001\\000\\000\\000\\226q\\000~\\000Zsq\\000~\\000\\012\\001\\000\\000\\000\\000\\226q\\000~\\000\\015sq\\000~\\000\\012\\000\\001\\000\\000\\000\\226q\\000~\\000]sq\\000~\\000\\012\\000\\001\\000\\000\\000\\247q\\000~\\000_sq\\000~\\000\\012\\000\\001\\000\\000\\000\\226q\\000~\\000asq\\000~\\000\\012\\000\\001\\000\\000\\000\\226q\\000~\\000csq\\000~\\000\\012\\000\\001\\000\\000\\000\\226q\\000~\\000esq\\000~\\000\\012\\000\\001\\000\\000\\000\\226q\\000~\\000gsq\\000~\\000\\012\\000\\001\\000\\000\\000\\310q\\000~\\000isq\\000~\\000\\012\\000\\001\\000\\000\\000\\226q\\000~\\000ksq\\000~\\000\\012\\000\\000\\000\\000\\000\\226q\\000~\\000\\023sq\\000~\\000\\012\\000\\000\\000\\000\\001,q\\000~\\000\\025sq\\000~\\000\\012\\000\\001\\000\\000\\000\\226q\\000~\\000osq\\000~\\000\\012\\000\\001\\000\\000\\000\\226q\\000~\\000qsq\\000~\\000\\012\\000\\000\\000\\000\\000xq\\000~\\000\\213xt\\000\\027attachment-browser-gridsq\\000~\\000\\010\\000\\000\\000\\007w\\004\\000\\000\\000\\012sq\\000~\\000\\012\\000\\000\\000\\000\\000\\310t\\000\\011FILE_NAMEsq\\000~\\000\\012\\000\\001\\000\\000\\000\\226t\\000\\010PERMLINKsq\\000~\\000\\012\\000\\000\\000\\000\\000\\226t\\000\\007VERSIONsq\\000~\\000\\012\\000\\000\\000\\000\\000\\310t\\000\\005TITLEsq\\000~\\000\\012\\000\\000\\000\\000\\001,q\\000~\\000\\017sq\\000~\\000\\012\\000\\000\\000\\000\\000\\226q\\000~\\000\\023sq\\000~\\000\\012\\000\\000\\000\\000\\001,q\\000~\\000\\025xx\\000sr\\000Och.systemsx.cisd.openbis.generic.shared.basic.dto.RealNumberFormatingParameters\\000\\000\\000\\000\\000\\000\\000\\001\\002\\000\\003Z\\000\\020formatingEnabledI\\000\\011precisionZ\\000\\012scientificxp\\001\\000\\000\\000\\004\\000sq\\000~\\000\\005?@\\000\\000\\000\\000\\000\\014w\\010\\000\\000\\000\\020\\000\\000\\000\\004t\\000/attachment-sectiongeneric-sample-viewer-PLASMIDsr\\000\\021java.lang.Boolean\\315 r\\200\\325\\234\\372\\356\\002\\000\\001Z\\000\\005valuexp\\001t\\0003attachment-sectiongeneric-sample-viewer-PLASMID_BOXsq\\000~\\001E\\000t\\000+sample-sectiongeneric-sample-viewer-PLASMIDq\\000~\\001Ht\\0001data-set-sectiongeneric-sample-viewer-PLASMID_BOXq\\000~\\001Hx
7	Robert	Gngge	rgnuegge	robert.gnuegge@bsse.ethz.ch	1	1	2010-05-31 15:49:28.331889+02	1	\\254\\355\\000\\005sr\\000Ach.systemsx.cisd.openbis.generic.shared.basic.dto.DisplaySettings\\000\\000\\000\\000\\000\\000\\000\\001\\002\\000\\005Z\\000)displayCustomColumnDebuggingErrorMessagesZ\\000\\025useWildcardSearchModeL\\000\\016columnSettingst\\000\\017Ljava/util/Map;L\\000\\035realNumberFormatingParameterst\\000QLch/systemsx/cisd/openbis/generic/shared/basic/dto/RealNumberFormatingParameters;L\\000\\017sectionSettingsq\\000~\\000\\001xp\\000\\000sr\\000\\027java.util.LinkedHashMap4\\300N\\\\\\020l\\300\\373\\002\\000\\001Z\\000\\013accessOrderxr\\000\\021java.util.HashMap\\005\\007\\332\\301\\303\\026`\\321\\003\\000\\002F\\000\\012loadFactorI\\000\\011thresholdxp?@\\000\\000\\000\\000\\000\\030w\\010\\000\\000\\000 \\000\\000\\000\\015t\\000\\027vocabulary-browser-gridsr\\000\\023java.util.ArrayListx\\201\\322\\035\\231\\307a\\235\\003\\000\\001I\\000\\004sizexp\\000\\000\\000\\007w\\004\\000\\000\\000\\012sr\\000?ch.systemsx.cisd.openbis.generic.shared.basic.dto.ColumnSetting\\000\\000\\000\\000\\000\\000\\000\\001\\002\\000\\004Z\\000\\011hasFilterZ\\000\\006hiddenI\\000\\005widthL\\000\\010columnIDt\\000\\022Ljava/lang/String;xp\\001\\000\\000\\000\\000\\377t\\000\\004CODEsq\\000~\\000\\012\\000\\000\\000\\000\\001,t\\000\\013DESCRIPTIONsq\\000~\\000\\012\\000\\000\\000\\000\\000\\226t\\000\\025IS_MANAGED_INTERNALLYsq\\000~\\000\\012\\000\\000\\000\\000\\000\\226t\\000\\013REGISTRATORsq\\000~\\000\\012\\000\\000\\000\\000\\001,t\\000\\021REGISTRATION_DATEsq\\000~\\000\\012\\000\\001\\000\\000\\001,t\\000\\014URL_TEMPLATEsq\\000~\\000\\012\\000\\001\\000\\000\\000\\226t\\000\\020SHOW_IN_CHOOSERSxt\\000\\025vocabulary-terms-gridsq\\000~\\000\\010\\000\\000\\000\\014w\\004\\000\\000\\000\\020sq\\000~\\000\\012\\001\\000\\000\\000\\000\\355q\\000~\\000\\015sq\\000~\\000\\012\\001\\000\\000\\000\\000\\310t\\000\\005LABELsq\\000~\\000\\012\\000\\001\\000\\000\\001,q\\000~\\000\\017sq\\000~\\000\\012\\000\\001\\000\\000\\000dt\\000\\007ORDINALsq\\000~\\000\\012\\000\\000\\000\\000\\000\\310t\\000\\003URLsq\\000~\\000\\012\\000\\000\\000\\000\\000\\226q\\000~\\000\\023sq\\000~\\000\\012\\000\\000\\000\\000\\001,q\\000~\\000\\025sq\\000~\\000\\012\\000\\000\\000\\000\\000\\226t\\000\\013TOTAL_USAGEsq\\000~\\000\\012\\000\\001\\000\\000\\000\\226t\\000\\020EXPERIMENT_USAGEsq\\000~\\000\\012\\000\\001\\000\\000\\000\\226t\\000\\014SAMPLE_USAGEsq\\000~\\000\\012\\000\\001\\000\\000\\000\\226t\\000\\016DATA_SET_USAGEsq\\000~\\000\\012\\000\\001\\000\\000\\000\\226t\\000\\016MATERIAL_USAGExt\\000%property-type-assignment-browser-gridsq\\000~\\000\\010\\000\\000\\000\\011w\\004\\000\\000\\000\\012sq\\000~\\000\\012\\001\\000\\000\\000\\001\\024t\\000\\022PROPERTY_TYPE_CODEsq\\000~\\000\\012\\000\\001\\000\\000\\000\\226q\\000~\\000\\036sq\\000~\\000\\012\\000\\001\\000\\000\\000\\226q\\000~\\000\\017sq\\000~\\000\\012\\001\\000\\000\\000\\000\\310t\\000\\020ENTITY_TYPE_CODEsq\\000~\\000\\012\\001\\000\\000\\000\\000\\226t\\000\\013ENTITY_KINDsq\\000~\\000\\012\\000\\000\\000\\000\\000\\226t\\000\\014IS_MANDATORYsq\\000~\\000\\012\\000\\000\\000\\000\\001Mt\\000\\011DATA_TYPEsq\\000~\\000\\012\\000\\000\\000\\000\\000dq\\000~\\000!sq\\000~\\000\\012\\000\\000\\000\\000\\000\\226t\\000\\007SECTIONxt\\000\\032property-type-browser-gridsq\\000~\\000\\010\\000\\000\\000\\013w\\004\\000\\000\\000\\020sq\\000~\\000\\012\\001\\000\\000\\000\\000\\226q\\000~\\000\\036sq\\000~\\000\\012\\001\\000\\000\\000\\000\\370q\\000~\\000\\015sq\\000~\\000\\012\\001\\000\\000\\000\\000\\310q\\000~\\000=sq\\000~\\000\\012\\000\\001\\000\\000\\000\\226t\\000\\016DATA_TYPE_CODEsq\\000~\\000\\012\\000\\001\\000\\000\\000\\226t\\000\\012VOCABULARYsq\\000~\\000\\012\\000\\001\\000\\000\\000\\226t\\000\\015MATERIAL_TYPEsq\\000~\\000\\012\\000\\000\\000\\000\\000\\226q\\000~\\000\\017sq\\000~\\000\\012\\000\\000\\000\\000\\000\\226t\\000\\014SAMPLE_TYPESsq\\000~\\000\\012\\000\\000\\000\\000\\000\\226t\\000\\020EXPERIMENT_TYPESsq\\000~\\000\\012\\000\\000\\000\\000\\000\\226t\\000\\016MATERIAL_TYPESsq\\000~\\000\\012\\000\\000\\000\\000\\000\\226t\\000\\016DATA_SET_TYPESxt\\000 entity-browser-grid-SAMPLE-(all)sq\\000~\\000\\010\\000\\000\\000\\036w\\004\\000\\000\\000&sq\\000~\\000\\012\\000\\001\\000\\000\\000\\226t\\000\\021DATABASE_INSTANCEsq\\000~\\000\\012\\000\\001\\000\\000\\000\\226t\\000\\005GROUPsq\\000~\\000\\012\\001\\000\\000\\000\\000\\206q\\000~\\000\\015sq\\000~\\000\\012\\001\\000\\000\\000\\000ht\\000\\007SUBCODEsq\\000~\\000\\012\\000\\000\\000\\000\\000\\351t\\000\\021SAMPLE_IDENTIFIERsq\\000~\\000\\012\\000\\000\\000\\000\\000it\\000\\013SAMPLE_TYPEsq\\000~\\000\\012\\000\\001\\000\\000\\000\\226t\\000\\022IS_INSTANCE_SAMPLEsq\\000~\\000\\012\\000\\001\\000\\000\\000\\226t\\000\\012IS_INVALIDsq\\000~\\000\\012\\000\\000\\000\\000\\000Wt\\000\\012EXPERIMENTsq\\000~\\000\\012\\000\\001\\000\\000\\000\\310t\\000\\025EXPERIMENT_IDENTIFIERsq\\000~\\000\\012\\000\\000\\000\\000\\000Pt\\000\\007PROJECTsq\\000~\\000\\012\\000\\001\\000\\000\\000\\226q\\000~\\000\\023sq\\000~\\000\\012\\000\\001\\000\\000\\001,q\\000~\\000\\025sq\\000~\\000\\012\\000\\001\\000\\000\\000\\226t\\000\\007PERM_IDsq\\000~\\000\\012\\000\\000\\000\\000\\000\\226t\\000\\021SHOW_DETAILS_LINKsq\\000~\\000\\012\\000\\001\\000\\000\\000\\352t\\000\\023property-USER-OWNERsq\\000~\\000\\012\\000\\001\\000\\000\\000}t\\000\\032property-USER-OWNER_NUMBERsq\\000~\\000\\012\\000\\001\\000\\000\\000\\357t\\000\\032property-USER-PLASMID_NAMEsq\\000~\\000\\012\\000\\001\\000\\000\\000\\303t\\000-property-USER-BACTERIAL_ANTIBIOTIC_RESISTANCEsq\\000~\\000\\012\\000\\001\\000\\000\\0011t\\000\\026property-USER-BACKBONEsq\\000~\\000\\012\\000\\001\\000\\000\\000_t\\000\\033property-USER-DERIVATIVE_OFsq\\000~\\000\\012\\000\\001\\000\\000\\000\\177t\\000\\032property-USER-YEAST_MARKERsq\\000~\\000\\012\\000\\001\\000\\000\\000at\\000\\032property-USER-OTHER_MARKERsq\\000~\\000\\012\\000\\001\\000\\000\\000\\301t\\000*property-USER-FLANKING_RESTRICTION_ENZYMESsq\\000~\\000\\012\\000\\001\\000\\000\\001At\\000\\026property-USER-COMMENTSsq\\000~\\000\\012\\000\\001\\000\\000\\000+t\\000\\021property-USER-ROWsq\\000~\\000\\012\\000\\001\\000\\000\\000@t\\000\\024property-USER-COLUMNsq\\000~\\000\\012\\000\\001\\000\\000\\000xt\\000\\026property-USER-BOX_SIZEsq\\000~\\000\\012\\000\\000\\000\\000\\000\\247t\\000\\020containerParent1sq\\000~\\000\\012\\000\\000\\000\\000\\000\\332t\\000\\024generatedFromParent1xt\\000\\022search-result-gridsq\\000~\\000\\010\\000\\000\\000\\006w\\004\\000\\000\\000\\012sq\\000~\\000\\012\\000\\000\\000\\000\\000\\226q\\000~\\0009sq\\000~\\000\\012\\001\\000\\000\\000\\000\\226t\\000\\013ENTITY_TYPEsq\\000~\\000\\012\\001\\000\\000\\000\\000\\262t\\000\\012IDENTIFIERsq\\000~\\000\\012\\000\\000\\000\\000\\000\\226q\\000~\\000\\023sq\\000~\\000\\012\\001\\000\\000\\000\\000\\262t\\000\\016MATCHING_FIELDsq\\000~\\000\\012\\000\\000\\000\\000\\000\\310t\\000\\015MATCHING_TEXTxt\\000$sample-details-grid-DATA_SET-PLASMIDsq\\000~\\000\\010\\000\\000\\000\\026w\\004\\000\\000\\000\\031sq\\000~\\000\\012\\001\\000\\000\\000\\000\\267q\\000~\\000\\015sq\\000~\\000\\012\\000\\001\\000\\000\\000dt\\000\\006SAMPLEsq\\000~\\000\\012\\000\\001\\000\\000\\000\\310q\\000~\\000_sq\\000~\\000\\012\\000\\001\\000\\000\\000\\226q\\000~\\000asq\\000~\\000\\012\\000\\001\\000\\000\\000dq\\000~\\000gsq\\000~\\000\\012\\000\\001\\000\\000\\000dq\\000~\\000isq\\000~\\000\\012\\000\\001\\000\\000\\000xt\\000\\017EXPERIMENT_TYPEsq\\000~\\000\\012\\000\\001\\000\\000\\000\\226q\\000~\\000ksq\\000~\\000\\012\\001\\000\\000\\000\\000\\347q\\000~\\000\\025sq\\000~\\000\\012\\000\\001\\000\\000\\000\\226q\\000~\\000esq\\000~\\000\\012\\000\\001\\000\\000\\000\\226t\\000\\013SOURCE_TYPEsq\\000~\\000\\012\\000\\001\\000\\000\\000\\226t\\000\\013IS_COMPLETEsq\\000~\\000\\012\\000\\001\\000\\000\\002\\032t\\000\\010LOCATIONsq\\000~\\000\\012\\000\\001\\000\\000\\000\\310t\\000\\006STATUSsq\\000~\\000\\012\\000\\001\\000\\000\\000\\226t\\000\\020FILE_FORMAT_TYPEsq\\000~\\000\\012\\001\\000\\000\\000\\000it\\000\\015DATA_SET_TYPEsq\\000~\\000\\012\\000\\001\\000\\000\\000\\310t\\000\\017PRODUCTION_DATEsq\\000~\\000\\012\\000\\001\\000\\000\\000\\226t\\000\\022DATA_PRODUCER_CODEsq\\000~\\000\\012\\000\\001\\000\\000\\000\\226t\\000\\017DATA_STORE_CODEsq\\000~\\000\\012\\000\\001\\000\\000\\000\\226q\\000~\\000osq\\000~\\000\\012\\000\\001\\000\\000\\000\\226q\\000~\\000qsq\\000~\\000\\012\\001\\000\\000\\000\\000\\216t\\000\\027property-USER-FILE_NAMExt\\000$entity-browser-grid-EXPERIMENT-(all)sq\\000~\\000\\010\\000\\000\\000\\013w\\004\\000\\000\\000\\020sq\\000~\\000\\012\\001\\000\\000\\000\\000\\226q\\000~\\000\\015sq\\000~\\000\\012\\000\\001\\000\\000\\000\\226q\\000~\\000\\246sq\\000~\\000\\012\\000\\000\\000\\000\\000\\321q\\000~\\000isq\\000~\\000\\012\\000\\001\\000\\000\\000\\226q\\000~\\000Xsq\\000~\\000\\012\\000\\001\\000\\000\\000\\226q\\000~\\000Zsq\\000~\\000\\012\\000\\001\\000\\000\\000\\226q\\000~\\000ksq\\000~\\000\\012\\000\\000\\000\\000\\000\\226q\\000~\\000\\023sq\\000~\\000\\012\\000\\000\\000\\000\\000\\310q\\000~\\000\\025sq\\000~\\000\\012\\000\\001\\000\\000\\000\\226q\\000~\\000esq\\000~\\000\\012\\000\\001\\000\\000\\000\\226q\\000~\\000osq\\000~\\000\\012\\000\\001\\000\\000\\000\\226q\\000~\\000qxt\\000$data-set-search-result-grid-DATA_SETsq\\000~\\000\\010\\000\\000\\000\\025w\\004\\000\\000\\000\\031sq\\000~\\000\\012\\001\\000\\000\\000\\000\\331q\\000~\\000\\015sq\\000~\\000\\012\\000\\001\\000\\000\\000dq\\000~\\000\\240sq\\000~\\000\\012\\000\\000\\000\\000\\000\\310q\\000~\\000_sq\\000~\\000\\012\\000\\000\\000\\000\\000\\226q\\000~\\000asq\\000~\\000\\012\\000\\001\\000\\000\\000dq\\000~\\000gsq\\000~\\000\\012\\000\\001\\000\\000\\000dq\\000~\\000isq\\000~\\000\\012\\000\\001\\000\\000\\000xq\\000~\\000\\246sq\\000~\\000\\012\\000\\000\\000\\000\\000\\226q\\000~\\000ksq\\000~\\000\\012\\000\\000\\000\\000\\000\\310q\\000~\\000\\025sq\\000~\\000\\012\\000\\001\\000\\000\\000\\226q\\000~\\000esq\\000~\\000\\012\\000\\001\\000\\000\\000\\226q\\000~\\000\\253sq\\000~\\000\\012\\000\\001\\000\\000\\000\\226q\\000~\\000\\255sq\\000~\\000\\012\\000\\001\\000\\000\\000\\226q\\000~\\000\\257sq\\000~\\000\\012\\000\\001\\000\\000\\000\\310q\\000~\\000\\261sq\\000~\\000\\012\\001\\001\\000\\000\\000\\226q\\000~\\000\\263sq\\000~\\000\\012\\000\\001\\000\\000\\000\\226q\\000~\\000\\265sq\\000~\\000\\012\\000\\001\\000\\000\\000\\310q\\000~\\000\\267sq\\000~\\000\\012\\000\\001\\000\\000\\000\\226q\\000~\\000\\271sq\\000~\\000\\012\\000\\001\\000\\000\\000\\226q\\000~\\000\\273sq\\000~\\000\\012\\000\\001\\000\\000\\000\\226q\\000~\\000osq\\000~\\000\\012\\000\\001\\000\\000\\000\\226q\\000~\\000qxt\\000"entity-browser-grid-SAMPLE-PLASMIDsq\\000~\\000\\010\\000\\000\\000\\035w\\004\\000\\000\\000&sq\\000~\\000\\012\\000\\001\\000\\000\\000\\226q\\000~\\000Xsq\\000~\\000\\012\\000\\001\\000\\000\\000\\226q\\000~\\000Zsq\\000~\\000\\012\\001\\000\\000\\000\\000\\226q\\000~\\000\\015sq\\000~\\000\\012\\001\\000\\000\\000\\000\\226q\\000~\\000]sq\\000~\\000\\012\\000\\000\\000\\000\\000\\226q\\000~\\000_sq\\000~\\000\\012\\000\\001\\000\\000\\000\\226q\\000~\\000asq\\000~\\000\\012\\000\\001\\000\\000\\000\\226q\\000~\\000csq\\000~\\000\\012\\000\\001\\000\\000\\000\\226q\\000~\\000esq\\000~\\000\\012\\000\\001\\000\\000\\000\\226q\\000~\\000gsq\\000~\\000\\012\\000\\001\\000\\000\\000\\310q\\000~\\000isq\\000~\\000\\012\\000\\001\\000\\000\\000\\226q\\000~\\000ksq\\000~\\000\\012\\000\\000\\000\\000\\000\\226q\\000~\\000\\023sq\\000~\\000\\012\\000\\000\\000\\000\\001,q\\000~\\000\\025sq\\000~\\000\\012\\000\\001\\000\\000\\000\\226q\\000~\\000osq\\000~\\000\\012\\000\\000\\000\\000\\000\\332q\\000~\\000\\217sq\\000~\\000\\012\\001\\000\\000\\000\\000xq\\000~\\000}sq\\000~\\000\\012\\000\\000\\000\\000\\000\\247q\\000~\\000\\215sq\\000~\\000\\012\\000\\000\\000\\000\\000)q\\000~\\000\\207sq\\000~\\000\\012\\000\\000\\000\\000\\000@q\\000~\\000\\211sq\\000~\\000\\012\\000\\000\\000\\000\\000|q\\000~\\000qsq\\000~\\000\\012\\000\\000\\000\\000\\000\\200q\\000~\\000ssq\\000~\\000\\012\\000\\000\\000\\000\\000mq\\000~\\000usq\\000~\\000\\012\\000\\000\\000\\000\\000\\357q\\000~\\000wsq\\000~\\000\\012\\001\\000\\000\\000\\000\\200q\\000~\\000{sq\\000~\\000\\012\\000\\000\\000\\000\\000\\177q\\000~\\000\\177sq\\000~\\000\\012\\000\\000\\000\\000\\000aq\\000~\\000\\201sq\\000~\\000\\012\\000\\000\\000\\000\\000\\301q\\000~\\000\\203sq\\000~\\000\\012\\000\\000\\000\\000\\000\\303q\\000~\\000ysq\\000~\\000\\012\\000\\000\\000\\000\\0018q\\000~\\000\\205xt\\000,sample-details-grid-SAMPLE-(all)-PLASMID_BOXsq\\000~\\000\\010\\000\\000\\000\\035w\\004\\000\\000\\000&sq\\000~\\000\\012\\000\\001\\000\\000\\000\\226q\\000~\\000Xsq\\000~\\000\\012\\000\\001\\000\\000\\000\\226q\\000~\\000Zsq\\000~\\000\\012\\001\\000\\000\\000\\000\\226q\\000~\\000\\015sq\\000~\\000\\012\\000\\001\\000\\000\\000\\226q\\000~\\000]sq\\000~\\000\\012\\000\\001\\000\\000\\000\\226q\\000~\\000_sq\\000~\\000\\012\\000\\001\\000\\000\\000\\226q\\000~\\000asq\\000~\\000\\012\\000\\001\\000\\000\\000\\226q\\000~\\000csq\\000~\\000\\012\\000\\001\\000\\000\\000\\226q\\000~\\000esq\\000~\\000\\012\\001\\000\\000\\000\\000\\226q\\000~\\000gsq\\000~\\000\\012\\000\\001\\000\\000\\000\\310q\\000~\\000isq\\000~\\000\\012\\001\\000\\000\\000\\000\\226q\\000~\\000ksq\\000~\\000\\012\\000\\000\\000\\000\\000\\226q\\000~\\000\\023sq\\000~\\000\\012\\000\\000\\000\\000\\001,q\\000~\\000\\025sq\\000~\\000\\012\\000\\001\\000\\000\\000\\226q\\000~\\000osq\\000~\\000\\012\\000\\001\\000\\000\\000\\226q\\000~\\000qsq\\000~\\000\\012\\000\\001\\000\\000\\000\\247q\\000~\\000\\215sq\\000~\\000\\012\\000\\001\\000\\000\\0000q\\000~\\000\\207sq\\000~\\000\\012\\000\\001\\000\\000\\000@q\\000~\\000\\211sq\\000~\\000\\012\\000\\001\\000\\000\\000Eq\\000~\\000\\217sq\\000~\\000\\012\\000\\001\\000\\000\\000xq\\000~\\000}sq\\000~\\000\\012\\000\\001\\000\\000\\000xq\\000~\\000ssq\\000~\\000\\012\\000\\001\\000\\000\\000xq\\000~\\000usq\\000~\\000\\012\\000\\001\\000\\000\\000xq\\000~\\000wsq\\000~\\000\\012\\000\\001\\000\\000\\000xq\\000~\\000{sq\\000~\\000\\012\\000\\001\\000\\000\\000xq\\000~\\000ysq\\000~\\000\\012\\000\\001\\000\\000\\000xq\\000~\\000\\177sq\\000~\\000\\012\\000\\001\\000\\000\\000xq\\000~\\000\\201sq\\000~\\000\\012\\000\\001\\000\\000\\000xq\\000~\\000\\203sq\\000~\\000\\012\\000\\001\\000\\000\\000xq\\000~\\000\\205xt\\000&entity-browser-grid-SAMPLE-PLASMID_BOXsq\\000~\\000\\010\\000\\000\\000\\020w\\004\\000\\000\\000\\020sq\\000~\\000\\012\\000\\001\\000\\000\\000\\226q\\000~\\000Xsq\\000~\\000\\012\\000\\001\\000\\000\\000\\226q\\000~\\000Zsq\\000~\\000\\012\\001\\000\\000\\000\\000\\226q\\000~\\000\\015sq\\000~\\000\\012\\000\\001\\000\\000\\000\\226q\\000~\\000]sq\\000~\\000\\012\\000\\001\\000\\000\\000\\247q\\000~\\000_sq\\000~\\000\\012\\000\\001\\000\\000\\000\\226q\\000~\\000asq\\000~\\000\\012\\000\\001\\000\\000\\000\\226q\\000~\\000csq\\000~\\000\\012\\000\\001\\000\\000\\000\\226q\\000~\\000esq\\000~\\000\\012\\000\\001\\000\\000\\000\\226q\\000~\\000gsq\\000~\\000\\012\\000\\001\\000\\000\\000\\310q\\000~\\000isq\\000~\\000\\012\\000\\001\\000\\000\\000\\226q\\000~\\000ksq\\000~\\000\\012\\000\\000\\000\\000\\000\\226q\\000~\\000\\023sq\\000~\\000\\012\\000\\000\\000\\000\\001,q\\000~\\000\\025sq\\000~\\000\\012\\000\\001\\000\\000\\000\\226q\\000~\\000osq\\000~\\000\\012\\000\\001\\000\\000\\000\\226q\\000~\\000qsq\\000~\\000\\012\\000\\000\\000\\000\\000xq\\000~\\000\\213xt\\000\\027attachment-browser-gridsq\\000~\\000\\010\\000\\000\\000\\007w\\004\\000\\000\\000\\012sq\\000~\\000\\012\\000\\000\\000\\000\\000\\310t\\000\\011FILE_NAMEsq\\000~\\000\\012\\000\\001\\000\\000\\000\\226t\\000\\010PERMLINKsq\\000~\\000\\012\\000\\000\\000\\000\\000\\226t\\000\\007VERSIONsq\\000~\\000\\012\\000\\000\\000\\000\\000\\310t\\000\\005TITLEsq\\000~\\000\\012\\000\\000\\000\\000\\001,q\\000~\\000\\017sq\\000~\\000\\012\\000\\000\\000\\000\\000\\226q\\000~\\000\\023sq\\000~\\000\\012\\000\\000\\000\\000\\001,q\\000~\\000\\025xx\\000sr\\000Och.systemsx.cisd.openbis.generic.shared.basic.dto.RealNumberFormatingParameters\\000\\000\\000\\000\\000\\000\\000\\001\\002\\000\\003Z\\000\\020formatingEnabledI\\000\\011precisionZ\\000\\012scientificxp\\001\\000\\000\\000\\004\\000sq\\000~\\000\\005?@\\000\\000\\000\\000\\000\\014w\\010\\000\\000\\000\\020\\000\\000\\000\\004t\\000/attachment-sectiongeneric-sample-viewer-PLASMIDsr\\000\\021java.lang.Boolean\\315 r\\200\\325\\234\\372\\356\\002\\000\\001Z\\000\\005valuexp\\001t\\0003attachment-sectiongeneric-sample-viewer-PLASMID_BOXsq\\000~\\001E\\000t\\000+sample-sectiongeneric-sample-viewer-PLASMIDq\\000~\\001Ht\\0001data-set-sectiongeneric-sample-viewer-PLASMID_BOXq\\000~\\001Hx
8	Kristina	Elfstrm	elfstrok	kristina.elfstroem@bsse.ethz.ch	1	1	2010-05-31 15:50:01.381873+02	1	\\254\\355\\000\\005sr\\000Ach.systemsx.cisd.openbis.generic.shared.basic.dto.DisplaySettings\\000\\000\\000\\000\\000\\000\\000\\001\\002\\000\\005Z\\000)displayCustomColumnDebuggingErrorMessagesZ\\000\\025useWildcardSearchModeL\\000\\016columnSettingst\\000\\017Ljava/util/Map;L\\000\\035realNumberFormatingParameterst\\000QLch/systemsx/cisd/openbis/generic/shared/basic/dto/RealNumberFormatingParameters;L\\000\\017sectionSettingsq\\000~\\000\\001xp\\000\\000sr\\000\\027java.util.LinkedHashMap4\\300N\\\\\\020l\\300\\373\\002\\000\\001Z\\000\\013accessOrderxr\\000\\021java.util.HashMap\\005\\007\\332\\301\\303\\026`\\321\\003\\000\\002F\\000\\012loadFactorI\\000\\011thresholdxp?@\\000\\000\\000\\000\\000\\030w\\010\\000\\000\\000 \\000\\000\\000\\015t\\000\\027vocabulary-browser-gridsr\\000\\023java.util.ArrayListx\\201\\322\\035\\231\\307a\\235\\003\\000\\001I\\000\\004sizexp\\000\\000\\000\\007w\\004\\000\\000\\000\\012sr\\000?ch.systemsx.cisd.openbis.generic.shared.basic.dto.ColumnSetting\\000\\000\\000\\000\\000\\000\\000\\001\\002\\000\\004Z\\000\\011hasFilterZ\\000\\006hiddenI\\000\\005widthL\\000\\010columnIDt\\000\\022Ljava/lang/String;xp\\001\\000\\000\\000\\000\\377t\\000\\004CODEsq\\000~\\000\\012\\000\\000\\000\\000\\001,t\\000\\013DESCRIPTIONsq\\000~\\000\\012\\000\\000\\000\\000\\000\\226t\\000\\025IS_MANAGED_INTERNALLYsq\\000~\\000\\012\\000\\000\\000\\000\\000\\226t\\000\\013REGISTRATORsq\\000~\\000\\012\\000\\000\\000\\000\\001,t\\000\\021REGISTRATION_DATEsq\\000~\\000\\012\\000\\001\\000\\000\\001,t\\000\\014URL_TEMPLATEsq\\000~\\000\\012\\000\\001\\000\\000\\000\\226t\\000\\020SHOW_IN_CHOOSERSxt\\000\\025vocabulary-terms-gridsq\\000~\\000\\010\\000\\000\\000\\014w\\004\\000\\000\\000\\020sq\\000~\\000\\012\\001\\000\\000\\000\\000\\355q\\000~\\000\\015sq\\000~\\000\\012\\001\\000\\000\\000\\000\\310t\\000\\005LABELsq\\000~\\000\\012\\000\\001\\000\\000\\001,q\\000~\\000\\017sq\\000~\\000\\012\\000\\001\\000\\000\\000dt\\000\\007ORDINALsq\\000~\\000\\012\\000\\000\\000\\000\\000\\310t\\000\\003URLsq\\000~\\000\\012\\000\\000\\000\\000\\000\\226q\\000~\\000\\023sq\\000~\\000\\012\\000\\000\\000\\000\\001,q\\000~\\000\\025sq\\000~\\000\\012\\000\\000\\000\\000\\000\\226t\\000\\013TOTAL_USAGEsq\\000~\\000\\012\\000\\001\\000\\000\\000\\226t\\000\\020EXPERIMENT_USAGEsq\\000~\\000\\012\\000\\001\\000\\000\\000\\226t\\000\\014SAMPLE_USAGEsq\\000~\\000\\012\\000\\001\\000\\000\\000\\226t\\000\\016DATA_SET_USAGEsq\\000~\\000\\012\\000\\001\\000\\000\\000\\226t\\000\\016MATERIAL_USAGExt\\000%property-type-assignment-browser-gridsq\\000~\\000\\010\\000\\000\\000\\011w\\004\\000\\000\\000\\012sq\\000~\\000\\012\\001\\000\\000\\000\\001\\024t\\000\\022PROPERTY_TYPE_CODEsq\\000~\\000\\012\\000\\001\\000\\000\\000\\226q\\000~\\000\\036sq\\000~\\000\\012\\000\\001\\000\\000\\000\\226q\\000~\\000\\017sq\\000~\\000\\012\\001\\000\\000\\000\\000\\310t\\000\\020ENTITY_TYPE_CODEsq\\000~\\000\\012\\001\\000\\000\\000\\000\\226t\\000\\013ENTITY_KINDsq\\000~\\000\\012\\000\\000\\000\\000\\000\\226t\\000\\014IS_MANDATORYsq\\000~\\000\\012\\000\\000\\000\\000\\001Mt\\000\\011DATA_TYPEsq\\000~\\000\\012\\000\\000\\000\\000\\000dq\\000~\\000!sq\\000~\\000\\012\\000\\000\\000\\000\\000\\226t\\000\\007SECTIONxt\\000\\032property-type-browser-gridsq\\000~\\000\\010\\000\\000\\000\\013w\\004\\000\\000\\000\\020sq\\000~\\000\\012\\001\\000\\000\\000\\000\\226q\\000~\\000\\036sq\\000~\\000\\012\\001\\000\\000\\000\\000\\370q\\000~\\000\\015sq\\000~\\000\\012\\001\\000\\000\\000\\000\\310q\\000~\\000=sq\\000~\\000\\012\\000\\001\\000\\000\\000\\226t\\000\\016DATA_TYPE_CODEsq\\000~\\000\\012\\000\\001\\000\\000\\000\\226t\\000\\012VOCABULARYsq\\000~\\000\\012\\000\\001\\000\\000\\000\\226t\\000\\015MATERIAL_TYPEsq\\000~\\000\\012\\000\\000\\000\\000\\000\\226q\\000~\\000\\017sq\\000~\\000\\012\\000\\000\\000\\000\\000\\226t\\000\\014SAMPLE_TYPESsq\\000~\\000\\012\\000\\000\\000\\000\\000\\226t\\000\\020EXPERIMENT_TYPESsq\\000~\\000\\012\\000\\000\\000\\000\\000\\226t\\000\\016MATERIAL_TYPESsq\\000~\\000\\012\\000\\000\\000\\000\\000\\226t\\000\\016DATA_SET_TYPESxt\\000 entity-browser-grid-SAMPLE-(all)sq\\000~\\000\\010\\000\\000\\000\\036w\\004\\000\\000\\000&sq\\000~\\000\\012\\000\\001\\000\\000\\000\\226t\\000\\021DATABASE_INSTANCEsq\\000~\\000\\012\\000\\001\\000\\000\\000\\226t\\000\\005GROUPsq\\000~\\000\\012\\001\\000\\000\\000\\000\\206q\\000~\\000\\015sq\\000~\\000\\012\\001\\000\\000\\000\\000ht\\000\\007SUBCODEsq\\000~\\000\\012\\000\\000\\000\\000\\000\\351t\\000\\021SAMPLE_IDENTIFIERsq\\000~\\000\\012\\000\\000\\000\\000\\000it\\000\\013SAMPLE_TYPEsq\\000~\\000\\012\\000\\001\\000\\000\\000\\226t\\000\\022IS_INSTANCE_SAMPLEsq\\000~\\000\\012\\000\\001\\000\\000\\000\\226t\\000\\012IS_INVALIDsq\\000~\\000\\012\\000\\000\\000\\000\\000Wt\\000\\012EXPERIMENTsq\\000~\\000\\012\\000\\001\\000\\000\\000\\310t\\000\\025EXPERIMENT_IDENTIFIERsq\\000~\\000\\012\\000\\000\\000\\000\\000Pt\\000\\007PROJECTsq\\000~\\000\\012\\000\\001\\000\\000\\000\\226q\\000~\\000\\023sq\\000~\\000\\012\\000\\001\\000\\000\\001,q\\000~\\000\\025sq\\000~\\000\\012\\000\\001\\000\\000\\000\\226t\\000\\007PERM_IDsq\\000~\\000\\012\\000\\000\\000\\000\\000\\226t\\000\\021SHOW_DETAILS_LINKsq\\000~\\000\\012\\000\\001\\000\\000\\000\\352t\\000\\023property-USER-OWNERsq\\000~\\000\\012\\000\\001\\000\\000\\000}t\\000\\032property-USER-OWNER_NUMBERsq\\000~\\000\\012\\000\\001\\000\\000\\000\\357t\\000\\032property-USER-PLASMID_NAMEsq\\000~\\000\\012\\000\\001\\000\\000\\000\\303t\\000-property-USER-BACTERIAL_ANTIBIOTIC_RESISTANCEsq\\000~\\000\\012\\000\\001\\000\\000\\0011t\\000\\026property-USER-BACKBONEsq\\000~\\000\\012\\000\\001\\000\\000\\000_t\\000\\033property-USER-DERIVATIVE_OFsq\\000~\\000\\012\\000\\001\\000\\000\\000\\177t\\000\\032property-USER-YEAST_MARKERsq\\000~\\000\\012\\000\\001\\000\\000\\000at\\000\\032property-USER-OTHER_MARKERsq\\000~\\000\\012\\000\\001\\000\\000\\000\\301t\\000*property-USER-FLANKING_RESTRICTION_ENZYMESsq\\000~\\000\\012\\000\\001\\000\\000\\001At\\000\\026property-USER-COMMENTSsq\\000~\\000\\012\\000\\001\\000\\000\\000+t\\000\\021property-USER-ROWsq\\000~\\000\\012\\000\\001\\000\\000\\000@t\\000\\024property-USER-COLUMNsq\\000~\\000\\012\\000\\001\\000\\000\\000xt\\000\\026property-USER-BOX_SIZEsq\\000~\\000\\012\\000\\000\\000\\000\\000\\247t\\000\\020containerParent1sq\\000~\\000\\012\\000\\000\\000\\000\\000\\332t\\000\\024generatedFromParent1xt\\000\\022search-result-gridsq\\000~\\000\\010\\000\\000\\000\\006w\\004\\000\\000\\000\\012sq\\000~\\000\\012\\000\\000\\000\\000\\000\\226q\\000~\\0009sq\\000~\\000\\012\\001\\000\\000\\000\\000\\226t\\000\\013ENTITY_TYPEsq\\000~\\000\\012\\001\\000\\000\\000\\000\\262t\\000\\012IDENTIFIERsq\\000~\\000\\012\\000\\000\\000\\000\\000\\226q\\000~\\000\\023sq\\000~\\000\\012\\001\\000\\000\\000\\000\\262t\\000\\016MATCHING_FIELDsq\\000~\\000\\012\\000\\000\\000\\000\\000\\310t\\000\\015MATCHING_TEXTxt\\000$sample-details-grid-DATA_SET-PLASMIDsq\\000~\\000\\010\\000\\000\\000\\026w\\004\\000\\000\\000\\031sq\\000~\\000\\012\\001\\000\\000\\000\\000\\267q\\000~\\000\\015sq\\000~\\000\\012\\000\\001\\000\\000\\000dt\\000\\006SAMPLEsq\\000~\\000\\012\\000\\001\\000\\000\\000\\310q\\000~\\000_sq\\000~\\000\\012\\000\\001\\000\\000\\000\\226q\\000~\\000asq\\000~\\000\\012\\000\\001\\000\\000\\000dq\\000~\\000gsq\\000~\\000\\012\\000\\001\\000\\000\\000dq\\000~\\000isq\\000~\\000\\012\\000\\001\\000\\000\\000xt\\000\\017EXPERIMENT_TYPEsq\\000~\\000\\012\\000\\001\\000\\000\\000\\226q\\000~\\000ksq\\000~\\000\\012\\001\\000\\000\\000\\000\\347q\\000~\\000\\025sq\\000~\\000\\012\\000\\001\\000\\000\\000\\226q\\000~\\000esq\\000~\\000\\012\\000\\001\\000\\000\\000\\226t\\000\\013SOURCE_TYPEsq\\000~\\000\\012\\000\\001\\000\\000\\000\\226t\\000\\013IS_COMPLETEsq\\000~\\000\\012\\000\\001\\000\\000\\002\\032t\\000\\010LOCATIONsq\\000~\\000\\012\\000\\001\\000\\000\\000\\310t\\000\\006STATUSsq\\000~\\000\\012\\000\\001\\000\\000\\000\\226t\\000\\020FILE_FORMAT_TYPEsq\\000~\\000\\012\\001\\000\\000\\000\\000it\\000\\015DATA_SET_TYPEsq\\000~\\000\\012\\000\\001\\000\\000\\000\\310t\\000\\017PRODUCTION_DATEsq\\000~\\000\\012\\000\\001\\000\\000\\000\\226t\\000\\022DATA_PRODUCER_CODEsq\\000~\\000\\012\\000\\001\\000\\000\\000\\226t\\000\\017DATA_STORE_CODEsq\\000~\\000\\012\\000\\001\\000\\000\\000\\226q\\000~\\000osq\\000~\\000\\012\\000\\001\\000\\000\\000\\226q\\000~\\000qsq\\000~\\000\\012\\001\\000\\000\\000\\000\\216t\\000\\027property-USER-FILE_NAMExt\\000$entity-browser-grid-EXPERIMENT-(all)sq\\000~\\000\\010\\000\\000\\000\\013w\\004\\000\\000\\000\\020sq\\000~\\000\\012\\001\\000\\000\\000\\000\\226q\\000~\\000\\015sq\\000~\\000\\012\\000\\001\\000\\000\\000\\226q\\000~\\000\\246sq\\000~\\000\\012\\000\\000\\000\\000\\000\\321q\\000~\\000isq\\000~\\000\\012\\000\\001\\000\\000\\000\\226q\\000~\\000Xsq\\000~\\000\\012\\000\\001\\000\\000\\000\\226q\\000~\\000Zsq\\000~\\000\\012\\000\\001\\000\\000\\000\\226q\\000~\\000ksq\\000~\\000\\012\\000\\000\\000\\000\\000\\226q\\000~\\000\\023sq\\000~\\000\\012\\000\\000\\000\\000\\000\\310q\\000~\\000\\025sq\\000~\\000\\012\\000\\001\\000\\000\\000\\226q\\000~\\000esq\\000~\\000\\012\\000\\001\\000\\000\\000\\226q\\000~\\000osq\\000~\\000\\012\\000\\001\\000\\000\\000\\226q\\000~\\000qxt\\000$data-set-search-result-grid-DATA_SETsq\\000~\\000\\010\\000\\000\\000\\025w\\004\\000\\000\\000\\031sq\\000~\\000\\012\\001\\000\\000\\000\\000\\331q\\000~\\000\\015sq\\000~\\000\\012\\000\\001\\000\\000\\000dq\\000~\\000\\240sq\\000~\\000\\012\\000\\000\\000\\000\\000\\310q\\000~\\000_sq\\000~\\000\\012\\000\\000\\000\\000\\000\\226q\\000~\\000asq\\000~\\000\\012\\000\\001\\000\\000\\000dq\\000~\\000gsq\\000~\\000\\012\\000\\001\\000\\000\\000dq\\000~\\000isq\\000~\\000\\012\\000\\001\\000\\000\\000xq\\000~\\000\\246sq\\000~\\000\\012\\000\\000\\000\\000\\000\\226q\\000~\\000ksq\\000~\\000\\012\\000\\000\\000\\000\\000\\310q\\000~\\000\\025sq\\000~\\000\\012\\000\\001\\000\\000\\000\\226q\\000~\\000esq\\000~\\000\\012\\000\\001\\000\\000\\000\\226q\\000~\\000\\253sq\\000~\\000\\012\\000\\001\\000\\000\\000\\226q\\000~\\000\\255sq\\000~\\000\\012\\000\\001\\000\\000\\000\\226q\\000~\\000\\257sq\\000~\\000\\012\\000\\001\\000\\000\\000\\310q\\000~\\000\\261sq\\000~\\000\\012\\001\\001\\000\\000\\000\\226q\\000~\\000\\263sq\\000~\\000\\012\\000\\001\\000\\000\\000\\226q\\000~\\000\\265sq\\000~\\000\\012\\000\\001\\000\\000\\000\\310q\\000~\\000\\267sq\\000~\\000\\012\\000\\001\\000\\000\\000\\226q\\000~\\000\\271sq\\000~\\000\\012\\000\\001\\000\\000\\000\\226q\\000~\\000\\273sq\\000~\\000\\012\\000\\001\\000\\000\\000\\226q\\000~\\000osq\\000~\\000\\012\\000\\001\\000\\000\\000\\226q\\000~\\000qxt\\000"entity-browser-grid-SAMPLE-PLASMIDsq\\000~\\000\\010\\000\\000\\000\\035w\\004\\000\\000\\000&sq\\000~\\000\\012\\000\\001\\000\\000\\000\\226q\\000~\\000Xsq\\000~\\000\\012\\000\\001\\000\\000\\000\\226q\\000~\\000Zsq\\000~\\000\\012\\001\\000\\000\\000\\000\\226q\\000~\\000\\015sq\\000~\\000\\012\\001\\000\\000\\000\\000\\226q\\000~\\000]sq\\000~\\000\\012\\000\\000\\000\\000\\000\\226q\\000~\\000_sq\\000~\\000\\012\\000\\001\\000\\000\\000\\226q\\000~\\000asq\\000~\\000\\012\\000\\001\\000\\000\\000\\226q\\000~\\000csq\\000~\\000\\012\\000\\001\\000\\000\\000\\226q\\000~\\000esq\\000~\\000\\012\\000\\001\\000\\000\\000\\226q\\000~\\000gsq\\000~\\000\\012\\000\\001\\000\\000\\000\\310q\\000~\\000isq\\000~\\000\\012\\000\\001\\000\\000\\000\\226q\\000~\\000ksq\\000~\\000\\012\\000\\000\\000\\000\\000\\226q\\000~\\000\\023sq\\000~\\000\\012\\000\\000\\000\\000\\001,q\\000~\\000\\025sq\\000~\\000\\012\\000\\001\\000\\000\\000\\226q\\000~\\000osq\\000~\\000\\012\\000\\000\\000\\000\\000\\332q\\000~\\000\\217sq\\000~\\000\\012\\001\\000\\000\\000\\000xq\\000~\\000}sq\\000~\\000\\012\\000\\000\\000\\000\\000\\247q\\000~\\000\\215sq\\000~\\000\\012\\000\\000\\000\\000\\000)q\\000~\\000\\207sq\\000~\\000\\012\\000\\000\\000\\000\\000@q\\000~\\000\\211sq\\000~\\000\\012\\000\\000\\000\\000\\000|q\\000~\\000qsq\\000~\\000\\012\\000\\000\\000\\000\\000\\200q\\000~\\000ssq\\000~\\000\\012\\000\\000\\000\\000\\000mq\\000~\\000usq\\000~\\000\\012\\000\\000\\000\\000\\000\\357q\\000~\\000wsq\\000~\\000\\012\\001\\000\\000\\000\\000\\200q\\000~\\000{sq\\000~\\000\\012\\000\\000\\000\\000\\000\\177q\\000~\\000\\177sq\\000~\\000\\012\\000\\000\\000\\000\\000aq\\000~\\000\\201sq\\000~\\000\\012\\000\\000\\000\\000\\000\\301q\\000~\\000\\203sq\\000~\\000\\012\\000\\000\\000\\000\\000\\303q\\000~\\000ysq\\000~\\000\\012\\000\\000\\000\\000\\0018q\\000~\\000\\205xt\\000,sample-details-grid-SAMPLE-(all)-PLASMID_BOXsq\\000~\\000\\010\\000\\000\\000\\035w\\004\\000\\000\\000&sq\\000~\\000\\012\\000\\001\\000\\000\\000\\226q\\000~\\000Xsq\\000~\\000\\012\\000\\001\\000\\000\\000\\226q\\000~\\000Zsq\\000~\\000\\012\\001\\000\\000\\000\\000\\226q\\000~\\000\\015sq\\000~\\000\\012\\000\\001\\000\\000\\000\\226q\\000~\\000]sq\\000~\\000\\012\\000\\001\\000\\000\\000\\226q\\000~\\000_sq\\000~\\000\\012\\000\\001\\000\\000\\000\\226q\\000~\\000asq\\000~\\000\\012\\000\\001\\000\\000\\000\\226q\\000~\\000csq\\000~\\000\\012\\000\\001\\000\\000\\000\\226q\\000~\\000esq\\000~\\000\\012\\001\\000\\000\\000\\000\\226q\\000~\\000gsq\\000~\\000\\012\\000\\001\\000\\000\\000\\310q\\000~\\000isq\\000~\\000\\012\\001\\000\\000\\000\\000\\226q\\000~\\000ksq\\000~\\000\\012\\000\\000\\000\\000\\000\\226q\\000~\\000\\023sq\\000~\\000\\012\\000\\000\\000\\000\\001,q\\000~\\000\\025sq\\000~\\000\\012\\000\\001\\000\\000\\000\\226q\\000~\\000osq\\000~\\000\\012\\000\\001\\000\\000\\000\\226q\\000~\\000qsq\\000~\\000\\012\\000\\001\\000\\000\\000\\247q\\000~\\000\\215sq\\000~\\000\\012\\000\\001\\000\\000\\0000q\\000~\\000\\207sq\\000~\\000\\012\\000\\001\\000\\000\\000@q\\000~\\000\\211sq\\000~\\000\\012\\000\\001\\000\\000\\000Eq\\000~\\000\\217sq\\000~\\000\\012\\000\\001\\000\\000\\000xq\\000~\\000}sq\\000~\\000\\012\\000\\001\\000\\000\\000xq\\000~\\000ssq\\000~\\000\\012\\000\\001\\000\\000\\000xq\\000~\\000usq\\000~\\000\\012\\000\\001\\000\\000\\000xq\\000~\\000wsq\\000~\\000\\012\\000\\001\\000\\000\\000xq\\000~\\000{sq\\000~\\000\\012\\000\\001\\000\\000\\000xq\\000~\\000ysq\\000~\\000\\012\\000\\001\\000\\000\\000xq\\000~\\000\\177sq\\000~\\000\\012\\000\\001\\000\\000\\000xq\\000~\\000\\201sq\\000~\\000\\012\\000\\001\\000\\000\\000xq\\000~\\000\\203sq\\000~\\000\\012\\000\\001\\000\\000\\000xq\\000~\\000\\205xt\\000&entity-browser-grid-SAMPLE-PLASMID_BOXsq\\000~\\000\\010\\000\\000\\000\\020w\\004\\000\\000\\000\\020sq\\000~\\000\\012\\000\\001\\000\\000\\000\\226q\\000~\\000Xsq\\000~\\000\\012\\000\\001\\000\\000\\000\\226q\\000~\\000Zsq\\000~\\000\\012\\001\\000\\000\\000\\000\\226q\\000~\\000\\015sq\\000~\\000\\012\\000\\001\\000\\000\\000\\226q\\000~\\000]sq\\000~\\000\\012\\000\\001\\000\\000\\000\\247q\\000~\\000_sq\\000~\\000\\012\\000\\001\\000\\000\\000\\226q\\000~\\000asq\\000~\\000\\012\\000\\001\\000\\000\\000\\226q\\000~\\000csq\\000~\\000\\012\\000\\001\\000\\000\\000\\226q\\000~\\000esq\\000~\\000\\012\\000\\001\\000\\000\\000\\226q\\000~\\000gsq\\000~\\000\\012\\000\\001\\000\\000\\000\\310q\\000~\\000isq\\000~\\000\\012\\000\\001\\000\\000\\000\\226q\\000~\\000ksq\\000~\\000\\012\\000\\000\\000\\000\\000\\226q\\000~\\000\\023sq\\000~\\000\\012\\000\\000\\000\\000\\001,q\\000~\\000\\025sq\\000~\\000\\012\\000\\001\\000\\000\\000\\226q\\000~\\000osq\\000~\\000\\012\\000\\001\\000\\000\\000\\226q\\000~\\000qsq\\000~\\000\\012\\000\\000\\000\\000\\000xq\\000~\\000\\213xt\\000\\027attachment-browser-gridsq\\000~\\000\\010\\000\\000\\000\\007w\\004\\000\\000\\000\\012sq\\000~\\000\\012\\000\\000\\000\\000\\000\\310t\\000\\011FILE_NAMEsq\\000~\\000\\012\\000\\001\\000\\000\\000\\226t\\000\\010PERMLINKsq\\000~\\000\\012\\000\\000\\000\\000\\000\\226t\\000\\007VERSIONsq\\000~\\000\\012\\000\\000\\000\\000\\000\\310t\\000\\005TITLEsq\\000~\\000\\012\\000\\000\\000\\000\\001,q\\000~\\000\\017sq\\000~\\000\\012\\000\\000\\000\\000\\000\\226q\\000~\\000\\023sq\\000~\\000\\012\\000\\000\\000\\000\\001,q\\000~\\000\\025xx\\000sr\\000Och.systemsx.cisd.openbis.generic.shared.basic.dto.RealNumberFormatingParameters\\000\\000\\000\\000\\000\\000\\000\\001\\002\\000\\003Z\\000\\020formatingEnabledI\\000\\011precisionZ\\000\\012scientificxp\\001\\000\\000\\000\\004\\000sq\\000~\\000\\005?@\\000\\000\\000\\000\\000\\014w\\010\\000\\000\\000\\020\\000\\000\\000\\004t\\000/attachment-sectiongeneric-sample-viewer-PLASMIDsr\\000\\021java.lang.Boolean\\315 r\\200\\325\\234\\372\\356\\002\\000\\001Z\\000\\005valuexp\\001t\\0003attachment-sectiongeneric-sample-viewer-PLASMID_BOXsq\\000~\\001E\\000t\\000+sample-sectiongeneric-sample-viewer-PLASMIDq\\000~\\001Ht\\0001data-set-sectiongeneric-sample-viewer-PLASMID_BOXq\\000~\\001Hx
9	Diana Silvia Marina	Ottoz	ottozd	diana.ottoz@bsse.ethz.ch	1	1	2010-05-31 17:04:02.897602+02	1	\\254\\355\\000\\005sr\\000Ach.systemsx.cisd.openbis.generic.shared.basic.dto.DisplaySettings\\000\\000\\000\\000\\000\\000\\000\\001\\002\\000\\005Z\\000)displayCustomColumnDebuggingErrorMessagesZ\\000\\025useWildcardSearchModeL\\000\\016columnSettingst\\000\\017Ljava/util/Map;L\\000\\035realNumberFormatingParameterst\\000QLch/systemsx/cisd/openbis/generic/shared/basic/dto/RealNumberFormatingParameters;L\\000\\017sectionSettingsq\\000~\\000\\001xp\\000\\000sr\\000\\027java.util.LinkedHashMap4\\300N\\\\\\020l\\300\\373\\002\\000\\001Z\\000\\013accessOrderxr\\000\\021java.util.HashMap\\005\\007\\332\\301\\303\\026`\\321\\003\\000\\002F\\000\\012loadFactorI\\000\\011thresholdxp?@\\000\\000\\000\\000\\000\\030w\\010\\000\\000\\000 \\000\\000\\000\\015t\\000\\027vocabulary-browser-gridsr\\000\\023java.util.ArrayListx\\201\\322\\035\\231\\307a\\235\\003\\000\\001I\\000\\004sizexp\\000\\000\\000\\007w\\004\\000\\000\\000\\012sr\\000?ch.systemsx.cisd.openbis.generic.shared.basic.dto.ColumnSetting\\000\\000\\000\\000\\000\\000\\000\\001\\002\\000\\004Z\\000\\011hasFilterZ\\000\\006hiddenI\\000\\005widthL\\000\\010columnIDt\\000\\022Ljava/lang/String;xp\\001\\000\\000\\000\\000\\377t\\000\\004CODEsq\\000~\\000\\012\\000\\000\\000\\000\\001,t\\000\\013DESCRIPTIONsq\\000~\\000\\012\\000\\000\\000\\000\\000\\226t\\000\\025IS_MANAGED_INTERNALLYsq\\000~\\000\\012\\000\\000\\000\\000\\000\\226t\\000\\013REGISTRATORsq\\000~\\000\\012\\000\\000\\000\\000\\001,t\\000\\021REGISTRATION_DATEsq\\000~\\000\\012\\000\\001\\000\\000\\001,t\\000\\014URL_TEMPLATEsq\\000~\\000\\012\\000\\001\\000\\000\\000\\226t\\000\\020SHOW_IN_CHOOSERSxt\\000\\025vocabulary-terms-gridsq\\000~\\000\\010\\000\\000\\000\\014w\\004\\000\\000\\000\\020sq\\000~\\000\\012\\001\\000\\000\\000\\000\\355q\\000~\\000\\015sq\\000~\\000\\012\\001\\000\\000\\000\\000\\310t\\000\\005LABELsq\\000~\\000\\012\\000\\001\\000\\000\\001,q\\000~\\000\\017sq\\000~\\000\\012\\000\\001\\000\\000\\000dt\\000\\007ORDINALsq\\000~\\000\\012\\000\\000\\000\\000\\000\\310t\\000\\003URLsq\\000~\\000\\012\\000\\000\\000\\000\\000\\226q\\000~\\000\\023sq\\000~\\000\\012\\000\\000\\000\\000\\001,q\\000~\\000\\025sq\\000~\\000\\012\\000\\000\\000\\000\\000\\226t\\000\\013TOTAL_USAGEsq\\000~\\000\\012\\000\\001\\000\\000\\000\\226t\\000\\020EXPERIMENT_USAGEsq\\000~\\000\\012\\000\\001\\000\\000\\000\\226t\\000\\014SAMPLE_USAGEsq\\000~\\000\\012\\000\\001\\000\\000\\000\\226t\\000\\016DATA_SET_USAGEsq\\000~\\000\\012\\000\\001\\000\\000\\000\\226t\\000\\016MATERIAL_USAGExt\\000%property-type-assignment-browser-gridsq\\000~\\000\\010\\000\\000\\000\\011w\\004\\000\\000\\000\\012sq\\000~\\000\\012\\001\\000\\000\\000\\001\\024t\\000\\022PROPERTY_TYPE_CODEsq\\000~\\000\\012\\000\\001\\000\\000\\000\\226q\\000~\\000\\036sq\\000~\\000\\012\\000\\001\\000\\000\\000\\226q\\000~\\000\\017sq\\000~\\000\\012\\001\\000\\000\\000\\000\\310t\\000\\020ENTITY_TYPE_CODEsq\\000~\\000\\012\\001\\000\\000\\000\\000\\226t\\000\\013ENTITY_KINDsq\\000~\\000\\012\\000\\000\\000\\000\\000\\226t\\000\\014IS_MANDATORYsq\\000~\\000\\012\\000\\000\\000\\000\\001Mt\\000\\011DATA_TYPEsq\\000~\\000\\012\\000\\000\\000\\000\\000dq\\000~\\000!sq\\000~\\000\\012\\000\\000\\000\\000\\000\\226t\\000\\007SECTIONxt\\000\\032property-type-browser-gridsq\\000~\\000\\010\\000\\000\\000\\013w\\004\\000\\000\\000\\020sq\\000~\\000\\012\\001\\000\\000\\000\\000\\226q\\000~\\000\\036sq\\000~\\000\\012\\001\\000\\000\\000\\000\\370q\\000~\\000\\015sq\\000~\\000\\012\\001\\000\\000\\000\\000\\310q\\000~\\000=sq\\000~\\000\\012\\000\\001\\000\\000\\000\\226t\\000\\016DATA_TYPE_CODEsq\\000~\\000\\012\\000\\001\\000\\000\\000\\226t\\000\\012VOCABULARYsq\\000~\\000\\012\\000\\001\\000\\000\\000\\226t\\000\\015MATERIAL_TYPEsq\\000~\\000\\012\\000\\000\\000\\000\\000\\226q\\000~\\000\\017sq\\000~\\000\\012\\000\\000\\000\\000\\000\\226t\\000\\014SAMPLE_TYPESsq\\000~\\000\\012\\000\\000\\000\\000\\000\\226t\\000\\020EXPERIMENT_TYPESsq\\000~\\000\\012\\000\\000\\000\\000\\000\\226t\\000\\016MATERIAL_TYPESsq\\000~\\000\\012\\000\\000\\000\\000\\000\\226t\\000\\016DATA_SET_TYPESxt\\000 entity-browser-grid-SAMPLE-(all)sq\\000~\\000\\010\\000\\000\\000\\036w\\004\\000\\000\\000&sq\\000~\\000\\012\\000\\001\\000\\000\\000\\226t\\000\\021DATABASE_INSTANCEsq\\000~\\000\\012\\000\\001\\000\\000\\000\\226t\\000\\005GROUPsq\\000~\\000\\012\\001\\000\\000\\000\\000\\206q\\000~\\000\\015sq\\000~\\000\\012\\001\\000\\000\\000\\000ht\\000\\007SUBCODEsq\\000~\\000\\012\\000\\000\\000\\000\\000\\351t\\000\\021SAMPLE_IDENTIFIERsq\\000~\\000\\012\\000\\000\\000\\000\\000it\\000\\013SAMPLE_TYPEsq\\000~\\000\\012\\000\\001\\000\\000\\000\\226t\\000\\022IS_INSTANCE_SAMPLEsq\\000~\\000\\012\\000\\001\\000\\000\\000\\226t\\000\\012IS_INVALIDsq\\000~\\000\\012\\000\\000\\000\\000\\000Wt\\000\\012EXPERIMENTsq\\000~\\000\\012\\000\\001\\000\\000\\000\\310t\\000\\025EXPERIMENT_IDENTIFIERsq\\000~\\000\\012\\000\\000\\000\\000\\000Pt\\000\\007PROJECTsq\\000~\\000\\012\\000\\001\\000\\000\\000\\226q\\000~\\000\\023sq\\000~\\000\\012\\000\\001\\000\\000\\001,q\\000~\\000\\025sq\\000~\\000\\012\\000\\001\\000\\000\\000\\226t\\000\\007PERM_IDsq\\000~\\000\\012\\000\\000\\000\\000\\000\\226t\\000\\021SHOW_DETAILS_LINKsq\\000~\\000\\012\\000\\001\\000\\000\\000\\352t\\000\\023property-USER-OWNERsq\\000~\\000\\012\\000\\001\\000\\000\\000}t\\000\\032property-USER-OWNER_NUMBERsq\\000~\\000\\012\\000\\001\\000\\000\\000\\357t\\000\\032property-USER-PLASMID_NAMEsq\\000~\\000\\012\\000\\001\\000\\000\\000\\303t\\000-property-USER-BACTERIAL_ANTIBIOTIC_RESISTANCEsq\\000~\\000\\012\\000\\001\\000\\000\\0011t\\000\\026property-USER-BACKBONEsq\\000~\\000\\012\\000\\001\\000\\000\\000_t\\000\\033property-USER-DERIVATIVE_OFsq\\000~\\000\\012\\000\\001\\000\\000\\000\\177t\\000\\032property-USER-YEAST_MARKERsq\\000~\\000\\012\\000\\001\\000\\000\\000at\\000\\032property-USER-OTHER_MARKERsq\\000~\\000\\012\\000\\001\\000\\000\\000\\301t\\000*property-USER-FLANKING_RESTRICTION_ENZYMESsq\\000~\\000\\012\\000\\001\\000\\000\\001At\\000\\026property-USER-COMMENTSsq\\000~\\000\\012\\000\\001\\000\\000\\000+t\\000\\021property-USER-ROWsq\\000~\\000\\012\\000\\001\\000\\000\\000@t\\000\\024property-USER-COLUMNsq\\000~\\000\\012\\000\\001\\000\\000\\000xt\\000\\026property-USER-BOX_SIZEsq\\000~\\000\\012\\000\\000\\000\\000\\000\\247t\\000\\020containerParent1sq\\000~\\000\\012\\000\\000\\000\\000\\000\\332t\\000\\024generatedFromParent1xt\\000\\022search-result-gridsq\\000~\\000\\010\\000\\000\\000\\006w\\004\\000\\000\\000\\012sq\\000~\\000\\012\\000\\000\\000\\000\\000\\226q\\000~\\0009sq\\000~\\000\\012\\001\\000\\000\\000\\000\\226t\\000\\013ENTITY_TYPEsq\\000~\\000\\012\\001\\000\\000\\000\\000\\262t\\000\\012IDENTIFIERsq\\000~\\000\\012\\000\\000\\000\\000\\000\\226q\\000~\\000\\023sq\\000~\\000\\012\\001\\000\\000\\000\\000\\262t\\000\\016MATCHING_FIELDsq\\000~\\000\\012\\000\\000\\000\\000\\000\\310t\\000\\015MATCHING_TEXTxt\\000$sample-details-grid-DATA_SET-PLASMIDsq\\000~\\000\\010\\000\\000\\000\\026w\\004\\000\\000\\000\\031sq\\000~\\000\\012\\001\\000\\000\\000\\000\\267q\\000~\\000\\015sq\\000~\\000\\012\\000\\001\\000\\000\\000dt\\000\\006SAMPLEsq\\000~\\000\\012\\000\\001\\000\\000\\000\\310q\\000~\\000_sq\\000~\\000\\012\\000\\001\\000\\000\\000\\226q\\000~\\000asq\\000~\\000\\012\\000\\001\\000\\000\\000dq\\000~\\000gsq\\000~\\000\\012\\000\\001\\000\\000\\000dq\\000~\\000isq\\000~\\000\\012\\000\\001\\000\\000\\000xt\\000\\017EXPERIMENT_TYPEsq\\000~\\000\\012\\000\\001\\000\\000\\000\\226q\\000~\\000ksq\\000~\\000\\012\\001\\000\\000\\000\\000\\347q\\000~\\000\\025sq\\000~\\000\\012\\000\\001\\000\\000\\000\\226q\\000~\\000esq\\000~\\000\\012\\000\\001\\000\\000\\000\\226t\\000\\013SOURCE_TYPEsq\\000~\\000\\012\\000\\001\\000\\000\\000\\226t\\000\\013IS_COMPLETEsq\\000~\\000\\012\\000\\001\\000\\000\\002\\032t\\000\\010LOCATIONsq\\000~\\000\\012\\000\\001\\000\\000\\000\\310t\\000\\006STATUSsq\\000~\\000\\012\\000\\001\\000\\000\\000\\226t\\000\\020FILE_FORMAT_TYPEsq\\000~\\000\\012\\001\\000\\000\\000\\000it\\000\\015DATA_SET_TYPEsq\\000~\\000\\012\\000\\001\\000\\000\\000\\310t\\000\\017PRODUCTION_DATEsq\\000~\\000\\012\\000\\001\\000\\000\\000\\226t\\000\\022DATA_PRODUCER_CODEsq\\000~\\000\\012\\000\\001\\000\\000\\000\\226t\\000\\017DATA_STORE_CODEsq\\000~\\000\\012\\000\\001\\000\\000\\000\\226q\\000~\\000osq\\000~\\000\\012\\000\\001\\000\\000\\000\\226q\\000~\\000qsq\\000~\\000\\012\\001\\000\\000\\000\\000\\216t\\000\\027property-USER-FILE_NAMExt\\000$entity-browser-grid-EXPERIMENT-(all)sq\\000~\\000\\010\\000\\000\\000\\013w\\004\\000\\000\\000\\020sq\\000~\\000\\012\\001\\000\\000\\000\\000\\226q\\000~\\000\\015sq\\000~\\000\\012\\000\\001\\000\\000\\000\\226q\\000~\\000\\246sq\\000~\\000\\012\\000\\000\\000\\000\\000\\321q\\000~\\000isq\\000~\\000\\012\\000\\001\\000\\000\\000\\226q\\000~\\000Xsq\\000~\\000\\012\\000\\001\\000\\000\\000\\226q\\000~\\000Zsq\\000~\\000\\012\\000\\001\\000\\000\\000\\226q\\000~\\000ksq\\000~\\000\\012\\000\\000\\000\\000\\000\\226q\\000~\\000\\023sq\\000~\\000\\012\\000\\000\\000\\000\\000\\310q\\000~\\000\\025sq\\000~\\000\\012\\000\\001\\000\\000\\000\\226q\\000~\\000esq\\000~\\000\\012\\000\\001\\000\\000\\000\\226q\\000~\\000osq\\000~\\000\\012\\000\\001\\000\\000\\000\\226q\\000~\\000qxt\\000$data-set-search-result-grid-DATA_SETsq\\000~\\000\\010\\000\\000\\000\\025w\\004\\000\\000\\000\\031sq\\000~\\000\\012\\001\\000\\000\\000\\000\\331q\\000~\\000\\015sq\\000~\\000\\012\\000\\001\\000\\000\\000dq\\000~\\000\\240sq\\000~\\000\\012\\000\\000\\000\\000\\000\\310q\\000~\\000_sq\\000~\\000\\012\\000\\000\\000\\000\\000\\226q\\000~\\000asq\\000~\\000\\012\\000\\001\\000\\000\\000dq\\000~\\000gsq\\000~\\000\\012\\000\\001\\000\\000\\000dq\\000~\\000isq\\000~\\000\\012\\000\\001\\000\\000\\000xq\\000~\\000\\246sq\\000~\\000\\012\\000\\000\\000\\000\\000\\226q\\000~\\000ksq\\000~\\000\\012\\000\\000\\000\\000\\000\\310q\\000~\\000\\025sq\\000~\\000\\012\\000\\001\\000\\000\\000\\226q\\000~\\000esq\\000~\\000\\012\\000\\001\\000\\000\\000\\226q\\000~\\000\\253sq\\000~\\000\\012\\000\\001\\000\\000\\000\\226q\\000~\\000\\255sq\\000~\\000\\012\\000\\001\\000\\000\\000\\226q\\000~\\000\\257sq\\000~\\000\\012\\000\\001\\000\\000\\000\\310q\\000~\\000\\261sq\\000~\\000\\012\\001\\001\\000\\000\\000\\226q\\000~\\000\\263sq\\000~\\000\\012\\000\\001\\000\\000\\000\\226q\\000~\\000\\265sq\\000~\\000\\012\\000\\001\\000\\000\\000\\310q\\000~\\000\\267sq\\000~\\000\\012\\000\\001\\000\\000\\000\\226q\\000~\\000\\271sq\\000~\\000\\012\\000\\001\\000\\000\\000\\226q\\000~\\000\\273sq\\000~\\000\\012\\000\\001\\000\\000\\000\\226q\\000~\\000osq\\000~\\000\\012\\000\\001\\000\\000\\000\\226q\\000~\\000qxt\\000"entity-browser-grid-SAMPLE-PLASMIDsq\\000~\\000\\010\\000\\000\\000\\035w\\004\\000\\000\\000&sq\\000~\\000\\012\\000\\001\\000\\000\\000\\226q\\000~\\000Xsq\\000~\\000\\012\\000\\001\\000\\000\\000\\226q\\000~\\000Zsq\\000~\\000\\012\\001\\000\\000\\000\\000\\226q\\000~\\000\\015sq\\000~\\000\\012\\001\\000\\000\\000\\000\\226q\\000~\\000]sq\\000~\\000\\012\\000\\000\\000\\000\\000\\226q\\000~\\000_sq\\000~\\000\\012\\000\\001\\000\\000\\000\\226q\\000~\\000asq\\000~\\000\\012\\000\\001\\000\\000\\000\\226q\\000~\\000csq\\000~\\000\\012\\000\\001\\000\\000\\000\\226q\\000~\\000esq\\000~\\000\\012\\000\\001\\000\\000\\000\\226q\\000~\\000gsq\\000~\\000\\012\\000\\001\\000\\000\\000\\310q\\000~\\000isq\\000~\\000\\012\\000\\001\\000\\000\\000\\226q\\000~\\000ksq\\000~\\000\\012\\000\\000\\000\\000\\000\\226q\\000~\\000\\023sq\\000~\\000\\012\\000\\000\\000\\000\\001,q\\000~\\000\\025sq\\000~\\000\\012\\000\\001\\000\\000\\000\\226q\\000~\\000osq\\000~\\000\\012\\000\\000\\000\\000\\000\\332q\\000~\\000\\217sq\\000~\\000\\012\\001\\000\\000\\000\\000xq\\000~\\000}sq\\000~\\000\\012\\000\\000\\000\\000\\000\\247q\\000~\\000\\215sq\\000~\\000\\012\\000\\000\\000\\000\\000)q\\000~\\000\\207sq\\000~\\000\\012\\000\\000\\000\\000\\000@q\\000~\\000\\211sq\\000~\\000\\012\\000\\000\\000\\000\\000|q\\000~\\000qsq\\000~\\000\\012\\000\\000\\000\\000\\000\\200q\\000~\\000ssq\\000~\\000\\012\\000\\000\\000\\000\\000mq\\000~\\000usq\\000~\\000\\012\\000\\000\\000\\000\\000\\357q\\000~\\000wsq\\000~\\000\\012\\001\\000\\000\\000\\000\\200q\\000~\\000{sq\\000~\\000\\012\\000\\000\\000\\000\\000\\177q\\000~\\000\\177sq\\000~\\000\\012\\000\\000\\000\\000\\000aq\\000~\\000\\201sq\\000~\\000\\012\\000\\000\\000\\000\\000\\301q\\000~\\000\\203sq\\000~\\000\\012\\000\\000\\000\\000\\000\\303q\\000~\\000ysq\\000~\\000\\012\\000\\000\\000\\000\\0018q\\000~\\000\\205xt\\000,sample-details-grid-SAMPLE-(all)-PLASMID_BOXsq\\000~\\000\\010\\000\\000\\000\\035w\\004\\000\\000\\000&sq\\000~\\000\\012\\000\\001\\000\\000\\000\\226q\\000~\\000Xsq\\000~\\000\\012\\000\\001\\000\\000\\000\\226q\\000~\\000Zsq\\000~\\000\\012\\001\\000\\000\\000\\000\\226q\\000~\\000\\015sq\\000~\\000\\012\\000\\001\\000\\000\\000\\226q\\000~\\000]sq\\000~\\000\\012\\000\\001\\000\\000\\000\\226q\\000~\\000_sq\\000~\\000\\012\\000\\001\\000\\000\\000\\226q\\000~\\000asq\\000~\\000\\012\\000\\001\\000\\000\\000\\226q\\000~\\000csq\\000~\\000\\012\\000\\001\\000\\000\\000\\226q\\000~\\000esq\\000~\\000\\012\\001\\000\\000\\000\\000\\226q\\000~\\000gsq\\000~\\000\\012\\000\\001\\000\\000\\000\\310q\\000~\\000isq\\000~\\000\\012\\001\\000\\000\\000\\000\\226q\\000~\\000ksq\\000~\\000\\012\\000\\000\\000\\000\\000\\226q\\000~\\000\\023sq\\000~\\000\\012\\000\\000\\000\\000\\001,q\\000~\\000\\025sq\\000~\\000\\012\\000\\001\\000\\000\\000\\226q\\000~\\000osq\\000~\\000\\012\\000\\001\\000\\000\\000\\226q\\000~\\000qsq\\000~\\000\\012\\000\\001\\000\\000\\000\\247q\\000~\\000\\215sq\\000~\\000\\012\\000\\001\\000\\000\\0000q\\000~\\000\\207sq\\000~\\000\\012\\000\\001\\000\\000\\000@q\\000~\\000\\211sq\\000~\\000\\012\\000\\001\\000\\000\\000Eq\\000~\\000\\217sq\\000~\\000\\012\\000\\001\\000\\000\\000xq\\000~\\000}sq\\000~\\000\\012\\000\\001\\000\\000\\000xq\\000~\\000ssq\\000~\\000\\012\\000\\001\\000\\000\\000xq\\000~\\000usq\\000~\\000\\012\\000\\001\\000\\000\\000xq\\000~\\000wsq\\000~\\000\\012\\000\\001\\000\\000\\000xq\\000~\\000{sq\\000~\\000\\012\\000\\001\\000\\000\\000xq\\000~\\000ysq\\000~\\000\\012\\000\\001\\000\\000\\000xq\\000~\\000\\177sq\\000~\\000\\012\\000\\001\\000\\000\\000xq\\000~\\000\\201sq\\000~\\000\\012\\000\\001\\000\\000\\000xq\\000~\\000\\203sq\\000~\\000\\012\\000\\001\\000\\000\\000xq\\000~\\000\\205xt\\000&entity-browser-grid-SAMPLE-PLASMID_BOXsq\\000~\\000\\010\\000\\000\\000\\020w\\004\\000\\000\\000\\020sq\\000~\\000\\012\\000\\001\\000\\000\\000\\226q\\000~\\000Xsq\\000~\\000\\012\\000\\001\\000\\000\\000\\226q\\000~\\000Zsq\\000~\\000\\012\\001\\000\\000\\000\\000\\226q\\000~\\000\\015sq\\000~\\000\\012\\000\\001\\000\\000\\000\\226q\\000~\\000]sq\\000~\\000\\012\\000\\001\\000\\000\\000\\247q\\000~\\000_sq\\000~\\000\\012\\000\\001\\000\\000\\000\\226q\\000~\\000asq\\000~\\000\\012\\000\\001\\000\\000\\000\\226q\\000~\\000csq\\000~\\000\\012\\000\\001\\000\\000\\000\\226q\\000~\\000esq\\000~\\000\\012\\000\\001\\000\\000\\000\\226q\\000~\\000gsq\\000~\\000\\012\\000\\001\\000\\000\\000\\310q\\000~\\000isq\\000~\\000\\012\\000\\001\\000\\000\\000\\226q\\000~\\000ksq\\000~\\000\\012\\000\\000\\000\\000\\000\\226q\\000~\\000\\023sq\\000~\\000\\012\\000\\000\\000\\000\\001,q\\000~\\000\\025sq\\000~\\000\\012\\000\\001\\000\\000\\000\\226q\\000~\\000osq\\000~\\000\\012\\000\\001\\000\\000\\000\\226q\\000~\\000qsq\\000~\\000\\012\\000\\000\\000\\000\\000xq\\000~\\000\\213xt\\000\\027attachment-browser-gridsq\\000~\\000\\010\\000\\000\\000\\007w\\004\\000\\000\\000\\012sq\\000~\\000\\012\\000\\000\\000\\000\\000\\310t\\000\\011FILE_NAMEsq\\000~\\000\\012\\000\\001\\000\\000\\000\\226t\\000\\010PERMLINKsq\\000~\\000\\012\\000\\000\\000\\000\\000\\226t\\000\\007VERSIONsq\\000~\\000\\012\\000\\000\\000\\000\\000\\310t\\000\\005TITLEsq\\000~\\000\\012\\000\\000\\000\\000\\001,q\\000~\\000\\017sq\\000~\\000\\012\\000\\000\\000\\000\\000\\226q\\000~\\000\\023sq\\000~\\000\\012\\000\\000\\000\\000\\001,q\\000~\\000\\025xx\\000sr\\000Och.systemsx.cisd.openbis.generic.shared.basic.dto.RealNumberFormatingParameters\\000\\000\\000\\000\\000\\000\\000\\001\\002\\000\\003Z\\000\\020formatingEnabledI\\000\\011precisionZ\\000\\012scientificxp\\001\\000\\000\\000\\004\\000sq\\000~\\000\\005?@\\000\\000\\000\\000\\000\\014w\\010\\000\\000\\000\\020\\000\\000\\000\\004t\\000/attachment-sectiongeneric-sample-viewer-PLASMIDsr\\000\\021java.lang.Boolean\\315 r\\200\\325\\234\\372\\356\\002\\000\\001Z\\000\\005valuexp\\001t\\0003attachment-sectiongeneric-sample-viewer-PLASMID_BOXsq\\000~\\001E\\000t\\000+sample-sectiongeneric-sample-viewer-PLASMIDq\\000~\\001Ht\\0001data-set-sectiongeneric-sample-viewer-PLASMID_BOXq\\000~\\001Hx
14		ETL server	etlserver_csb	piotr.buczek@bsse.ethz.ch	1	1	2010-06-01 13:59:41.111995+02	1	\\254\\355\\000\\005sr\\000Ach.systemsx.cisd.openbis.generic.shared.basic.dto.DisplaySettings\\000\\000\\000\\000\\000\\000\\000\\001\\002\\000\\005Z\\000)displayCustomColumnDebuggingErrorMessagesZ\\000\\025useWildcardSearchModeL\\000\\016columnSettingst\\000\\017Ljava/util/Map;L\\000\\035realNumberFormatingParameterst\\000QLch/systemsx/cisd/openbis/generic/shared/basic/dto/RealNumberFormatingParameters;L\\000\\017sectionSettingsq\\000~\\000\\001xp\\000\\000sr\\000\\027java.util.LinkedHashMap4\\300N\\\\\\020l\\300\\373\\002\\000\\001Z\\000\\013accessOrderxr\\000\\021java.util.HashMap\\005\\007\\332\\301\\303\\026`\\321\\003\\000\\002F\\000\\012loadFactorI\\000\\011thresholdxp?@\\000\\000\\000\\000\\000\\030w\\010\\000\\000\\000 \\000\\000\\000\\015t\\000\\027vocabulary-browser-gridsr\\000\\023java.util.ArrayListx\\201\\322\\035\\231\\307a\\235\\003\\000\\001I\\000\\004sizexp\\000\\000\\000\\007w\\004\\000\\000\\000\\012sr\\000?ch.systemsx.cisd.openbis.generic.shared.basic.dto.ColumnSetting\\000\\000\\000\\000\\000\\000\\000\\001\\002\\000\\004Z\\000\\011hasFilterZ\\000\\006hiddenI\\000\\005widthL\\000\\010columnIDt\\000\\022Ljava/lang/String;xp\\001\\000\\000\\000\\000\\377t\\000\\004CODEsq\\000~\\000\\012\\000\\000\\000\\000\\001,t\\000\\013DESCRIPTIONsq\\000~\\000\\012\\000\\000\\000\\000\\000\\226t\\000\\025IS_MANAGED_INTERNALLYsq\\000~\\000\\012\\000\\000\\000\\000\\000\\226t\\000\\013REGISTRATORsq\\000~\\000\\012\\000\\000\\000\\000\\001,t\\000\\021REGISTRATION_DATEsq\\000~\\000\\012\\000\\001\\000\\000\\001,t\\000\\014URL_TEMPLATEsq\\000~\\000\\012\\000\\001\\000\\000\\000\\226t\\000\\020SHOW_IN_CHOOSERSxt\\000\\025vocabulary-terms-gridsq\\000~\\000\\010\\000\\000\\000\\014w\\004\\000\\000\\000\\020sq\\000~\\000\\012\\001\\000\\000\\000\\000\\355q\\000~\\000\\015sq\\000~\\000\\012\\001\\000\\000\\000\\000\\310t\\000\\005LABELsq\\000~\\000\\012\\000\\001\\000\\000\\001,q\\000~\\000\\017sq\\000~\\000\\012\\000\\001\\000\\000\\000dt\\000\\007ORDINALsq\\000~\\000\\012\\000\\000\\000\\000\\000\\310t\\000\\003URLsq\\000~\\000\\012\\000\\000\\000\\000\\000\\226q\\000~\\000\\023sq\\000~\\000\\012\\000\\000\\000\\000\\001,q\\000~\\000\\025sq\\000~\\000\\012\\000\\000\\000\\000\\000\\226t\\000\\013TOTAL_USAGEsq\\000~\\000\\012\\000\\001\\000\\000\\000\\226t\\000\\020EXPERIMENT_USAGEsq\\000~\\000\\012\\000\\001\\000\\000\\000\\226t\\000\\014SAMPLE_USAGEsq\\000~\\000\\012\\000\\001\\000\\000\\000\\226t\\000\\016DATA_SET_USAGEsq\\000~\\000\\012\\000\\001\\000\\000\\000\\226t\\000\\016MATERIAL_USAGExt\\000%property-type-assignment-browser-gridsq\\000~\\000\\010\\000\\000\\000\\011w\\004\\000\\000\\000\\012sq\\000~\\000\\012\\001\\000\\000\\000\\001\\024t\\000\\022PROPERTY_TYPE_CODEsq\\000~\\000\\012\\000\\001\\000\\000\\000\\226q\\000~\\000\\036sq\\000~\\000\\012\\000\\001\\000\\000\\000\\226q\\000~\\000\\017sq\\000~\\000\\012\\001\\000\\000\\000\\000\\310t\\000\\020ENTITY_TYPE_CODEsq\\000~\\000\\012\\001\\000\\000\\000\\000\\226t\\000\\013ENTITY_KINDsq\\000~\\000\\012\\000\\000\\000\\000\\000\\226t\\000\\014IS_MANDATORYsq\\000~\\000\\012\\000\\000\\000\\000\\001Mt\\000\\011DATA_TYPEsq\\000~\\000\\012\\000\\000\\000\\000\\000dq\\000~\\000!sq\\000~\\000\\012\\000\\000\\000\\000\\000\\226t\\000\\007SECTIONxt\\000\\032property-type-browser-gridsq\\000~\\000\\010\\000\\000\\000\\013w\\004\\000\\000\\000\\020sq\\000~\\000\\012\\001\\000\\000\\000\\000\\226q\\000~\\000\\036sq\\000~\\000\\012\\001\\000\\000\\000\\000\\370q\\000~\\000\\015sq\\000~\\000\\012\\001\\000\\000\\000\\000\\310q\\000~\\000=sq\\000~\\000\\012\\000\\001\\000\\000\\000\\226t\\000\\016DATA_TYPE_CODEsq\\000~\\000\\012\\000\\001\\000\\000\\000\\226t\\000\\012VOCABULARYsq\\000~\\000\\012\\000\\001\\000\\000\\000\\226t\\000\\015MATERIAL_TYPEsq\\000~\\000\\012\\000\\000\\000\\000\\000\\226q\\000~\\000\\017sq\\000~\\000\\012\\000\\000\\000\\000\\000\\226t\\000\\014SAMPLE_TYPESsq\\000~\\000\\012\\000\\000\\000\\000\\000\\226t\\000\\020EXPERIMENT_TYPESsq\\000~\\000\\012\\000\\000\\000\\000\\000\\226t\\000\\016MATERIAL_TYPESsq\\000~\\000\\012\\000\\000\\000\\000\\000\\226t\\000\\016DATA_SET_TYPESxt\\000 entity-browser-grid-SAMPLE-(all)sq\\000~\\000\\010\\000\\000\\000\\036w\\004\\000\\000\\000&sq\\000~\\000\\012\\000\\001\\000\\000\\000\\226t\\000\\021DATABASE_INSTANCEsq\\000~\\000\\012\\000\\001\\000\\000\\000\\226t\\000\\005GROUPsq\\000~\\000\\012\\001\\000\\000\\000\\000\\206q\\000~\\000\\015sq\\000~\\000\\012\\001\\000\\000\\000\\000ht\\000\\007SUBCODEsq\\000~\\000\\012\\000\\000\\000\\000\\000\\351t\\000\\021SAMPLE_IDENTIFIERsq\\000~\\000\\012\\000\\000\\000\\000\\000it\\000\\013SAMPLE_TYPEsq\\000~\\000\\012\\000\\001\\000\\000\\000\\226t\\000\\022IS_INSTANCE_SAMPLEsq\\000~\\000\\012\\000\\001\\000\\000\\000\\226t\\000\\012IS_INVALIDsq\\000~\\000\\012\\000\\000\\000\\000\\000Wt\\000\\012EXPERIMENTsq\\000~\\000\\012\\000\\001\\000\\000\\000\\310t\\000\\025EXPERIMENT_IDENTIFIERsq\\000~\\000\\012\\000\\000\\000\\000\\000Pt\\000\\007PROJECTsq\\000~\\000\\012\\000\\001\\000\\000\\000\\226q\\000~\\000\\023sq\\000~\\000\\012\\000\\001\\000\\000\\001,q\\000~\\000\\025sq\\000~\\000\\012\\000\\001\\000\\000\\000\\226t\\000\\007PERM_IDsq\\000~\\000\\012\\000\\000\\000\\000\\000\\226t\\000\\021SHOW_DETAILS_LINKsq\\000~\\000\\012\\000\\001\\000\\000\\000\\352t\\000\\023property-USER-OWNERsq\\000~\\000\\012\\000\\001\\000\\000\\000}t\\000\\032property-USER-OWNER_NUMBERsq\\000~\\000\\012\\000\\001\\000\\000\\000\\357t\\000\\032property-USER-PLASMID_NAMEsq\\000~\\000\\012\\000\\001\\000\\000\\000\\303t\\000-property-USER-BACTERIAL_ANTIBIOTIC_RESISTANCEsq\\000~\\000\\012\\000\\001\\000\\000\\0011t\\000\\026property-USER-BACKBONEsq\\000~\\000\\012\\000\\001\\000\\000\\000_t\\000\\033property-USER-DERIVATIVE_OFsq\\000~\\000\\012\\000\\001\\000\\000\\000\\177t\\000\\032property-USER-YEAST_MARKERsq\\000~\\000\\012\\000\\001\\000\\000\\000at\\000\\032property-USER-OTHER_MARKERsq\\000~\\000\\012\\000\\001\\000\\000\\000\\301t\\000*property-USER-FLANKING_RESTRICTION_ENZYMESsq\\000~\\000\\012\\000\\001\\000\\000\\001At\\000\\026property-USER-COMMENTSsq\\000~\\000\\012\\000\\001\\000\\000\\000+t\\000\\021property-USER-ROWsq\\000~\\000\\012\\000\\001\\000\\000\\000@t\\000\\024property-USER-COLUMNsq\\000~\\000\\012\\000\\001\\000\\000\\000xt\\000\\026property-USER-BOX_SIZEsq\\000~\\000\\012\\000\\000\\000\\000\\000\\247t\\000\\020containerParent1sq\\000~\\000\\012\\000\\000\\000\\000\\000\\332t\\000\\024generatedFromParent1xt\\000\\022search-result-gridsq\\000~\\000\\010\\000\\000\\000\\006w\\004\\000\\000\\000\\012sq\\000~\\000\\012\\000\\000\\000\\000\\000\\226q\\000~\\0009sq\\000~\\000\\012\\001\\000\\000\\000\\000\\226t\\000\\013ENTITY_TYPEsq\\000~\\000\\012\\001\\000\\000\\000\\000\\262t\\000\\012IDENTIFIERsq\\000~\\000\\012\\000\\000\\000\\000\\000\\226q\\000~\\000\\023sq\\000~\\000\\012\\001\\000\\000\\000\\000\\262t\\000\\016MATCHING_FIELDsq\\000~\\000\\012\\000\\000\\000\\000\\000\\310t\\000\\015MATCHING_TEXTxt\\000$sample-details-grid-DATA_SET-PLASMIDsq\\000~\\000\\010\\000\\000\\000\\026w\\004\\000\\000\\000\\031sq\\000~\\000\\012\\001\\000\\000\\000\\000\\267q\\000~\\000\\015sq\\000~\\000\\012\\000\\001\\000\\000\\000dt\\000\\006SAMPLEsq\\000~\\000\\012\\000\\001\\000\\000\\000\\310q\\000~\\000_sq\\000~\\000\\012\\000\\001\\000\\000\\000\\226q\\000~\\000asq\\000~\\000\\012\\000\\001\\000\\000\\000dq\\000~\\000gsq\\000~\\000\\012\\000\\001\\000\\000\\000dq\\000~\\000isq\\000~\\000\\012\\000\\001\\000\\000\\000xt\\000\\017EXPERIMENT_TYPEsq\\000~\\000\\012\\000\\001\\000\\000\\000\\226q\\000~\\000ksq\\000~\\000\\012\\001\\000\\000\\000\\000\\347q\\000~\\000\\025sq\\000~\\000\\012\\000\\001\\000\\000\\000\\226q\\000~\\000esq\\000~\\000\\012\\000\\001\\000\\000\\000\\226t\\000\\013SOURCE_TYPEsq\\000~\\000\\012\\000\\001\\000\\000\\000\\226t\\000\\013IS_COMPLETEsq\\000~\\000\\012\\000\\001\\000\\000\\002\\032t\\000\\010LOCATIONsq\\000~\\000\\012\\000\\001\\000\\000\\000\\310t\\000\\006STATUSsq\\000~\\000\\012\\000\\001\\000\\000\\000\\226t\\000\\020FILE_FORMAT_TYPEsq\\000~\\000\\012\\001\\000\\000\\000\\000it\\000\\015DATA_SET_TYPEsq\\000~\\000\\012\\000\\001\\000\\000\\000\\310t\\000\\017PRODUCTION_DATEsq\\000~\\000\\012\\000\\001\\000\\000\\000\\226t\\000\\022DATA_PRODUCER_CODEsq\\000~\\000\\012\\000\\001\\000\\000\\000\\226t\\000\\017DATA_STORE_CODEsq\\000~\\000\\012\\000\\001\\000\\000\\000\\226q\\000~\\000osq\\000~\\000\\012\\000\\001\\000\\000\\000\\226q\\000~\\000qsq\\000~\\000\\012\\001\\000\\000\\000\\000\\216t\\000\\027property-USER-FILE_NAMExt\\000$entity-browser-grid-EXPERIMENT-(all)sq\\000~\\000\\010\\000\\000\\000\\013w\\004\\000\\000\\000\\020sq\\000~\\000\\012\\001\\000\\000\\000\\000\\226q\\000~\\000\\015sq\\000~\\000\\012\\000\\001\\000\\000\\000\\226q\\000~\\000\\246sq\\000~\\000\\012\\000\\000\\000\\000\\000\\321q\\000~\\000isq\\000~\\000\\012\\000\\001\\000\\000\\000\\226q\\000~\\000Xsq\\000~\\000\\012\\000\\001\\000\\000\\000\\226q\\000~\\000Zsq\\000~\\000\\012\\000\\001\\000\\000\\000\\226q\\000~\\000ksq\\000~\\000\\012\\000\\000\\000\\000\\000\\226q\\000~\\000\\023sq\\000~\\000\\012\\000\\000\\000\\000\\000\\310q\\000~\\000\\025sq\\000~\\000\\012\\000\\001\\000\\000\\000\\226q\\000~\\000esq\\000~\\000\\012\\000\\001\\000\\000\\000\\226q\\000~\\000osq\\000~\\000\\012\\000\\001\\000\\000\\000\\226q\\000~\\000qxt\\000$data-set-search-result-grid-DATA_SETsq\\000~\\000\\010\\000\\000\\000\\025w\\004\\000\\000\\000\\031sq\\000~\\000\\012\\001\\000\\000\\000\\000\\331q\\000~\\000\\015sq\\000~\\000\\012\\000\\001\\000\\000\\000dq\\000~\\000\\240sq\\000~\\000\\012\\000\\000\\000\\000\\000\\310q\\000~\\000_sq\\000~\\000\\012\\000\\000\\000\\000\\000\\226q\\000~\\000asq\\000~\\000\\012\\000\\001\\000\\000\\000dq\\000~\\000gsq\\000~\\000\\012\\000\\001\\000\\000\\000dq\\000~\\000isq\\000~\\000\\012\\000\\001\\000\\000\\000xq\\000~\\000\\246sq\\000~\\000\\012\\000\\000\\000\\000\\000\\226q\\000~\\000ksq\\000~\\000\\012\\000\\000\\000\\000\\000\\310q\\000~\\000\\025sq\\000~\\000\\012\\000\\001\\000\\000\\000\\226q\\000~\\000esq\\000~\\000\\012\\000\\001\\000\\000\\000\\226q\\000~\\000\\253sq\\000~\\000\\012\\000\\001\\000\\000\\000\\226q\\000~\\000\\255sq\\000~\\000\\012\\000\\001\\000\\000\\000\\226q\\000~\\000\\257sq\\000~\\000\\012\\000\\001\\000\\000\\000\\310q\\000~\\000\\261sq\\000~\\000\\012\\001\\001\\000\\000\\000\\226q\\000~\\000\\263sq\\000~\\000\\012\\000\\001\\000\\000\\000\\226q\\000~\\000\\265sq\\000~\\000\\012\\000\\001\\000\\000\\000\\310q\\000~\\000\\267sq\\000~\\000\\012\\000\\001\\000\\000\\000\\226q\\000~\\000\\271sq\\000~\\000\\012\\000\\001\\000\\000\\000\\226q\\000~\\000\\273sq\\000~\\000\\012\\000\\001\\000\\000\\000\\226q\\000~\\000osq\\000~\\000\\012\\000\\001\\000\\000\\000\\226q\\000~\\000qxt\\000"entity-browser-grid-SAMPLE-PLASMIDsq\\000~\\000\\010\\000\\000\\000\\035w\\004\\000\\000\\000&sq\\000~\\000\\012\\000\\001\\000\\000\\000\\226q\\000~\\000Xsq\\000~\\000\\012\\000\\001\\000\\000\\000\\226q\\000~\\000Zsq\\000~\\000\\012\\001\\000\\000\\000\\000\\226q\\000~\\000\\015sq\\000~\\000\\012\\001\\000\\000\\000\\000\\226q\\000~\\000]sq\\000~\\000\\012\\000\\000\\000\\000\\000\\226q\\000~\\000_sq\\000~\\000\\012\\000\\001\\000\\000\\000\\226q\\000~\\000asq\\000~\\000\\012\\000\\001\\000\\000\\000\\226q\\000~\\000csq\\000~\\000\\012\\000\\001\\000\\000\\000\\226q\\000~\\000esq\\000~\\000\\012\\000\\001\\000\\000\\000\\226q\\000~\\000gsq\\000~\\000\\012\\000\\001\\000\\000\\000\\310q\\000~\\000isq\\000~\\000\\012\\000\\001\\000\\000\\000\\226q\\000~\\000ksq\\000~\\000\\012\\000\\000\\000\\000\\000\\226q\\000~\\000\\023sq\\000~\\000\\012\\000\\000\\000\\000\\001,q\\000~\\000\\025sq\\000~\\000\\012\\000\\001\\000\\000\\000\\226q\\000~\\000osq\\000~\\000\\012\\000\\000\\000\\000\\000\\332q\\000~\\000\\217sq\\000~\\000\\012\\001\\000\\000\\000\\000xq\\000~\\000}sq\\000~\\000\\012\\000\\000\\000\\000\\000\\247q\\000~\\000\\215sq\\000~\\000\\012\\000\\000\\000\\000\\000)q\\000~\\000\\207sq\\000~\\000\\012\\000\\000\\000\\000\\000@q\\000~\\000\\211sq\\000~\\000\\012\\000\\000\\000\\000\\000|q\\000~\\000qsq\\000~\\000\\012\\000\\000\\000\\000\\000\\200q\\000~\\000ssq\\000~\\000\\012\\000\\000\\000\\000\\000mq\\000~\\000usq\\000~\\000\\012\\000\\000\\000\\000\\000\\357q\\000~\\000wsq\\000~\\000\\012\\001\\000\\000\\000\\000\\200q\\000~\\000{sq\\000~\\000\\012\\000\\000\\000\\000\\000\\177q\\000~\\000\\177sq\\000~\\000\\012\\000\\000\\000\\000\\000aq\\000~\\000\\201sq\\000~\\000\\012\\000\\000\\000\\000\\000\\301q\\000~\\000\\203sq\\000~\\000\\012\\000\\000\\000\\000\\000\\303q\\000~\\000ysq\\000~\\000\\012\\000\\000\\000\\000\\0018q\\000~\\000\\205xt\\000,sample-details-grid-SAMPLE-(all)-PLASMID_BOXsq\\000~\\000\\010\\000\\000\\000\\035w\\004\\000\\000\\000&sq\\000~\\000\\012\\000\\001\\000\\000\\000\\226q\\000~\\000Xsq\\000~\\000\\012\\000\\001\\000\\000\\000\\226q\\000~\\000Zsq\\000~\\000\\012\\001\\000\\000\\000\\000\\226q\\000~\\000\\015sq\\000~\\000\\012\\000\\001\\000\\000\\000\\226q\\000~\\000]sq\\000~\\000\\012\\000\\001\\000\\000\\000\\226q\\000~\\000_sq\\000~\\000\\012\\000\\001\\000\\000\\000\\226q\\000~\\000asq\\000~\\000\\012\\000\\001\\000\\000\\000\\226q\\000~\\000csq\\000~\\000\\012\\000\\001\\000\\000\\000\\226q\\000~\\000esq\\000~\\000\\012\\001\\000\\000\\000\\000\\226q\\000~\\000gsq\\000~\\000\\012\\000\\001\\000\\000\\000\\310q\\000~\\000isq\\000~\\000\\012\\001\\000\\000\\000\\000\\226q\\000~\\000ksq\\000~\\000\\012\\000\\000\\000\\000\\000\\226q\\000~\\000\\023sq\\000~\\000\\012\\000\\000\\000\\000\\001,q\\000~\\000\\025sq\\000~\\000\\012\\000\\001\\000\\000\\000\\226q\\000~\\000osq\\000~\\000\\012\\000\\001\\000\\000\\000\\226q\\000~\\000qsq\\000~\\000\\012\\000\\001\\000\\000\\000\\247q\\000~\\000\\215sq\\000~\\000\\012\\000\\001\\000\\000\\0000q\\000~\\000\\207sq\\000~\\000\\012\\000\\001\\000\\000\\000@q\\000~\\000\\211sq\\000~\\000\\012\\000\\001\\000\\000\\000Eq\\000~\\000\\217sq\\000~\\000\\012\\000\\001\\000\\000\\000xq\\000~\\000}sq\\000~\\000\\012\\000\\001\\000\\000\\000xq\\000~\\000ssq\\000~\\000\\012\\000\\001\\000\\000\\000xq\\000~\\000usq\\000~\\000\\012\\000\\001\\000\\000\\000xq\\000~\\000wsq\\000~\\000\\012\\000\\001\\000\\000\\000xq\\000~\\000{sq\\000~\\000\\012\\000\\001\\000\\000\\000xq\\000~\\000ysq\\000~\\000\\012\\000\\001\\000\\000\\000xq\\000~\\000\\177sq\\000~\\000\\012\\000\\001\\000\\000\\000xq\\000~\\000\\201sq\\000~\\000\\012\\000\\001\\000\\000\\000xq\\000~\\000\\203sq\\000~\\000\\012\\000\\001\\000\\000\\000xq\\000~\\000\\205xt\\000&entity-browser-grid-SAMPLE-PLASMID_BOXsq\\000~\\000\\010\\000\\000\\000\\020w\\004\\000\\000\\000\\020sq\\000~\\000\\012\\000\\001\\000\\000\\000\\226q\\000~\\000Xsq\\000~\\000\\012\\000\\001\\000\\000\\000\\226q\\000~\\000Zsq\\000~\\000\\012\\001\\000\\000\\000\\000\\226q\\000~\\000\\015sq\\000~\\000\\012\\000\\001\\000\\000\\000\\226q\\000~\\000]sq\\000~\\000\\012\\000\\001\\000\\000\\000\\247q\\000~\\000_sq\\000~\\000\\012\\000\\001\\000\\000\\000\\226q\\000~\\000asq\\000~\\000\\012\\000\\001\\000\\000\\000\\226q\\000~\\000csq\\000~\\000\\012\\000\\001\\000\\000\\000\\226q\\000~\\000esq\\000~\\000\\012\\000\\001\\000\\000\\000\\226q\\000~\\000gsq\\000~\\000\\012\\000\\001\\000\\000\\000\\310q\\000~\\000isq\\000~\\000\\012\\000\\001\\000\\000\\000\\226q\\000~\\000ksq\\000~\\000\\012\\000\\000\\000\\000\\000\\226q\\000~\\000\\023sq\\000~\\000\\012\\000\\000\\000\\000\\001,q\\000~\\000\\025sq\\000~\\000\\012\\000\\001\\000\\000\\000\\226q\\000~\\000osq\\000~\\000\\012\\000\\001\\000\\000\\000\\226q\\000~\\000qsq\\000~\\000\\012\\000\\000\\000\\000\\000xq\\000~\\000\\213xt\\000\\027attachment-browser-gridsq\\000~\\000\\010\\000\\000\\000\\007w\\004\\000\\000\\000\\012sq\\000~\\000\\012\\000\\000\\000\\000\\000\\310t\\000\\011FILE_NAMEsq\\000~\\000\\012\\000\\001\\000\\000\\000\\226t\\000\\010PERMLINKsq\\000~\\000\\012\\000\\000\\000\\000\\000\\226t\\000\\007VERSIONsq\\000~\\000\\012\\000\\000\\000\\000\\000\\310t\\000\\005TITLEsq\\000~\\000\\012\\000\\000\\000\\000\\001,q\\000~\\000\\017sq\\000~\\000\\012\\000\\000\\000\\000\\000\\226q\\000~\\000\\023sq\\000~\\000\\012\\000\\000\\000\\000\\001,q\\000~\\000\\025xx\\000sr\\000Och.systemsx.cisd.openbis.generic.shared.basic.dto.RealNumberFormatingParameters\\000\\000\\000\\000\\000\\000\\000\\001\\002\\000\\003Z\\000\\020formatingEnabledI\\000\\011precisionZ\\000\\012scientificxp\\001\\000\\000\\000\\004\\000sq\\000~\\000\\005?@\\000\\000\\000\\000\\000\\014w\\010\\000\\000\\000\\020\\000\\000\\000\\004t\\000/attachment-sectiongeneric-sample-viewer-PLASMIDsr\\000\\021java.lang.Boolean\\315 r\\200\\325\\234\\372\\356\\002\\000\\001Z\\000\\005valuexp\\001t\\0003attachment-sectiongeneric-sample-viewer-PLASMID_BOXsq\\000~\\001E\\000t\\000+sample-sectiongeneric-sample-viewer-PLASMIDq\\000~\\001Ht\\0001data-set-sectiongeneric-sample-viewer-PLASMID_BOXq\\000~\\001Hx
5	Fabian	Rudolf	rudolff	fabian.rudolf@bsse.ethz.ch	1	1	2010-05-27 17:13:31.758869+02	1	\\254\\355\\000\\005sr\\000Ach.systemsx.cisd.openbis.generic.shared.basic.dto.DisplaySettings\\000\\000\\000\\000\\000\\000\\000\\001\\002\\000\\005Z\\000)displayCustomColumnDebuggingErrorMessagesZ\\000\\025useWildcardSearchModeL\\000\\016columnSettingst\\000\\017Ljava/util/Map;L\\000\\035realNumberFormatingParameterst\\000QLch/systemsx/cisd/openbis/generic/shared/basic/dto/RealNumberFormatingParameters;L\\000\\017sectionSettingsq\\000~\\000\\001xp\\000\\000sr\\000\\027java.util.LinkedHashMap4\\300N\\\\\\020l\\300\\373\\002\\000\\001Z\\000\\013accessOrderxr\\000\\021java.util.HashMap\\005\\007\\332\\301\\303\\026`\\321\\003\\000\\002F\\000\\012loadFactorI\\000\\011thresholdxp?@\\000\\000\\000\\000\\000\\030w\\010\\000\\000\\000 \\000\\000\\000\\015t\\000\\027vocabulary-browser-gridsr\\000\\023java.util.ArrayListx\\201\\322\\035\\231\\307a\\235\\003\\000\\001I\\000\\004sizexp\\000\\000\\000\\007w\\004\\000\\000\\000\\012sr\\000?ch.systemsx.cisd.openbis.generic.shared.basic.dto.ColumnSetting\\000\\000\\000\\000\\000\\000\\000\\001\\002\\000\\004Z\\000\\011hasFilterZ\\000\\006hiddenI\\000\\005widthL\\000\\010columnIDt\\000\\022Ljava/lang/String;xp\\001\\000\\000\\000\\000\\377t\\000\\004CODEsq\\000~\\000\\012\\000\\000\\000\\000\\001,t\\000\\013DESCRIPTIONsq\\000~\\000\\012\\000\\000\\000\\000\\000\\226t\\000\\025IS_MANAGED_INTERNALLYsq\\000~\\000\\012\\000\\000\\000\\000\\000\\226t\\000\\013REGISTRATORsq\\000~\\000\\012\\000\\000\\000\\000\\001,t\\000\\021REGISTRATION_DATEsq\\000~\\000\\012\\000\\001\\000\\000\\001,t\\000\\014URL_TEMPLATEsq\\000~\\000\\012\\000\\001\\000\\000\\000\\226t\\000\\020SHOW_IN_CHOOSERSxt\\000\\025vocabulary-terms-gridsq\\000~\\000\\010\\000\\000\\000\\014w\\004\\000\\000\\000\\020sq\\000~\\000\\012\\001\\000\\000\\000\\000\\355q\\000~\\000\\015sq\\000~\\000\\012\\001\\000\\000\\000\\000\\310t\\000\\005LABELsq\\000~\\000\\012\\000\\001\\000\\000\\001,q\\000~\\000\\017sq\\000~\\000\\012\\000\\001\\000\\000\\000dt\\000\\007ORDINALsq\\000~\\000\\012\\000\\000\\000\\000\\000\\310t\\000\\003URLsq\\000~\\000\\012\\000\\000\\000\\000\\000\\226q\\000~\\000\\023sq\\000~\\000\\012\\000\\000\\000\\000\\001,q\\000~\\000\\025sq\\000~\\000\\012\\000\\000\\000\\000\\000\\226t\\000\\013TOTAL_USAGEsq\\000~\\000\\012\\000\\001\\000\\000\\000\\226t\\000\\020EXPERIMENT_USAGEsq\\000~\\000\\012\\000\\001\\000\\000\\000\\226t\\000\\014SAMPLE_USAGEsq\\000~\\000\\012\\000\\001\\000\\000\\000\\226t\\000\\016DATA_SET_USAGEsq\\000~\\000\\012\\000\\001\\000\\000\\000\\226t\\000\\016MATERIAL_USAGExt\\000%property-type-assignment-browser-gridsq\\000~\\000\\010\\000\\000\\000\\011w\\004\\000\\000\\000\\012sq\\000~\\000\\012\\001\\000\\000\\000\\001\\024t\\000\\022PROPERTY_TYPE_CODEsq\\000~\\000\\012\\000\\001\\000\\000\\000\\226q\\000~\\000\\036sq\\000~\\000\\012\\000\\001\\000\\000\\000\\226q\\000~\\000\\017sq\\000~\\000\\012\\001\\000\\000\\000\\000\\310t\\000\\020ENTITY_TYPE_CODEsq\\000~\\000\\012\\001\\000\\000\\000\\000\\226t\\000\\013ENTITY_KINDsq\\000~\\000\\012\\000\\000\\000\\000\\000\\226t\\000\\014IS_MANDATORYsq\\000~\\000\\012\\000\\000\\000\\000\\001Mt\\000\\011DATA_TYPEsq\\000~\\000\\012\\000\\000\\000\\000\\000dq\\000~\\000!sq\\000~\\000\\012\\000\\000\\000\\000\\000\\226t\\000\\007SECTIONxt\\000\\032property-type-browser-gridsq\\000~\\000\\010\\000\\000\\000\\013w\\004\\000\\000\\000\\020sq\\000~\\000\\012\\001\\000\\000\\000\\000\\226q\\000~\\000\\036sq\\000~\\000\\012\\001\\000\\000\\000\\000\\370q\\000~\\000\\015sq\\000~\\000\\012\\001\\000\\000\\000\\000\\310q\\000~\\000=sq\\000~\\000\\012\\000\\001\\000\\000\\000\\226t\\000\\016DATA_TYPE_CODEsq\\000~\\000\\012\\000\\001\\000\\000\\000\\226t\\000\\012VOCABULARYsq\\000~\\000\\012\\000\\001\\000\\000\\000\\226t\\000\\015MATERIAL_TYPEsq\\000~\\000\\012\\000\\000\\000\\000\\000\\226q\\000~\\000\\017sq\\000~\\000\\012\\000\\000\\000\\000\\000\\226t\\000\\014SAMPLE_TYPESsq\\000~\\000\\012\\000\\000\\000\\000\\000\\226t\\000\\020EXPERIMENT_TYPESsq\\000~\\000\\012\\000\\000\\000\\000\\000\\226t\\000\\016MATERIAL_TYPESsq\\000~\\000\\012\\000\\000\\000\\000\\000\\226t\\000\\016DATA_SET_TYPESxt\\000 entity-browser-grid-SAMPLE-(all)sq\\000~\\000\\010\\000\\000\\000\\036w\\004\\000\\000\\000&sq\\000~\\000\\012\\000\\001\\000\\000\\000\\226t\\000\\021DATABASE_INSTANCEsq\\000~\\000\\012\\000\\001\\000\\000\\000\\226t\\000\\005GROUPsq\\000~\\000\\012\\001\\000\\000\\000\\000\\206q\\000~\\000\\015sq\\000~\\000\\012\\001\\000\\000\\000\\000ht\\000\\007SUBCODEsq\\000~\\000\\012\\000\\000\\000\\000\\000\\351t\\000\\021SAMPLE_IDENTIFIERsq\\000~\\000\\012\\000\\000\\000\\000\\000it\\000\\013SAMPLE_TYPEsq\\000~\\000\\012\\000\\001\\000\\000\\000\\226t\\000\\022IS_INSTANCE_SAMPLEsq\\000~\\000\\012\\000\\001\\000\\000\\000\\226t\\000\\012IS_INVALIDsq\\000~\\000\\012\\000\\000\\000\\000\\000Wt\\000\\012EXPERIMENTsq\\000~\\000\\012\\000\\001\\000\\000\\000\\310t\\000\\025EXPERIMENT_IDENTIFIERsq\\000~\\000\\012\\000\\000\\000\\000\\000Pt\\000\\007PROJECTsq\\000~\\000\\012\\000\\001\\000\\000\\000\\226q\\000~\\000\\023sq\\000~\\000\\012\\000\\001\\000\\000\\001,q\\000~\\000\\025sq\\000~\\000\\012\\000\\001\\000\\000\\000\\226t\\000\\007PERM_IDsq\\000~\\000\\012\\000\\000\\000\\000\\000\\226t\\000\\021SHOW_DETAILS_LINKsq\\000~\\000\\012\\000\\001\\000\\000\\000\\352t\\000\\023property-USER-OWNERsq\\000~\\000\\012\\000\\001\\000\\000\\000}t\\000\\032property-USER-OWNER_NUMBERsq\\000~\\000\\012\\000\\001\\000\\000\\000\\357t\\000\\032property-USER-PLASMID_NAMEsq\\000~\\000\\012\\000\\001\\000\\000\\000\\303t\\000-property-USER-BACTERIAL_ANTIBIOTIC_RESISTANCEsq\\000~\\000\\012\\000\\001\\000\\000\\0011t\\000\\026property-USER-BACKBONEsq\\000~\\000\\012\\000\\001\\000\\000\\000_t\\000\\033property-USER-DERIVATIVE_OFsq\\000~\\000\\012\\000\\001\\000\\000\\000\\177t\\000\\032property-USER-YEAST_MARKERsq\\000~\\000\\012\\000\\001\\000\\000\\000at\\000\\032property-USER-OTHER_MARKERsq\\000~\\000\\012\\000\\001\\000\\000\\000\\301t\\000*property-USER-FLANKING_RESTRICTION_ENZYMESsq\\000~\\000\\012\\000\\001\\000\\000\\001At\\000\\026property-USER-COMMENTSsq\\000~\\000\\012\\000\\001\\000\\000\\000+t\\000\\021property-USER-ROWsq\\000~\\000\\012\\000\\001\\000\\000\\000@t\\000\\024property-USER-COLUMNsq\\000~\\000\\012\\000\\001\\000\\000\\000xt\\000\\026property-USER-BOX_SIZEsq\\000~\\000\\012\\000\\000\\000\\000\\000\\247t\\000\\020containerParent1sq\\000~\\000\\012\\000\\000\\000\\000\\000\\332t\\000\\024generatedFromParent1xt\\000\\022search-result-gridsq\\000~\\000\\010\\000\\000\\000\\006w\\004\\000\\000\\000\\012sq\\000~\\000\\012\\000\\000\\000\\000\\000\\226q\\000~\\0009sq\\000~\\000\\012\\001\\000\\000\\000\\000\\226t\\000\\013ENTITY_TYPEsq\\000~\\000\\012\\001\\000\\000\\000\\000\\262t\\000\\012IDENTIFIERsq\\000~\\000\\012\\000\\000\\000\\000\\000\\226q\\000~\\000\\023sq\\000~\\000\\012\\001\\000\\000\\000\\000\\262t\\000\\016MATCHING_FIELDsq\\000~\\000\\012\\000\\000\\000\\000\\000\\310t\\000\\015MATCHING_TEXTxt\\000$sample-details-grid-DATA_SET-PLASMIDsq\\000~\\000\\010\\000\\000\\000\\026w\\004\\000\\000\\000\\031sq\\000~\\000\\012\\001\\000\\000\\000\\000\\267q\\000~\\000\\015sq\\000~\\000\\012\\000\\001\\000\\000\\000dt\\000\\006SAMPLEsq\\000~\\000\\012\\000\\001\\000\\000\\000\\310q\\000~\\000_sq\\000~\\000\\012\\000\\001\\000\\000\\000\\226q\\000~\\000asq\\000~\\000\\012\\000\\001\\000\\000\\000dq\\000~\\000gsq\\000~\\000\\012\\000\\001\\000\\000\\000dq\\000~\\000isq\\000~\\000\\012\\000\\001\\000\\000\\000xt\\000\\017EXPERIMENT_TYPEsq\\000~\\000\\012\\000\\001\\000\\000\\000\\226q\\000~\\000ksq\\000~\\000\\012\\001\\000\\000\\000\\000\\347q\\000~\\000\\025sq\\000~\\000\\012\\000\\001\\000\\000\\000\\226q\\000~\\000esq\\000~\\000\\012\\000\\001\\000\\000\\000\\226t\\000\\013SOURCE_TYPEsq\\000~\\000\\012\\000\\001\\000\\000\\000\\226t\\000\\013IS_COMPLETEsq\\000~\\000\\012\\000\\001\\000\\000\\002\\032t\\000\\010LOCATIONsq\\000~\\000\\012\\000\\001\\000\\000\\000\\310t\\000\\006STATUSsq\\000~\\000\\012\\000\\001\\000\\000\\000\\226t\\000\\020FILE_FORMAT_TYPEsq\\000~\\000\\012\\001\\000\\000\\000\\000it\\000\\015DATA_SET_TYPEsq\\000~\\000\\012\\000\\001\\000\\000\\000\\310t\\000\\017PRODUCTION_DATEsq\\000~\\000\\012\\000\\001\\000\\000\\000\\226t\\000\\022DATA_PRODUCER_CODEsq\\000~\\000\\012\\000\\001\\000\\000\\000\\226t\\000\\017DATA_STORE_CODEsq\\000~\\000\\012\\000\\001\\000\\000\\000\\226q\\000~\\000osq\\000~\\000\\012\\000\\001\\000\\000\\000\\226q\\000~\\000qsq\\000~\\000\\012\\001\\000\\000\\000\\000\\216t\\000\\027property-USER-FILE_NAMExt\\000$entity-browser-grid-EXPERIMENT-(all)sq\\000~\\000\\010\\000\\000\\000\\013w\\004\\000\\000\\000\\020sq\\000~\\000\\012\\001\\000\\000\\000\\000\\226q\\000~\\000\\015sq\\000~\\000\\012\\000\\001\\000\\000\\000\\226q\\000~\\000\\246sq\\000~\\000\\012\\000\\000\\000\\000\\000\\321q\\000~\\000isq\\000~\\000\\012\\000\\001\\000\\000\\000\\226q\\000~\\000Xsq\\000~\\000\\012\\000\\001\\000\\000\\000\\226q\\000~\\000Zsq\\000~\\000\\012\\000\\001\\000\\000\\000\\226q\\000~\\000ksq\\000~\\000\\012\\000\\000\\000\\000\\000\\226q\\000~\\000\\023sq\\000~\\000\\012\\000\\000\\000\\000\\000\\310q\\000~\\000\\025sq\\000~\\000\\012\\000\\001\\000\\000\\000\\226q\\000~\\000esq\\000~\\000\\012\\000\\001\\000\\000\\000\\226q\\000~\\000osq\\000~\\000\\012\\000\\001\\000\\000\\000\\226q\\000~\\000qxt\\000$data-set-search-result-grid-DATA_SETsq\\000~\\000\\010\\000\\000\\000\\025w\\004\\000\\000\\000\\031sq\\000~\\000\\012\\001\\000\\000\\000\\000\\331q\\000~\\000\\015sq\\000~\\000\\012\\000\\001\\000\\000\\000dq\\000~\\000\\240sq\\000~\\000\\012\\000\\000\\000\\000\\000\\310q\\000~\\000_sq\\000~\\000\\012\\000\\000\\000\\000\\000\\226q\\000~\\000asq\\000~\\000\\012\\000\\001\\000\\000\\000dq\\000~\\000gsq\\000~\\000\\012\\000\\001\\000\\000\\000dq\\000~\\000isq\\000~\\000\\012\\000\\001\\000\\000\\000xq\\000~\\000\\246sq\\000~\\000\\012\\000\\000\\000\\000\\000\\226q\\000~\\000ksq\\000~\\000\\012\\000\\000\\000\\000\\000\\310q\\000~\\000\\025sq\\000~\\000\\012\\000\\001\\000\\000\\000\\226q\\000~\\000esq\\000~\\000\\012\\000\\001\\000\\000\\000\\226q\\000~\\000\\253sq\\000~\\000\\012\\000\\001\\000\\000\\000\\226q\\000~\\000\\255sq\\000~\\000\\012\\000\\001\\000\\000\\000\\226q\\000~\\000\\257sq\\000~\\000\\012\\000\\001\\000\\000\\000\\310q\\000~\\000\\261sq\\000~\\000\\012\\001\\001\\000\\000\\000\\226q\\000~\\000\\263sq\\000~\\000\\012\\000\\001\\000\\000\\000\\226q\\000~\\000\\265sq\\000~\\000\\012\\000\\001\\000\\000\\000\\310q\\000~\\000\\267sq\\000~\\000\\012\\000\\001\\000\\000\\000\\226q\\000~\\000\\271sq\\000~\\000\\012\\000\\001\\000\\000\\000\\226q\\000~\\000\\273sq\\000~\\000\\012\\000\\001\\000\\000\\000\\226q\\000~\\000osq\\000~\\000\\012\\000\\001\\000\\000\\000\\226q\\000~\\000qxt\\000"entity-browser-grid-SAMPLE-PLASMIDsq\\000~\\000\\010\\000\\000\\000\\035w\\004\\000\\000\\000&sq\\000~\\000\\012\\000\\001\\000\\000\\000\\226q\\000~\\000Xsq\\000~\\000\\012\\000\\001\\000\\000\\000\\226q\\000~\\000Zsq\\000~\\000\\012\\001\\000\\000\\000\\000\\226q\\000~\\000\\015sq\\000~\\000\\012\\001\\000\\000\\000\\000\\226q\\000~\\000]sq\\000~\\000\\012\\000\\000\\000\\000\\000\\226q\\000~\\000_sq\\000~\\000\\012\\000\\001\\000\\000\\000\\226q\\000~\\000asq\\000~\\000\\012\\000\\001\\000\\000\\000\\226q\\000~\\000csq\\000~\\000\\012\\000\\001\\000\\000\\000\\226q\\000~\\000esq\\000~\\000\\012\\000\\001\\000\\000\\000\\226q\\000~\\000gsq\\000~\\000\\012\\000\\001\\000\\000\\000\\310q\\000~\\000isq\\000~\\000\\012\\000\\001\\000\\000\\000\\226q\\000~\\000ksq\\000~\\000\\012\\000\\000\\000\\000\\000\\226q\\000~\\000\\023sq\\000~\\000\\012\\000\\000\\000\\000\\001,q\\000~\\000\\025sq\\000~\\000\\012\\000\\001\\000\\000\\000\\226q\\000~\\000osq\\000~\\000\\012\\000\\000\\000\\000\\000\\332q\\000~\\000\\217sq\\000~\\000\\012\\001\\000\\000\\000\\000xq\\000~\\000}sq\\000~\\000\\012\\000\\000\\000\\000\\000\\247q\\000~\\000\\215sq\\000~\\000\\012\\000\\000\\000\\000\\000)q\\000~\\000\\207sq\\000~\\000\\012\\000\\000\\000\\000\\000@q\\000~\\000\\211sq\\000~\\000\\012\\000\\000\\000\\000\\000|q\\000~\\000qsq\\000~\\000\\012\\000\\000\\000\\000\\000\\200q\\000~\\000ssq\\000~\\000\\012\\000\\000\\000\\000\\000mq\\000~\\000usq\\000~\\000\\012\\000\\000\\000\\000\\000\\357q\\000~\\000wsq\\000~\\000\\012\\001\\000\\000\\000\\000\\200q\\000~\\000{sq\\000~\\000\\012\\000\\000\\000\\000\\000\\177q\\000~\\000\\177sq\\000~\\000\\012\\000\\000\\000\\000\\000aq\\000~\\000\\201sq\\000~\\000\\012\\000\\000\\000\\000\\000\\301q\\000~\\000\\203sq\\000~\\000\\012\\000\\000\\000\\000\\000\\303q\\000~\\000ysq\\000~\\000\\012\\000\\000\\000\\000\\0018q\\000~\\000\\205xt\\000,sample-details-grid-SAMPLE-(all)-PLASMID_BOXsq\\000~\\000\\010\\000\\000\\000\\035w\\004\\000\\000\\000&sq\\000~\\000\\012\\000\\001\\000\\000\\000\\226q\\000~\\000Xsq\\000~\\000\\012\\000\\001\\000\\000\\000\\226q\\000~\\000Zsq\\000~\\000\\012\\001\\000\\000\\000\\000\\226q\\000~\\000\\015sq\\000~\\000\\012\\000\\001\\000\\000\\000\\226q\\000~\\000]sq\\000~\\000\\012\\000\\001\\000\\000\\000\\226q\\000~\\000_sq\\000~\\000\\012\\000\\001\\000\\000\\000\\226q\\000~\\000asq\\000~\\000\\012\\000\\001\\000\\000\\000\\226q\\000~\\000csq\\000~\\000\\012\\000\\001\\000\\000\\000\\226q\\000~\\000esq\\000~\\000\\012\\001\\000\\000\\000\\000\\226q\\000~\\000gsq\\000~\\000\\012\\000\\001\\000\\000\\000\\310q\\000~\\000isq\\000~\\000\\012\\001\\000\\000\\000\\000\\226q\\000~\\000ksq\\000~\\000\\012\\000\\000\\000\\000\\000\\226q\\000~\\000\\023sq\\000~\\000\\012\\000\\000\\000\\000\\001,q\\000~\\000\\025sq\\000~\\000\\012\\000\\001\\000\\000\\000\\226q\\000~\\000osq\\000~\\000\\012\\000\\001\\000\\000\\000\\226q\\000~\\000qsq\\000~\\000\\012\\000\\001\\000\\000\\000\\247q\\000~\\000\\215sq\\000~\\000\\012\\000\\001\\000\\000\\0000q\\000~\\000\\207sq\\000~\\000\\012\\000\\001\\000\\000\\000@q\\000~\\000\\211sq\\000~\\000\\012\\000\\001\\000\\000\\000Eq\\000~\\000\\217sq\\000~\\000\\012\\000\\001\\000\\000\\000xq\\000~\\000}sq\\000~\\000\\012\\000\\001\\000\\000\\000xq\\000~\\000ssq\\000~\\000\\012\\000\\001\\000\\000\\000xq\\000~\\000usq\\000~\\000\\012\\000\\001\\000\\000\\000xq\\000~\\000wsq\\000~\\000\\012\\000\\001\\000\\000\\000xq\\000~\\000{sq\\000~\\000\\012\\000\\001\\000\\000\\000xq\\000~\\000ysq\\000~\\000\\012\\000\\001\\000\\000\\000xq\\000~\\000\\177sq\\000~\\000\\012\\000\\001\\000\\000\\000xq\\000~\\000\\201sq\\000~\\000\\012\\000\\001\\000\\000\\000xq\\000~\\000\\203sq\\000~\\000\\012\\000\\001\\000\\000\\000xq\\000~\\000\\205xt\\000&entity-browser-grid-SAMPLE-PLASMID_BOXsq\\000~\\000\\010\\000\\000\\000\\020w\\004\\000\\000\\000\\020sq\\000~\\000\\012\\000\\001\\000\\000\\000\\226q\\000~\\000Xsq\\000~\\000\\012\\000\\001\\000\\000\\000\\226q\\000~\\000Zsq\\000~\\000\\012\\001\\000\\000\\000\\000\\226q\\000~\\000\\015sq\\000~\\000\\012\\000\\001\\000\\000\\000\\226q\\000~\\000]sq\\000~\\000\\012\\000\\001\\000\\000\\000\\247q\\000~\\000_sq\\000~\\000\\012\\000\\001\\000\\000\\000\\226q\\000~\\000asq\\000~\\000\\012\\000\\001\\000\\000\\000\\226q\\000~\\000csq\\000~\\000\\012\\000\\001\\000\\000\\000\\226q\\000~\\000esq\\000~\\000\\012\\000\\001\\000\\000\\000\\226q\\000~\\000gsq\\000~\\000\\012\\000\\001\\000\\000\\000\\310q\\000~\\000isq\\000~\\000\\012\\000\\001\\000\\000\\000\\226q\\000~\\000ksq\\000~\\000\\012\\000\\000\\000\\000\\000\\226q\\000~\\000\\023sq\\000~\\000\\012\\000\\000\\000\\000\\001,q\\000~\\000\\025sq\\000~\\000\\012\\000\\001\\000\\000\\000\\226q\\000~\\000osq\\000~\\000\\012\\000\\001\\000\\000\\000\\226q\\000~\\000qsq\\000~\\000\\012\\000\\000\\000\\000\\000xq\\000~\\000\\213xt\\000\\027attachment-browser-gridsq\\000~\\000\\010\\000\\000\\000\\007w\\004\\000\\000\\000\\012sq\\000~\\000\\012\\000\\000\\000\\000\\000\\310t\\000\\011FILE_NAMEsq\\000~\\000\\012\\000\\001\\000\\000\\000\\226t\\000\\010PERMLINKsq\\000~\\000\\012\\000\\000\\000\\000\\000\\226t\\000\\007VERSIONsq\\000~\\000\\012\\000\\000\\000\\000\\000\\310t\\000\\005TITLEsq\\000~\\000\\012\\000\\000\\000\\000\\001,q\\000~\\000\\017sq\\000~\\000\\012\\000\\000\\000\\000\\000\\226q\\000~\\000\\023sq\\000~\\000\\012\\000\\000\\000\\000\\001,q\\000~\\000\\025xx\\000sr\\000Och.systemsx.cisd.openbis.generic.shared.basic.dto.RealNumberFormatingParameters\\000\\000\\000\\000\\000\\000\\000\\001\\002\\000\\003Z\\000\\020formatingEnabledI\\000\\011precisionZ\\000\\012scientificxp\\001\\000\\000\\000\\004\\000sq\\000~\\000\\005?@\\000\\000\\000\\000\\000\\014w\\010\\000\\000\\000\\020\\000\\000\\000\\004t\\000/attachment-sectiongeneric-sample-viewer-PLASMIDsr\\000\\021java.lang.Boolean\\315 r\\200\\325\\234\\372\\356\\002\\000\\001Z\\000\\005valuexp\\001t\\0003attachment-sectiongeneric-sample-viewer-PLASMID_BOXsq\\000~\\001E\\000t\\000+sample-sectiongeneric-sample-viewer-PLASMIDq\\000~\\001Ht\\0001data-set-sectiongeneric-sample-viewer-PLASMID_BOXq\\000~\\001Hx
10	Izabela Maria	Adamczyk	izabelaa	izabela.adamczyk@bsse.ethz.ch	1	1	2010-06-01 09:53:00.914766+02	1	\\254\\355\\000\\005sr\\000Ach.systemsx.cisd.openbis.generic.shared.basic.dto.DisplaySettings\\000\\000\\000\\000\\000\\000\\000\\001\\002\\000\\005Z\\000)displayCustomColumnDebuggingErrorMessagesZ\\000\\025useWildcardSearchModeL\\000\\016columnSettingst\\000\\017Ljava/util/Map;L\\000\\035realNumberFormatingParameterst\\000QLch/systemsx/cisd/openbis/generic/shared/basic/dto/RealNumberFormatingParameters;L\\000\\017sectionSettingsq\\000~\\000\\001xp\\000\\000sr\\000\\027java.util.LinkedHashMap4\\300N\\\\\\020l\\300\\373\\002\\000\\001Z\\000\\013accessOrderxr\\000\\021java.util.HashMap\\005\\007\\332\\301\\303\\026`\\321\\003\\000\\002F\\000\\012loadFactorI\\000\\011thresholdxp?@\\000\\000\\000\\000\\000\\030w\\010\\000\\000\\000 \\000\\000\\000\\015t\\000\\027vocabulary-browser-gridsr\\000\\023java.util.ArrayListx\\201\\322\\035\\231\\307a\\235\\003\\000\\001I\\000\\004sizexp\\000\\000\\000\\007w\\004\\000\\000\\000\\012sr\\000?ch.systemsx.cisd.openbis.generic.shared.basic.dto.ColumnSetting\\000\\000\\000\\000\\000\\000\\000\\001\\002\\000\\004Z\\000\\011hasFilterZ\\000\\006hiddenI\\000\\005widthL\\000\\010columnIDt\\000\\022Ljava/lang/String;xp\\001\\000\\000\\000\\000\\377t\\000\\004CODEsq\\000~\\000\\012\\000\\000\\000\\000\\001,t\\000\\013DESCRIPTIONsq\\000~\\000\\012\\000\\000\\000\\000\\000\\226t\\000\\025IS_MANAGED_INTERNALLYsq\\000~\\000\\012\\000\\000\\000\\000\\000\\226t\\000\\013REGISTRATORsq\\000~\\000\\012\\000\\000\\000\\000\\001,t\\000\\021REGISTRATION_DATEsq\\000~\\000\\012\\000\\001\\000\\000\\001,t\\000\\014URL_TEMPLATEsq\\000~\\000\\012\\000\\001\\000\\000\\000\\226t\\000\\020SHOW_IN_CHOOSERSxt\\000\\025vocabulary-terms-gridsq\\000~\\000\\010\\000\\000\\000\\014w\\004\\000\\000\\000\\020sq\\000~\\000\\012\\001\\000\\000\\000\\000\\355q\\000~\\000\\015sq\\000~\\000\\012\\001\\000\\000\\000\\000\\310t\\000\\005LABELsq\\000~\\000\\012\\000\\001\\000\\000\\001,q\\000~\\000\\017sq\\000~\\000\\012\\000\\001\\000\\000\\000dt\\000\\007ORDINALsq\\000~\\000\\012\\000\\000\\000\\000\\000\\310t\\000\\003URLsq\\000~\\000\\012\\000\\000\\000\\000\\000\\226q\\000~\\000\\023sq\\000~\\000\\012\\000\\000\\000\\000\\001,q\\000~\\000\\025sq\\000~\\000\\012\\000\\000\\000\\000\\000\\226t\\000\\013TOTAL_USAGEsq\\000~\\000\\012\\000\\001\\000\\000\\000\\226t\\000\\020EXPERIMENT_USAGEsq\\000~\\000\\012\\000\\001\\000\\000\\000\\226t\\000\\014SAMPLE_USAGEsq\\000~\\000\\012\\000\\001\\000\\000\\000\\226t\\000\\016DATA_SET_USAGEsq\\000~\\000\\012\\000\\001\\000\\000\\000\\226t\\000\\016MATERIAL_USAGExt\\000%property-type-assignment-browser-gridsq\\000~\\000\\010\\000\\000\\000\\011w\\004\\000\\000\\000\\012sq\\000~\\000\\012\\001\\000\\000\\000\\001\\024t\\000\\022PROPERTY_TYPE_CODEsq\\000~\\000\\012\\000\\001\\000\\000\\000\\226q\\000~\\000\\036sq\\000~\\000\\012\\000\\001\\000\\000\\000\\226q\\000~\\000\\017sq\\000~\\000\\012\\001\\000\\000\\000\\000\\310t\\000\\020ENTITY_TYPE_CODEsq\\000~\\000\\012\\001\\000\\000\\000\\000\\226t\\000\\013ENTITY_KINDsq\\000~\\000\\012\\000\\000\\000\\000\\000\\226t\\000\\014IS_MANDATORYsq\\000~\\000\\012\\000\\000\\000\\000\\001Mt\\000\\011DATA_TYPEsq\\000~\\000\\012\\000\\000\\000\\000\\000dq\\000~\\000!sq\\000~\\000\\012\\000\\000\\000\\000\\000\\226t\\000\\007SECTIONxt\\000\\032property-type-browser-gridsq\\000~\\000\\010\\000\\000\\000\\013w\\004\\000\\000\\000\\020sq\\000~\\000\\012\\001\\000\\000\\000\\000\\226q\\000~\\000\\036sq\\000~\\000\\012\\001\\000\\000\\000\\000\\370q\\000~\\000\\015sq\\000~\\000\\012\\001\\000\\000\\000\\000\\310q\\000~\\000=sq\\000~\\000\\012\\000\\001\\000\\000\\000\\226t\\000\\016DATA_TYPE_CODEsq\\000~\\000\\012\\000\\001\\000\\000\\000\\226t\\000\\012VOCABULARYsq\\000~\\000\\012\\000\\001\\000\\000\\000\\226t\\000\\015MATERIAL_TYPEsq\\000~\\000\\012\\000\\000\\000\\000\\000\\226q\\000~\\000\\017sq\\000~\\000\\012\\000\\000\\000\\000\\000\\226t\\000\\014SAMPLE_TYPESsq\\000~\\000\\012\\000\\000\\000\\000\\000\\226t\\000\\020EXPERIMENT_TYPESsq\\000~\\000\\012\\000\\000\\000\\000\\000\\226t\\000\\016MATERIAL_TYPESsq\\000~\\000\\012\\000\\000\\000\\000\\000\\226t\\000\\016DATA_SET_TYPESxt\\000 entity-browser-grid-SAMPLE-(all)sq\\000~\\000\\010\\000\\000\\000\\036w\\004\\000\\000\\000&sq\\000~\\000\\012\\000\\001\\000\\000\\000\\226t\\000\\021DATABASE_INSTANCEsq\\000~\\000\\012\\000\\001\\000\\000\\000\\226t\\000\\005GROUPsq\\000~\\000\\012\\001\\000\\000\\000\\000\\206q\\000~\\000\\015sq\\000~\\000\\012\\001\\000\\000\\000\\000ht\\000\\007SUBCODEsq\\000~\\000\\012\\000\\000\\000\\000\\000\\351t\\000\\021SAMPLE_IDENTIFIERsq\\000~\\000\\012\\000\\000\\000\\000\\000it\\000\\013SAMPLE_TYPEsq\\000~\\000\\012\\000\\001\\000\\000\\000\\226t\\000\\022IS_INSTANCE_SAMPLEsq\\000~\\000\\012\\000\\001\\000\\000\\000\\226t\\000\\012IS_INVALIDsq\\000~\\000\\012\\000\\000\\000\\000\\000Wt\\000\\012EXPERIMENTsq\\000~\\000\\012\\000\\001\\000\\000\\000\\310t\\000\\025EXPERIMENT_IDENTIFIERsq\\000~\\000\\012\\000\\000\\000\\000\\000Pt\\000\\007PROJECTsq\\000~\\000\\012\\000\\001\\000\\000\\000\\226q\\000~\\000\\023sq\\000~\\000\\012\\000\\001\\000\\000\\001,q\\000~\\000\\025sq\\000~\\000\\012\\000\\001\\000\\000\\000\\226t\\000\\007PERM_IDsq\\000~\\000\\012\\000\\000\\000\\000\\000\\226t\\000\\021SHOW_DETAILS_LINKsq\\000~\\000\\012\\000\\001\\000\\000\\000\\352t\\000\\023property-USER-OWNERsq\\000~\\000\\012\\000\\001\\000\\000\\000}t\\000\\032property-USER-OWNER_NUMBERsq\\000~\\000\\012\\000\\001\\000\\000\\000\\357t\\000\\032property-USER-PLASMID_NAMEsq\\000~\\000\\012\\000\\001\\000\\000\\000\\303t\\000-property-USER-BACTERIAL_ANTIBIOTIC_RESISTANCEsq\\000~\\000\\012\\000\\001\\000\\000\\0011t\\000\\026property-USER-BACKBONEsq\\000~\\000\\012\\000\\001\\000\\000\\000_t\\000\\033property-USER-DERIVATIVE_OFsq\\000~\\000\\012\\000\\001\\000\\000\\000\\177t\\000\\032property-USER-YEAST_MARKERsq\\000~\\000\\012\\000\\001\\000\\000\\000at\\000\\032property-USER-OTHER_MARKERsq\\000~\\000\\012\\000\\001\\000\\000\\000\\301t\\000*property-USER-FLANKING_RESTRICTION_ENZYMESsq\\000~\\000\\012\\000\\001\\000\\000\\001At\\000\\026property-USER-COMMENTSsq\\000~\\000\\012\\000\\001\\000\\000\\000+t\\000\\021property-USER-ROWsq\\000~\\000\\012\\000\\001\\000\\000\\000@t\\000\\024property-USER-COLUMNsq\\000~\\000\\012\\000\\001\\000\\000\\000xt\\000\\026property-USER-BOX_SIZEsq\\000~\\000\\012\\000\\000\\000\\000\\000\\247t\\000\\020containerParent1sq\\000~\\000\\012\\000\\000\\000\\000\\000\\332t\\000\\024generatedFromParent1xt\\000\\022search-result-gridsq\\000~\\000\\010\\000\\000\\000\\006w\\004\\000\\000\\000\\012sq\\000~\\000\\012\\000\\000\\000\\000\\000\\226q\\000~\\0009sq\\000~\\000\\012\\001\\000\\000\\000\\000\\226t\\000\\013ENTITY_TYPEsq\\000~\\000\\012\\001\\000\\000\\000\\000\\262t\\000\\012IDENTIFIERsq\\000~\\000\\012\\000\\000\\000\\000\\000\\226q\\000~\\000\\023sq\\000~\\000\\012\\001\\000\\000\\000\\000\\262t\\000\\016MATCHING_FIELDsq\\000~\\000\\012\\000\\000\\000\\000\\000\\310t\\000\\015MATCHING_TEXTxt\\000$sample-details-grid-DATA_SET-PLASMIDsq\\000~\\000\\010\\000\\000\\000\\026w\\004\\000\\000\\000\\031sq\\000~\\000\\012\\001\\000\\000\\000\\000\\267q\\000~\\000\\015sq\\000~\\000\\012\\000\\001\\000\\000\\000dt\\000\\006SAMPLEsq\\000~\\000\\012\\000\\001\\000\\000\\000\\310q\\000~\\000_sq\\000~\\000\\012\\000\\001\\000\\000\\000\\226q\\000~\\000asq\\000~\\000\\012\\000\\001\\000\\000\\000dq\\000~\\000gsq\\000~\\000\\012\\000\\001\\000\\000\\000dq\\000~\\000isq\\000~\\000\\012\\000\\001\\000\\000\\000xt\\000\\017EXPERIMENT_TYPEsq\\000~\\000\\012\\000\\001\\000\\000\\000\\226q\\000~\\000ksq\\000~\\000\\012\\001\\000\\000\\000\\000\\347q\\000~\\000\\025sq\\000~\\000\\012\\000\\001\\000\\000\\000\\226q\\000~\\000esq\\000~\\000\\012\\000\\001\\000\\000\\000\\226t\\000\\013SOURCE_TYPEsq\\000~\\000\\012\\000\\001\\000\\000\\000\\226t\\000\\013IS_COMPLETEsq\\000~\\000\\012\\000\\001\\000\\000\\002\\032t\\000\\010LOCATIONsq\\000~\\000\\012\\000\\001\\000\\000\\000\\310t\\000\\006STATUSsq\\000~\\000\\012\\000\\001\\000\\000\\000\\226t\\000\\020FILE_FORMAT_TYPEsq\\000~\\000\\012\\001\\000\\000\\000\\000it\\000\\015DATA_SET_TYPEsq\\000~\\000\\012\\000\\001\\000\\000\\000\\310t\\000\\017PRODUCTION_DATEsq\\000~\\000\\012\\000\\001\\000\\000\\000\\226t\\000\\022DATA_PRODUCER_CODEsq\\000~\\000\\012\\000\\001\\000\\000\\000\\226t\\000\\017DATA_STORE_CODEsq\\000~\\000\\012\\000\\001\\000\\000\\000\\226q\\000~\\000osq\\000~\\000\\012\\000\\001\\000\\000\\000\\226q\\000~\\000qsq\\000~\\000\\012\\001\\000\\000\\000\\000\\216t\\000\\027property-USER-FILE_NAMExt\\000$entity-browser-grid-EXPERIMENT-(all)sq\\000~\\000\\010\\000\\000\\000\\013w\\004\\000\\000\\000\\020sq\\000~\\000\\012\\001\\000\\000\\000\\000\\226q\\000~\\000\\015sq\\000~\\000\\012\\000\\001\\000\\000\\000\\226q\\000~\\000\\246sq\\000~\\000\\012\\000\\000\\000\\000\\000\\321q\\000~\\000isq\\000~\\000\\012\\000\\001\\000\\000\\000\\226q\\000~\\000Xsq\\000~\\000\\012\\000\\001\\000\\000\\000\\226q\\000~\\000Zsq\\000~\\000\\012\\000\\001\\000\\000\\000\\226q\\000~\\000ksq\\000~\\000\\012\\000\\000\\000\\000\\000\\226q\\000~\\000\\023sq\\000~\\000\\012\\000\\000\\000\\000\\000\\310q\\000~\\000\\025sq\\000~\\000\\012\\000\\001\\000\\000\\000\\226q\\000~\\000esq\\000~\\000\\012\\000\\001\\000\\000\\000\\226q\\000~\\000osq\\000~\\000\\012\\000\\001\\000\\000\\000\\226q\\000~\\000qxt\\000$data-set-search-result-grid-DATA_SETsq\\000~\\000\\010\\000\\000\\000\\025w\\004\\000\\000\\000\\031sq\\000~\\000\\012\\001\\000\\000\\000\\000\\331q\\000~\\000\\015sq\\000~\\000\\012\\000\\001\\000\\000\\000dq\\000~\\000\\240sq\\000~\\000\\012\\000\\000\\000\\000\\000\\310q\\000~\\000_sq\\000~\\000\\012\\000\\000\\000\\000\\000\\226q\\000~\\000asq\\000~\\000\\012\\000\\001\\000\\000\\000dq\\000~\\000gsq\\000~\\000\\012\\000\\001\\000\\000\\000dq\\000~\\000isq\\000~\\000\\012\\000\\001\\000\\000\\000xq\\000~\\000\\246sq\\000~\\000\\012\\000\\000\\000\\000\\000\\226q\\000~\\000ksq\\000~\\000\\012\\000\\000\\000\\000\\000\\310q\\000~\\000\\025sq\\000~\\000\\012\\000\\001\\000\\000\\000\\226q\\000~\\000esq\\000~\\000\\012\\000\\001\\000\\000\\000\\226q\\000~\\000\\253sq\\000~\\000\\012\\000\\001\\000\\000\\000\\226q\\000~\\000\\255sq\\000~\\000\\012\\000\\001\\000\\000\\000\\226q\\000~\\000\\257sq\\000~\\000\\012\\000\\001\\000\\000\\000\\310q\\000~\\000\\261sq\\000~\\000\\012\\001\\001\\000\\000\\000\\226q\\000~\\000\\263sq\\000~\\000\\012\\000\\001\\000\\000\\000\\226q\\000~\\000\\265sq\\000~\\000\\012\\000\\001\\000\\000\\000\\310q\\000~\\000\\267sq\\000~\\000\\012\\000\\001\\000\\000\\000\\226q\\000~\\000\\271sq\\000~\\000\\012\\000\\001\\000\\000\\000\\226q\\000~\\000\\273sq\\000~\\000\\012\\000\\001\\000\\000\\000\\226q\\000~\\000osq\\000~\\000\\012\\000\\001\\000\\000\\000\\226q\\000~\\000qxt\\000"entity-browser-grid-SAMPLE-PLASMIDsq\\000~\\000\\010\\000\\000\\000\\035w\\004\\000\\000\\000&sq\\000~\\000\\012\\000\\001\\000\\000\\000\\226q\\000~\\000Xsq\\000~\\000\\012\\000\\001\\000\\000\\000\\226q\\000~\\000Zsq\\000~\\000\\012\\001\\000\\000\\000\\000\\226q\\000~\\000\\015sq\\000~\\000\\012\\001\\000\\000\\000\\000\\226q\\000~\\000]sq\\000~\\000\\012\\000\\000\\000\\000\\000\\226q\\000~\\000_sq\\000~\\000\\012\\000\\001\\000\\000\\000\\226q\\000~\\000asq\\000~\\000\\012\\000\\001\\000\\000\\000\\226q\\000~\\000csq\\000~\\000\\012\\000\\001\\000\\000\\000\\226q\\000~\\000esq\\000~\\000\\012\\000\\001\\000\\000\\000\\226q\\000~\\000gsq\\000~\\000\\012\\000\\001\\000\\000\\000\\310q\\000~\\000isq\\000~\\000\\012\\000\\001\\000\\000\\000\\226q\\000~\\000ksq\\000~\\000\\012\\000\\000\\000\\000\\000\\226q\\000~\\000\\023sq\\000~\\000\\012\\000\\000\\000\\000\\001,q\\000~\\000\\025sq\\000~\\000\\012\\000\\001\\000\\000\\000\\226q\\000~\\000osq\\000~\\000\\012\\000\\000\\000\\000\\000\\332q\\000~\\000\\217sq\\000~\\000\\012\\001\\000\\000\\000\\000xq\\000~\\000}sq\\000~\\000\\012\\000\\000\\000\\000\\000\\247q\\000~\\000\\215sq\\000~\\000\\012\\000\\000\\000\\000\\000)q\\000~\\000\\207sq\\000~\\000\\012\\000\\000\\000\\000\\000@q\\000~\\000\\211sq\\000~\\000\\012\\000\\000\\000\\000\\000|q\\000~\\000qsq\\000~\\000\\012\\000\\000\\000\\000\\000\\200q\\000~\\000ssq\\000~\\000\\012\\000\\000\\000\\000\\000mq\\000~\\000usq\\000~\\000\\012\\000\\000\\000\\000\\000\\357q\\000~\\000wsq\\000~\\000\\012\\001\\000\\000\\000\\000\\200q\\000~\\000{sq\\000~\\000\\012\\000\\000\\000\\000\\000\\177q\\000~\\000\\177sq\\000~\\000\\012\\000\\000\\000\\000\\000aq\\000~\\000\\201sq\\000~\\000\\012\\000\\000\\000\\000\\000\\301q\\000~\\000\\203sq\\000~\\000\\012\\000\\000\\000\\000\\000\\303q\\000~\\000ysq\\000~\\000\\012\\000\\000\\000\\000\\0018q\\000~\\000\\205xt\\000,sample-details-grid-SAMPLE-(all)-PLASMID_BOXsq\\000~\\000\\010\\000\\000\\000\\035w\\004\\000\\000\\000&sq\\000~\\000\\012\\000\\001\\000\\000\\000\\226q\\000~\\000Xsq\\000~\\000\\012\\000\\001\\000\\000\\000\\226q\\000~\\000Zsq\\000~\\000\\012\\001\\000\\000\\000\\000\\226q\\000~\\000\\015sq\\000~\\000\\012\\000\\001\\000\\000\\000\\226q\\000~\\000]sq\\000~\\000\\012\\000\\001\\000\\000\\000\\226q\\000~\\000_sq\\000~\\000\\012\\000\\001\\000\\000\\000\\226q\\000~\\000asq\\000~\\000\\012\\000\\001\\000\\000\\000\\226q\\000~\\000csq\\000~\\000\\012\\000\\001\\000\\000\\000\\226q\\000~\\000esq\\000~\\000\\012\\001\\000\\000\\000\\000\\226q\\000~\\000gsq\\000~\\000\\012\\000\\001\\000\\000\\000\\310q\\000~\\000isq\\000~\\000\\012\\001\\000\\000\\000\\000\\226q\\000~\\000ksq\\000~\\000\\012\\000\\000\\000\\000\\000\\226q\\000~\\000\\023sq\\000~\\000\\012\\000\\000\\000\\000\\001,q\\000~\\000\\025sq\\000~\\000\\012\\000\\001\\000\\000\\000\\226q\\000~\\000osq\\000~\\000\\012\\000\\001\\000\\000\\000\\226q\\000~\\000qsq\\000~\\000\\012\\000\\001\\000\\000\\000\\247q\\000~\\000\\215sq\\000~\\000\\012\\000\\001\\000\\000\\0000q\\000~\\000\\207sq\\000~\\000\\012\\000\\001\\000\\000\\000@q\\000~\\000\\211sq\\000~\\000\\012\\000\\001\\000\\000\\000Eq\\000~\\000\\217sq\\000~\\000\\012\\000\\001\\000\\000\\000xq\\000~\\000}sq\\000~\\000\\012\\000\\001\\000\\000\\000xq\\000~\\000ssq\\000~\\000\\012\\000\\001\\000\\000\\000xq\\000~\\000usq\\000~\\000\\012\\000\\001\\000\\000\\000xq\\000~\\000wsq\\000~\\000\\012\\000\\001\\000\\000\\000xq\\000~\\000{sq\\000~\\000\\012\\000\\001\\000\\000\\000xq\\000~\\000ysq\\000~\\000\\012\\000\\001\\000\\000\\000xq\\000~\\000\\177sq\\000~\\000\\012\\000\\001\\000\\000\\000xq\\000~\\000\\201sq\\000~\\000\\012\\000\\001\\000\\000\\000xq\\000~\\000\\203sq\\000~\\000\\012\\000\\001\\000\\000\\000xq\\000~\\000\\205xt\\000&entity-browser-grid-SAMPLE-PLASMID_BOXsq\\000~\\000\\010\\000\\000\\000\\020w\\004\\000\\000\\000\\020sq\\000~\\000\\012\\000\\001\\000\\000\\000\\226q\\000~\\000Xsq\\000~\\000\\012\\000\\001\\000\\000\\000\\226q\\000~\\000Zsq\\000~\\000\\012\\001\\000\\000\\000\\000\\226q\\000~\\000\\015sq\\000~\\000\\012\\000\\001\\000\\000\\000\\226q\\000~\\000]sq\\000~\\000\\012\\000\\001\\000\\000\\000\\247q\\000~\\000_sq\\000~\\000\\012\\000\\001\\000\\000\\000\\226q\\000~\\000asq\\000~\\000\\012\\000\\001\\000\\000\\000\\226q\\000~\\000csq\\000~\\000\\012\\000\\001\\000\\000\\000\\226q\\000~\\000esq\\000~\\000\\012\\000\\001\\000\\000\\000\\226q\\000~\\000gsq\\000~\\000\\012\\000\\001\\000\\000\\000\\310q\\000~\\000isq\\000~\\000\\012\\000\\001\\000\\000\\000\\226q\\000~\\000ksq\\000~\\000\\012\\000\\000\\000\\000\\000\\226q\\000~\\000\\023sq\\000~\\000\\012\\000\\000\\000\\000\\001,q\\000~\\000\\025sq\\000~\\000\\012\\000\\001\\000\\000\\000\\226q\\000~\\000osq\\000~\\000\\012\\000\\001\\000\\000\\000\\226q\\000~\\000qsq\\000~\\000\\012\\000\\000\\000\\000\\000xq\\000~\\000\\213xt\\000\\027attachment-browser-gridsq\\000~\\000\\010\\000\\000\\000\\007w\\004\\000\\000\\000\\012sq\\000~\\000\\012\\000\\000\\000\\000\\000\\310t\\000\\011FILE_NAMEsq\\000~\\000\\012\\000\\001\\000\\000\\000\\226t\\000\\010PERMLINKsq\\000~\\000\\012\\000\\000\\000\\000\\000\\226t\\000\\007VERSIONsq\\000~\\000\\012\\000\\000\\000\\000\\000\\310t\\000\\005TITLEsq\\000~\\000\\012\\000\\000\\000\\000\\001,q\\000~\\000\\017sq\\000~\\000\\012\\000\\000\\000\\000\\000\\226q\\000~\\000\\023sq\\000~\\000\\012\\000\\000\\000\\000\\001,q\\000~\\000\\025xx\\000sr\\000Och.systemsx.cisd.openbis.generic.shared.basic.dto.RealNumberFormatingParameters\\000\\000\\000\\000\\000\\000\\000\\001\\002\\000\\003Z\\000\\020formatingEnabledI\\000\\011precisionZ\\000\\012scientificxp\\001\\000\\000\\000\\004\\000sq\\000~\\000\\005?@\\000\\000\\000\\000\\000\\014w\\010\\000\\000\\000\\020\\000\\000\\000\\004t\\000/attachment-sectiongeneric-sample-viewer-PLASMIDsr\\000\\021java.lang.Boolean\\315 r\\200\\325\\234\\372\\356\\002\\000\\001Z\\000\\005valuexp\\001t\\0003attachment-sectiongeneric-sample-viewer-PLASMID_BOXsq\\000~\\001E\\000t\\000+sample-sectiongeneric-sample-viewer-PLASMIDq\\000~\\001Ht\\0001data-set-sectiongeneric-sample-viewer-PLASMID_BOXq\\000~\\001Hx
11	Bernd	Rinn	brinn	bernd.rinn@bsse.ethz.ch	1	1	2010-06-01 09:59:37.172417+02	1	\\254\\355\\000\\005sr\\000Ach.systemsx.cisd.openbis.generic.shared.basic.dto.DisplaySettings\\000\\000\\000\\000\\000\\000\\000\\001\\002\\000\\005Z\\000)displayCustomColumnDebuggingErrorMessagesZ\\000\\025useWildcardSearchModeL\\000\\016columnSettingst\\000\\017Ljava/util/Map;L\\000\\035realNumberFormatingParameterst\\000QLch/systemsx/cisd/openbis/generic/shared/basic/dto/RealNumberFormatingParameters;L\\000\\017sectionSettingsq\\000~\\000\\001xp\\000\\000sr\\000\\027java.util.LinkedHashMap4\\300N\\\\\\020l\\300\\373\\002\\000\\001Z\\000\\013accessOrderxr\\000\\021java.util.HashMap\\005\\007\\332\\301\\303\\026`\\321\\003\\000\\002F\\000\\012loadFactorI\\000\\011thresholdxp?@\\000\\000\\000\\000\\000\\030w\\010\\000\\000\\000 \\000\\000\\000\\015t\\000\\027vocabulary-browser-gridsr\\000\\023java.util.ArrayListx\\201\\322\\035\\231\\307a\\235\\003\\000\\001I\\000\\004sizexp\\000\\000\\000\\007w\\004\\000\\000\\000\\012sr\\000?ch.systemsx.cisd.openbis.generic.shared.basic.dto.ColumnSetting\\000\\000\\000\\000\\000\\000\\000\\001\\002\\000\\004Z\\000\\011hasFilterZ\\000\\006hiddenI\\000\\005widthL\\000\\010columnIDt\\000\\022Ljava/lang/String;xp\\001\\000\\000\\000\\000\\377t\\000\\004CODEsq\\000~\\000\\012\\000\\000\\000\\000\\001,t\\000\\013DESCRIPTIONsq\\000~\\000\\012\\000\\000\\000\\000\\000\\226t\\000\\025IS_MANAGED_INTERNALLYsq\\000~\\000\\012\\000\\000\\000\\000\\000\\226t\\000\\013REGISTRATORsq\\000~\\000\\012\\000\\000\\000\\000\\001,t\\000\\021REGISTRATION_DATEsq\\000~\\000\\012\\000\\001\\000\\000\\001,t\\000\\014URL_TEMPLATEsq\\000~\\000\\012\\000\\001\\000\\000\\000\\226t\\000\\020SHOW_IN_CHOOSERSxt\\000\\025vocabulary-terms-gridsq\\000~\\000\\010\\000\\000\\000\\014w\\004\\000\\000\\000\\020sq\\000~\\000\\012\\001\\000\\000\\000\\000\\355q\\000~\\000\\015sq\\000~\\000\\012\\001\\000\\000\\000\\000\\310t\\000\\005LABELsq\\000~\\000\\012\\000\\001\\000\\000\\001,q\\000~\\000\\017sq\\000~\\000\\012\\000\\001\\000\\000\\000dt\\000\\007ORDINALsq\\000~\\000\\012\\000\\000\\000\\000\\000\\310t\\000\\003URLsq\\000~\\000\\012\\000\\000\\000\\000\\000\\226q\\000~\\000\\023sq\\000~\\000\\012\\000\\000\\000\\000\\001,q\\000~\\000\\025sq\\000~\\000\\012\\000\\000\\000\\000\\000\\226t\\000\\013TOTAL_USAGEsq\\000~\\000\\012\\000\\001\\000\\000\\000\\226t\\000\\020EXPERIMENT_USAGEsq\\000~\\000\\012\\000\\001\\000\\000\\000\\226t\\000\\014SAMPLE_USAGEsq\\000~\\000\\012\\000\\001\\000\\000\\000\\226t\\000\\016DATA_SET_USAGEsq\\000~\\000\\012\\000\\001\\000\\000\\000\\226t\\000\\016MATERIAL_USAGExt\\000%property-type-assignment-browser-gridsq\\000~\\000\\010\\000\\000\\000\\011w\\004\\000\\000\\000\\012sq\\000~\\000\\012\\001\\000\\000\\000\\001\\024t\\000\\022PROPERTY_TYPE_CODEsq\\000~\\000\\012\\000\\001\\000\\000\\000\\226q\\000~\\000\\036sq\\000~\\000\\012\\000\\001\\000\\000\\000\\226q\\000~\\000\\017sq\\000~\\000\\012\\001\\000\\000\\000\\000\\310t\\000\\020ENTITY_TYPE_CODEsq\\000~\\000\\012\\001\\000\\000\\000\\000\\226t\\000\\013ENTITY_KINDsq\\000~\\000\\012\\000\\000\\000\\000\\000\\226t\\000\\014IS_MANDATORYsq\\000~\\000\\012\\000\\000\\000\\000\\001Mt\\000\\011DATA_TYPEsq\\000~\\000\\012\\000\\000\\000\\000\\000dq\\000~\\000!sq\\000~\\000\\012\\000\\000\\000\\000\\000\\226t\\000\\007SECTIONxt\\000\\032property-type-browser-gridsq\\000~\\000\\010\\000\\000\\000\\013w\\004\\000\\000\\000\\020sq\\000~\\000\\012\\001\\000\\000\\000\\000\\226q\\000~\\000\\036sq\\000~\\000\\012\\001\\000\\000\\000\\000\\370q\\000~\\000\\015sq\\000~\\000\\012\\001\\000\\000\\000\\000\\310q\\000~\\000=sq\\000~\\000\\012\\000\\001\\000\\000\\000\\226t\\000\\016DATA_TYPE_CODEsq\\000~\\000\\012\\000\\001\\000\\000\\000\\226t\\000\\012VOCABULARYsq\\000~\\000\\012\\000\\001\\000\\000\\000\\226t\\000\\015MATERIAL_TYPEsq\\000~\\000\\012\\000\\000\\000\\000\\000\\226q\\000~\\000\\017sq\\000~\\000\\012\\000\\000\\000\\000\\000\\226t\\000\\014SAMPLE_TYPESsq\\000~\\000\\012\\000\\000\\000\\000\\000\\226t\\000\\020EXPERIMENT_TYPESsq\\000~\\000\\012\\000\\000\\000\\000\\000\\226t\\000\\016MATERIAL_TYPESsq\\000~\\000\\012\\000\\000\\000\\000\\000\\226t\\000\\016DATA_SET_TYPESxt\\000 entity-browser-grid-SAMPLE-(all)sq\\000~\\000\\010\\000\\000\\000\\036w\\004\\000\\000\\000&sq\\000~\\000\\012\\000\\001\\000\\000\\000\\226t\\000\\021DATABASE_INSTANCEsq\\000~\\000\\012\\000\\001\\000\\000\\000\\226t\\000\\005GROUPsq\\000~\\000\\012\\001\\000\\000\\000\\000\\206q\\000~\\000\\015sq\\000~\\000\\012\\001\\000\\000\\000\\000ht\\000\\007SUBCODEsq\\000~\\000\\012\\000\\000\\000\\000\\000\\351t\\000\\021SAMPLE_IDENTIFIERsq\\000~\\000\\012\\000\\000\\000\\000\\000it\\000\\013SAMPLE_TYPEsq\\000~\\000\\012\\000\\001\\000\\000\\000\\226t\\000\\022IS_INSTANCE_SAMPLEsq\\000~\\000\\012\\000\\001\\000\\000\\000\\226t\\000\\012IS_INVALIDsq\\000~\\000\\012\\000\\000\\000\\000\\000Wt\\000\\012EXPERIMENTsq\\000~\\000\\012\\000\\001\\000\\000\\000\\310t\\000\\025EXPERIMENT_IDENTIFIERsq\\000~\\000\\012\\000\\000\\000\\000\\000Pt\\000\\007PROJECTsq\\000~\\000\\012\\000\\001\\000\\000\\000\\226q\\000~\\000\\023sq\\000~\\000\\012\\000\\001\\000\\000\\001,q\\000~\\000\\025sq\\000~\\000\\012\\000\\001\\000\\000\\000\\226t\\000\\007PERM_IDsq\\000~\\000\\012\\000\\000\\000\\000\\000\\226t\\000\\021SHOW_DETAILS_LINKsq\\000~\\000\\012\\000\\001\\000\\000\\000\\352t\\000\\023property-USER-OWNERsq\\000~\\000\\012\\000\\001\\000\\000\\000}t\\000\\032property-USER-OWNER_NUMBERsq\\000~\\000\\012\\000\\001\\000\\000\\000\\357t\\000\\032property-USER-PLASMID_NAMEsq\\000~\\000\\012\\000\\001\\000\\000\\000\\303t\\000-property-USER-BACTERIAL_ANTIBIOTIC_RESISTANCEsq\\000~\\000\\012\\000\\001\\000\\000\\0011t\\000\\026property-USER-BACKBONEsq\\000~\\000\\012\\000\\001\\000\\000\\000_t\\000\\033property-USER-DERIVATIVE_OFsq\\000~\\000\\012\\000\\001\\000\\000\\000\\177t\\000\\032property-USER-YEAST_MARKERsq\\000~\\000\\012\\000\\001\\000\\000\\000at\\000\\032property-USER-OTHER_MARKERsq\\000~\\000\\012\\000\\001\\000\\000\\000\\301t\\000*property-USER-FLANKING_RESTRICTION_ENZYMESsq\\000~\\000\\012\\000\\001\\000\\000\\001At\\000\\026property-USER-COMMENTSsq\\000~\\000\\012\\000\\001\\000\\000\\000+t\\000\\021property-USER-ROWsq\\000~\\000\\012\\000\\001\\000\\000\\000@t\\000\\024property-USER-COLUMNsq\\000~\\000\\012\\000\\001\\000\\000\\000xt\\000\\026property-USER-BOX_SIZEsq\\000~\\000\\012\\000\\000\\000\\000\\000\\247t\\000\\020containerParent1sq\\000~\\000\\012\\000\\000\\000\\000\\000\\332t\\000\\024generatedFromParent1xt\\000\\022search-result-gridsq\\000~\\000\\010\\000\\000\\000\\006w\\004\\000\\000\\000\\012sq\\000~\\000\\012\\000\\000\\000\\000\\000\\226q\\000~\\0009sq\\000~\\000\\012\\001\\000\\000\\000\\000\\226t\\000\\013ENTITY_TYPEsq\\000~\\000\\012\\001\\000\\000\\000\\000\\262t\\000\\012IDENTIFIERsq\\000~\\000\\012\\000\\000\\000\\000\\000\\226q\\000~\\000\\023sq\\000~\\000\\012\\001\\000\\000\\000\\000\\262t\\000\\016MATCHING_FIELDsq\\000~\\000\\012\\000\\000\\000\\000\\000\\310t\\000\\015MATCHING_TEXTxt\\000$sample-details-grid-DATA_SET-PLASMIDsq\\000~\\000\\010\\000\\000\\000\\026w\\004\\000\\000\\000\\031sq\\000~\\000\\012\\001\\000\\000\\000\\000\\267q\\000~\\000\\015sq\\000~\\000\\012\\000\\001\\000\\000\\000dt\\000\\006SAMPLEsq\\000~\\000\\012\\000\\001\\000\\000\\000\\310q\\000~\\000_sq\\000~\\000\\012\\000\\001\\000\\000\\000\\226q\\000~\\000asq\\000~\\000\\012\\000\\001\\000\\000\\000dq\\000~\\000gsq\\000~\\000\\012\\000\\001\\000\\000\\000dq\\000~\\000isq\\000~\\000\\012\\000\\001\\000\\000\\000xt\\000\\017EXPERIMENT_TYPEsq\\000~\\000\\012\\000\\001\\000\\000\\000\\226q\\000~\\000ksq\\000~\\000\\012\\001\\000\\000\\000\\000\\347q\\000~\\000\\025sq\\000~\\000\\012\\000\\001\\000\\000\\000\\226q\\000~\\000esq\\000~\\000\\012\\000\\001\\000\\000\\000\\226t\\000\\013SOURCE_TYPEsq\\000~\\000\\012\\000\\001\\000\\000\\000\\226t\\000\\013IS_COMPLETEsq\\000~\\000\\012\\000\\001\\000\\000\\002\\032t\\000\\010LOCATIONsq\\000~\\000\\012\\000\\001\\000\\000\\000\\310t\\000\\006STATUSsq\\000~\\000\\012\\000\\001\\000\\000\\000\\226t\\000\\020FILE_FORMAT_TYPEsq\\000~\\000\\012\\001\\000\\000\\000\\000it\\000\\015DATA_SET_TYPEsq\\000~\\000\\012\\000\\001\\000\\000\\000\\310t\\000\\017PRODUCTION_DATEsq\\000~\\000\\012\\000\\001\\000\\000\\000\\226t\\000\\022DATA_PRODUCER_CODEsq\\000~\\000\\012\\000\\001\\000\\000\\000\\226t\\000\\017DATA_STORE_CODEsq\\000~\\000\\012\\000\\001\\000\\000\\000\\226q\\000~\\000osq\\000~\\000\\012\\000\\001\\000\\000\\000\\226q\\000~\\000qsq\\000~\\000\\012\\001\\000\\000\\000\\000\\216t\\000\\027property-USER-FILE_NAMExt\\000$entity-browser-grid-EXPERIMENT-(all)sq\\000~\\000\\010\\000\\000\\000\\013w\\004\\000\\000\\000\\020sq\\000~\\000\\012\\001\\000\\000\\000\\000\\226q\\000~\\000\\015sq\\000~\\000\\012\\000\\001\\000\\000\\000\\226q\\000~\\000\\246sq\\000~\\000\\012\\000\\000\\000\\000\\000\\321q\\000~\\000isq\\000~\\000\\012\\000\\001\\000\\000\\000\\226q\\000~\\000Xsq\\000~\\000\\012\\000\\001\\000\\000\\000\\226q\\000~\\000Zsq\\000~\\000\\012\\000\\001\\000\\000\\000\\226q\\000~\\000ksq\\000~\\000\\012\\000\\000\\000\\000\\000\\226q\\000~\\000\\023sq\\000~\\000\\012\\000\\000\\000\\000\\000\\310q\\000~\\000\\025sq\\000~\\000\\012\\000\\001\\000\\000\\000\\226q\\000~\\000esq\\000~\\000\\012\\000\\001\\000\\000\\000\\226q\\000~\\000osq\\000~\\000\\012\\000\\001\\000\\000\\000\\226q\\000~\\000qxt\\000$data-set-search-result-grid-DATA_SETsq\\000~\\000\\010\\000\\000\\000\\025w\\004\\000\\000\\000\\031sq\\000~\\000\\012\\001\\000\\000\\000\\000\\331q\\000~\\000\\015sq\\000~\\000\\012\\000\\001\\000\\000\\000dq\\000~\\000\\240sq\\000~\\000\\012\\000\\000\\000\\000\\000\\310q\\000~\\000_sq\\000~\\000\\012\\000\\000\\000\\000\\000\\226q\\000~\\000asq\\000~\\000\\012\\000\\001\\000\\000\\000dq\\000~\\000gsq\\000~\\000\\012\\000\\001\\000\\000\\000dq\\000~\\000isq\\000~\\000\\012\\000\\001\\000\\000\\000xq\\000~\\000\\246sq\\000~\\000\\012\\000\\000\\000\\000\\000\\226q\\000~\\000ksq\\000~\\000\\012\\000\\000\\000\\000\\000\\310q\\000~\\000\\025sq\\000~\\000\\012\\000\\001\\000\\000\\000\\226q\\000~\\000esq\\000~\\000\\012\\000\\001\\000\\000\\000\\226q\\000~\\000\\253sq\\000~\\000\\012\\000\\001\\000\\000\\000\\226q\\000~\\000\\255sq\\000~\\000\\012\\000\\001\\000\\000\\000\\226q\\000~\\000\\257sq\\000~\\000\\012\\000\\001\\000\\000\\000\\310q\\000~\\000\\261sq\\000~\\000\\012\\001\\001\\000\\000\\000\\226q\\000~\\000\\263sq\\000~\\000\\012\\000\\001\\000\\000\\000\\226q\\000~\\000\\265sq\\000~\\000\\012\\000\\001\\000\\000\\000\\310q\\000~\\000\\267sq\\000~\\000\\012\\000\\001\\000\\000\\000\\226q\\000~\\000\\271sq\\000~\\000\\012\\000\\001\\000\\000\\000\\226q\\000~\\000\\273sq\\000~\\000\\012\\000\\001\\000\\000\\000\\226q\\000~\\000osq\\000~\\000\\012\\000\\001\\000\\000\\000\\226q\\000~\\000qxt\\000"entity-browser-grid-SAMPLE-PLASMIDsq\\000~\\000\\010\\000\\000\\000\\035w\\004\\000\\000\\000&sq\\000~\\000\\012\\000\\001\\000\\000\\000\\226q\\000~\\000Xsq\\000~\\000\\012\\000\\001\\000\\000\\000\\226q\\000~\\000Zsq\\000~\\000\\012\\001\\000\\000\\000\\000\\226q\\000~\\000\\015sq\\000~\\000\\012\\001\\000\\000\\000\\000\\226q\\000~\\000]sq\\000~\\000\\012\\000\\000\\000\\000\\000\\226q\\000~\\000_sq\\000~\\000\\012\\000\\001\\000\\000\\000\\226q\\000~\\000asq\\000~\\000\\012\\000\\001\\000\\000\\000\\226q\\000~\\000csq\\000~\\000\\012\\000\\001\\000\\000\\000\\226q\\000~\\000esq\\000~\\000\\012\\000\\001\\000\\000\\000\\226q\\000~\\000gsq\\000~\\000\\012\\000\\001\\000\\000\\000\\310q\\000~\\000isq\\000~\\000\\012\\000\\001\\000\\000\\000\\226q\\000~\\000ksq\\000~\\000\\012\\000\\000\\000\\000\\000\\226q\\000~\\000\\023sq\\000~\\000\\012\\000\\000\\000\\000\\001,q\\000~\\000\\025sq\\000~\\000\\012\\000\\001\\000\\000\\000\\226q\\000~\\000osq\\000~\\000\\012\\000\\000\\000\\000\\000\\332q\\000~\\000\\217sq\\000~\\000\\012\\001\\000\\000\\000\\000xq\\000~\\000}sq\\000~\\000\\012\\000\\000\\000\\000\\000\\247q\\000~\\000\\215sq\\000~\\000\\012\\000\\000\\000\\000\\000)q\\000~\\000\\207sq\\000~\\000\\012\\000\\000\\000\\000\\000@q\\000~\\000\\211sq\\000~\\000\\012\\000\\000\\000\\000\\000|q\\000~\\000qsq\\000~\\000\\012\\000\\000\\000\\000\\000\\200q\\000~\\000ssq\\000~\\000\\012\\000\\000\\000\\000\\000mq\\000~\\000usq\\000~\\000\\012\\000\\000\\000\\000\\000\\357q\\000~\\000wsq\\000~\\000\\012\\001\\000\\000\\000\\000\\200q\\000~\\000{sq\\000~\\000\\012\\000\\000\\000\\000\\000\\177q\\000~\\000\\177sq\\000~\\000\\012\\000\\000\\000\\000\\000aq\\000~\\000\\201sq\\000~\\000\\012\\000\\000\\000\\000\\000\\301q\\000~\\000\\203sq\\000~\\000\\012\\000\\000\\000\\000\\000\\303q\\000~\\000ysq\\000~\\000\\012\\000\\000\\000\\000\\0018q\\000~\\000\\205xt\\000,sample-details-grid-SAMPLE-(all)-PLASMID_BOXsq\\000~\\000\\010\\000\\000\\000\\035w\\004\\000\\000\\000&sq\\000~\\000\\012\\000\\001\\000\\000\\000\\226q\\000~\\000Xsq\\000~\\000\\012\\000\\001\\000\\000\\000\\226q\\000~\\000Zsq\\000~\\000\\012\\001\\000\\000\\000\\000\\226q\\000~\\000\\015sq\\000~\\000\\012\\000\\001\\000\\000\\000\\226q\\000~\\000]sq\\000~\\000\\012\\000\\001\\000\\000\\000\\226q\\000~\\000_sq\\000~\\000\\012\\000\\001\\000\\000\\000\\226q\\000~\\000asq\\000~\\000\\012\\000\\001\\000\\000\\000\\226q\\000~\\000csq\\000~\\000\\012\\000\\001\\000\\000\\000\\226q\\000~\\000esq\\000~\\000\\012\\001\\000\\000\\000\\000\\226q\\000~\\000gsq\\000~\\000\\012\\000\\001\\000\\000\\000\\310q\\000~\\000isq\\000~\\000\\012\\001\\000\\000\\000\\000\\226q\\000~\\000ksq\\000~\\000\\012\\000\\000\\000\\000\\000\\226q\\000~\\000\\023sq\\000~\\000\\012\\000\\000\\000\\000\\001,q\\000~\\000\\025sq\\000~\\000\\012\\000\\001\\000\\000\\000\\226q\\000~\\000osq\\000~\\000\\012\\000\\001\\000\\000\\000\\226q\\000~\\000qsq\\000~\\000\\012\\000\\001\\000\\000\\000\\247q\\000~\\000\\215sq\\000~\\000\\012\\000\\001\\000\\000\\0000q\\000~\\000\\207sq\\000~\\000\\012\\000\\001\\000\\000\\000@q\\000~\\000\\211sq\\000~\\000\\012\\000\\001\\000\\000\\000Eq\\000~\\000\\217sq\\000~\\000\\012\\000\\001\\000\\000\\000xq\\000~\\000}sq\\000~\\000\\012\\000\\001\\000\\000\\000xq\\000~\\000ssq\\000~\\000\\012\\000\\001\\000\\000\\000xq\\000~\\000usq\\000~\\000\\012\\000\\001\\000\\000\\000xq\\000~\\000wsq\\000~\\000\\012\\000\\001\\000\\000\\000xq\\000~\\000{sq\\000~\\000\\012\\000\\001\\000\\000\\000xq\\000~\\000ysq\\000~\\000\\012\\000\\001\\000\\000\\000xq\\000~\\000\\177sq\\000~\\000\\012\\000\\001\\000\\000\\000xq\\000~\\000\\201sq\\000~\\000\\012\\000\\001\\000\\000\\000xq\\000~\\000\\203sq\\000~\\000\\012\\000\\001\\000\\000\\000xq\\000~\\000\\205xt\\000&entity-browser-grid-SAMPLE-PLASMID_BOXsq\\000~\\000\\010\\000\\000\\000\\020w\\004\\000\\000\\000\\020sq\\000~\\000\\012\\000\\001\\000\\000\\000\\226q\\000~\\000Xsq\\000~\\000\\012\\000\\001\\000\\000\\000\\226q\\000~\\000Zsq\\000~\\000\\012\\001\\000\\000\\000\\000\\226q\\000~\\000\\015sq\\000~\\000\\012\\000\\001\\000\\000\\000\\226q\\000~\\000]sq\\000~\\000\\012\\000\\001\\000\\000\\000\\247q\\000~\\000_sq\\000~\\000\\012\\000\\001\\000\\000\\000\\226q\\000~\\000asq\\000~\\000\\012\\000\\001\\000\\000\\000\\226q\\000~\\000csq\\000~\\000\\012\\000\\001\\000\\000\\000\\226q\\000~\\000esq\\000~\\000\\012\\000\\001\\000\\000\\000\\226q\\000~\\000gsq\\000~\\000\\012\\000\\001\\000\\000\\000\\310q\\000~\\000isq\\000~\\000\\012\\000\\001\\000\\000\\000\\226q\\000~\\000ksq\\000~\\000\\012\\000\\000\\000\\000\\000\\226q\\000~\\000\\023sq\\000~\\000\\012\\000\\000\\000\\000\\001,q\\000~\\000\\025sq\\000~\\000\\012\\000\\001\\000\\000\\000\\226q\\000~\\000osq\\000~\\000\\012\\000\\001\\000\\000\\000\\226q\\000~\\000qsq\\000~\\000\\012\\000\\000\\000\\000\\000xq\\000~\\000\\213xt\\000\\027attachment-browser-gridsq\\000~\\000\\010\\000\\000\\000\\007w\\004\\000\\000\\000\\012sq\\000~\\000\\012\\000\\000\\000\\000\\000\\310t\\000\\011FILE_NAMEsq\\000~\\000\\012\\000\\001\\000\\000\\000\\226t\\000\\010PERMLINKsq\\000~\\000\\012\\000\\000\\000\\000\\000\\226t\\000\\007VERSIONsq\\000~\\000\\012\\000\\000\\000\\000\\000\\310t\\000\\005TITLEsq\\000~\\000\\012\\000\\000\\000\\000\\001,q\\000~\\000\\017sq\\000~\\000\\012\\000\\000\\000\\000\\000\\226q\\000~\\000\\023sq\\000~\\000\\012\\000\\000\\000\\000\\001,q\\000~\\000\\025xx\\000sr\\000Och.systemsx.cisd.openbis.generic.shared.basic.dto.RealNumberFormatingParameters\\000\\000\\000\\000\\000\\000\\000\\001\\002\\000\\003Z\\000\\020formatingEnabledI\\000\\011precisionZ\\000\\012scientificxp\\001\\000\\000\\000\\004\\000sq\\000~\\000\\005?@\\000\\000\\000\\000\\000\\014w\\010\\000\\000\\000\\020\\000\\000\\000\\004t\\000/attachment-sectiongeneric-sample-viewer-PLASMIDsr\\000\\021java.lang.Boolean\\315 r\\200\\325\\234\\372\\356\\002\\000\\001Z\\000\\005valuexp\\001t\\0003attachment-sectiongeneric-sample-viewer-PLASMID_BOXsq\\000~\\001E\\000t\\000+sample-sectiongeneric-sample-viewer-PLASMIDq\\000~\\001Ht\\0001data-set-sectiongeneric-sample-viewer-PLASMID_BOXq\\000~\\001Hx
12	Franz-Josef	Elmer	felmer	franz-josef.elmer@bsse.ethz.ch	1	1	2010-06-01 10:00:46.008847+02	1	\\254\\355\\000\\005sr\\000Ach.systemsx.cisd.openbis.generic.shared.basic.dto.DisplaySettings\\000\\000\\000\\000\\000\\000\\000\\001\\002\\000\\005Z\\000)displayCustomColumnDebuggingErrorMessagesZ\\000\\025useWildcardSearchModeL\\000\\016columnSettingst\\000\\017Ljava/util/Map;L\\000\\035realNumberFormatingParameterst\\000QLch/systemsx/cisd/openbis/generic/shared/basic/dto/RealNumberFormatingParameters;L\\000\\017sectionSettingsq\\000~\\000\\001xp\\000\\000sr\\000\\027java.util.LinkedHashMap4\\300N\\\\\\020l\\300\\373\\002\\000\\001Z\\000\\013accessOrderxr\\000\\021java.util.HashMap\\005\\007\\332\\301\\303\\026`\\321\\003\\000\\002F\\000\\012loadFactorI\\000\\011thresholdxp?@\\000\\000\\000\\000\\000\\030w\\010\\000\\000\\000 \\000\\000\\000\\015t\\000\\027vocabulary-browser-gridsr\\000\\023java.util.ArrayListx\\201\\322\\035\\231\\307a\\235\\003\\000\\001I\\000\\004sizexp\\000\\000\\000\\007w\\004\\000\\000\\000\\012sr\\000?ch.systemsx.cisd.openbis.generic.shared.basic.dto.ColumnSetting\\000\\000\\000\\000\\000\\000\\000\\001\\002\\000\\004Z\\000\\011hasFilterZ\\000\\006hiddenI\\000\\005widthL\\000\\010columnIDt\\000\\022Ljava/lang/String;xp\\001\\000\\000\\000\\000\\377t\\000\\004CODEsq\\000~\\000\\012\\000\\000\\000\\000\\001,t\\000\\013DESCRIPTIONsq\\000~\\000\\012\\000\\000\\000\\000\\000\\226t\\000\\025IS_MANAGED_INTERNALLYsq\\000~\\000\\012\\000\\000\\000\\000\\000\\226t\\000\\013REGISTRATORsq\\000~\\000\\012\\000\\000\\000\\000\\001,t\\000\\021REGISTRATION_DATEsq\\000~\\000\\012\\000\\001\\000\\000\\001,t\\000\\014URL_TEMPLATEsq\\000~\\000\\012\\000\\001\\000\\000\\000\\226t\\000\\020SHOW_IN_CHOOSERSxt\\000\\025vocabulary-terms-gridsq\\000~\\000\\010\\000\\000\\000\\014w\\004\\000\\000\\000\\020sq\\000~\\000\\012\\001\\000\\000\\000\\000\\355q\\000~\\000\\015sq\\000~\\000\\012\\001\\000\\000\\000\\000\\310t\\000\\005LABELsq\\000~\\000\\012\\000\\001\\000\\000\\001,q\\000~\\000\\017sq\\000~\\000\\012\\000\\001\\000\\000\\000dt\\000\\007ORDINALsq\\000~\\000\\012\\000\\000\\000\\000\\000\\310t\\000\\003URLsq\\000~\\000\\012\\000\\000\\000\\000\\000\\226q\\000~\\000\\023sq\\000~\\000\\012\\000\\000\\000\\000\\001,q\\000~\\000\\025sq\\000~\\000\\012\\000\\000\\000\\000\\000\\226t\\000\\013TOTAL_USAGEsq\\000~\\000\\012\\000\\001\\000\\000\\000\\226t\\000\\020EXPERIMENT_USAGEsq\\000~\\000\\012\\000\\001\\000\\000\\000\\226t\\000\\014SAMPLE_USAGEsq\\000~\\000\\012\\000\\001\\000\\000\\000\\226t\\000\\016DATA_SET_USAGEsq\\000~\\000\\012\\000\\001\\000\\000\\000\\226t\\000\\016MATERIAL_USAGExt\\000%property-type-assignment-browser-gridsq\\000~\\000\\010\\000\\000\\000\\011w\\004\\000\\000\\000\\012sq\\000~\\000\\012\\001\\000\\000\\000\\001\\024t\\000\\022PROPERTY_TYPE_CODEsq\\000~\\000\\012\\000\\001\\000\\000\\000\\226q\\000~\\000\\036sq\\000~\\000\\012\\000\\001\\000\\000\\000\\226q\\000~\\000\\017sq\\000~\\000\\012\\001\\000\\000\\000\\000\\310t\\000\\020ENTITY_TYPE_CODEsq\\000~\\000\\012\\001\\000\\000\\000\\000\\226t\\000\\013ENTITY_KINDsq\\000~\\000\\012\\000\\000\\000\\000\\000\\226t\\000\\014IS_MANDATORYsq\\000~\\000\\012\\000\\000\\000\\000\\001Mt\\000\\011DATA_TYPEsq\\000~\\000\\012\\000\\000\\000\\000\\000dq\\000~\\000!sq\\000~\\000\\012\\000\\000\\000\\000\\000\\226t\\000\\007SECTIONxt\\000\\032property-type-browser-gridsq\\000~\\000\\010\\000\\000\\000\\013w\\004\\000\\000\\000\\020sq\\000~\\000\\012\\001\\000\\000\\000\\000\\226q\\000~\\000\\036sq\\000~\\000\\012\\001\\000\\000\\000\\000\\370q\\000~\\000\\015sq\\000~\\000\\012\\001\\000\\000\\000\\000\\310q\\000~\\000=sq\\000~\\000\\012\\000\\001\\000\\000\\000\\226t\\000\\016DATA_TYPE_CODEsq\\000~\\000\\012\\000\\001\\000\\000\\000\\226t\\000\\012VOCABULARYsq\\000~\\000\\012\\000\\001\\000\\000\\000\\226t\\000\\015MATERIAL_TYPEsq\\000~\\000\\012\\000\\000\\000\\000\\000\\226q\\000~\\000\\017sq\\000~\\000\\012\\000\\000\\000\\000\\000\\226t\\000\\014SAMPLE_TYPESsq\\000~\\000\\012\\000\\000\\000\\000\\000\\226t\\000\\020EXPERIMENT_TYPESsq\\000~\\000\\012\\000\\000\\000\\000\\000\\226t\\000\\016MATERIAL_TYPESsq\\000~\\000\\012\\000\\000\\000\\000\\000\\226t\\000\\016DATA_SET_TYPESxt\\000 entity-browser-grid-SAMPLE-(all)sq\\000~\\000\\010\\000\\000\\000\\036w\\004\\000\\000\\000&sq\\000~\\000\\012\\000\\001\\000\\000\\000\\226t\\000\\021DATABASE_INSTANCEsq\\000~\\000\\012\\000\\001\\000\\000\\000\\226t\\000\\005GROUPsq\\000~\\000\\012\\001\\000\\000\\000\\000\\206q\\000~\\000\\015sq\\000~\\000\\012\\001\\000\\000\\000\\000ht\\000\\007SUBCODEsq\\000~\\000\\012\\000\\000\\000\\000\\000\\351t\\000\\021SAMPLE_IDENTIFIERsq\\000~\\000\\012\\000\\000\\000\\000\\000it\\000\\013SAMPLE_TYPEsq\\000~\\000\\012\\000\\001\\000\\000\\000\\226t\\000\\022IS_INSTANCE_SAMPLEsq\\000~\\000\\012\\000\\001\\000\\000\\000\\226t\\000\\012IS_INVALIDsq\\000~\\000\\012\\000\\000\\000\\000\\000Wt\\000\\012EXPERIMENTsq\\000~\\000\\012\\000\\001\\000\\000\\000\\310t\\000\\025EXPERIMENT_IDENTIFIERsq\\000~\\000\\012\\000\\000\\000\\000\\000Pt\\000\\007PROJECTsq\\000~\\000\\012\\000\\001\\000\\000\\000\\226q\\000~\\000\\023sq\\000~\\000\\012\\000\\001\\000\\000\\001,q\\000~\\000\\025sq\\000~\\000\\012\\000\\001\\000\\000\\000\\226t\\000\\007PERM_IDsq\\000~\\000\\012\\000\\000\\000\\000\\000\\226t\\000\\021SHOW_DETAILS_LINKsq\\000~\\000\\012\\000\\001\\000\\000\\000\\352t\\000\\023property-USER-OWNERsq\\000~\\000\\012\\000\\001\\000\\000\\000}t\\000\\032property-USER-OWNER_NUMBERsq\\000~\\000\\012\\000\\001\\000\\000\\000\\357t\\000\\032property-USER-PLASMID_NAMEsq\\000~\\000\\012\\000\\001\\000\\000\\000\\303t\\000-property-USER-BACTERIAL_ANTIBIOTIC_RESISTANCEsq\\000~\\000\\012\\000\\001\\000\\000\\0011t\\000\\026property-USER-BACKBONEsq\\000~\\000\\012\\000\\001\\000\\000\\000_t\\000\\033property-USER-DERIVATIVE_OFsq\\000~\\000\\012\\000\\001\\000\\000\\000\\177t\\000\\032property-USER-YEAST_MARKERsq\\000~\\000\\012\\000\\001\\000\\000\\000at\\000\\032property-USER-OTHER_MARKERsq\\000~\\000\\012\\000\\001\\000\\000\\000\\301t\\000*property-USER-FLANKING_RESTRICTION_ENZYMESsq\\000~\\000\\012\\000\\001\\000\\000\\001At\\000\\026property-USER-COMMENTSsq\\000~\\000\\012\\000\\001\\000\\000\\000+t\\000\\021property-USER-ROWsq\\000~\\000\\012\\000\\001\\000\\000\\000@t\\000\\024property-USER-COLUMNsq\\000~\\000\\012\\000\\001\\000\\000\\000xt\\000\\026property-USER-BOX_SIZEsq\\000~\\000\\012\\000\\000\\000\\000\\000\\247t\\000\\020containerParent1sq\\000~\\000\\012\\000\\000\\000\\000\\000\\332t\\000\\024generatedFromParent1xt\\000\\022search-result-gridsq\\000~\\000\\010\\000\\000\\000\\006w\\004\\000\\000\\000\\012sq\\000~\\000\\012\\000\\000\\000\\000\\000\\226q\\000~\\0009sq\\000~\\000\\012\\001\\000\\000\\000\\000\\226t\\000\\013ENTITY_TYPEsq\\000~\\000\\012\\001\\000\\000\\000\\000\\262t\\000\\012IDENTIFIERsq\\000~\\000\\012\\000\\000\\000\\000\\000\\226q\\000~\\000\\023sq\\000~\\000\\012\\001\\000\\000\\000\\000\\262t\\000\\016MATCHING_FIELDsq\\000~\\000\\012\\000\\000\\000\\000\\000\\310t\\000\\015MATCHING_TEXTxt\\000$sample-details-grid-DATA_SET-PLASMIDsq\\000~\\000\\010\\000\\000\\000\\026w\\004\\000\\000\\000\\031sq\\000~\\000\\012\\001\\000\\000\\000\\000\\267q\\000~\\000\\015sq\\000~\\000\\012\\000\\001\\000\\000\\000dt\\000\\006SAMPLEsq\\000~\\000\\012\\000\\001\\000\\000\\000\\310q\\000~\\000_sq\\000~\\000\\012\\000\\001\\000\\000\\000\\226q\\000~\\000asq\\000~\\000\\012\\000\\001\\000\\000\\000dq\\000~\\000gsq\\000~\\000\\012\\000\\001\\000\\000\\000dq\\000~\\000isq\\000~\\000\\012\\000\\001\\000\\000\\000xt\\000\\017EXPERIMENT_TYPEsq\\000~\\000\\012\\000\\001\\000\\000\\000\\226q\\000~\\000ksq\\000~\\000\\012\\001\\000\\000\\000\\000\\347q\\000~\\000\\025sq\\000~\\000\\012\\000\\001\\000\\000\\000\\226q\\000~\\000esq\\000~\\000\\012\\000\\001\\000\\000\\000\\226t\\000\\013SOURCE_TYPEsq\\000~\\000\\012\\000\\001\\000\\000\\000\\226t\\000\\013IS_COMPLETEsq\\000~\\000\\012\\000\\001\\000\\000\\002\\032t\\000\\010LOCATIONsq\\000~\\000\\012\\000\\001\\000\\000\\000\\310t\\000\\006STATUSsq\\000~\\000\\012\\000\\001\\000\\000\\000\\226t\\000\\020FILE_FORMAT_TYPEsq\\000~\\000\\012\\001\\000\\000\\000\\000it\\000\\015DATA_SET_TYPEsq\\000~\\000\\012\\000\\001\\000\\000\\000\\310t\\000\\017PRODUCTION_DATEsq\\000~\\000\\012\\000\\001\\000\\000\\000\\226t\\000\\022DATA_PRODUCER_CODEsq\\000~\\000\\012\\000\\001\\000\\000\\000\\226t\\000\\017DATA_STORE_CODEsq\\000~\\000\\012\\000\\001\\000\\000\\000\\226q\\000~\\000osq\\000~\\000\\012\\000\\001\\000\\000\\000\\226q\\000~\\000qsq\\000~\\000\\012\\001\\000\\000\\000\\000\\216t\\000\\027property-USER-FILE_NAMExt\\000$entity-browser-grid-EXPERIMENT-(all)sq\\000~\\000\\010\\000\\000\\000\\013w\\004\\000\\000\\000\\020sq\\000~\\000\\012\\001\\000\\000\\000\\000\\226q\\000~\\000\\015sq\\000~\\000\\012\\000\\001\\000\\000\\000\\226q\\000~\\000\\246sq\\000~\\000\\012\\000\\000\\000\\000\\000\\321q\\000~\\000isq\\000~\\000\\012\\000\\001\\000\\000\\000\\226q\\000~\\000Xsq\\000~\\000\\012\\000\\001\\000\\000\\000\\226q\\000~\\000Zsq\\000~\\000\\012\\000\\001\\000\\000\\000\\226q\\000~\\000ksq\\000~\\000\\012\\000\\000\\000\\000\\000\\226q\\000~\\000\\023sq\\000~\\000\\012\\000\\000\\000\\000\\000\\310q\\000~\\000\\025sq\\000~\\000\\012\\000\\001\\000\\000\\000\\226q\\000~\\000esq\\000~\\000\\012\\000\\001\\000\\000\\000\\226q\\000~\\000osq\\000~\\000\\012\\000\\001\\000\\000\\000\\226q\\000~\\000qxt\\000$data-set-search-result-grid-DATA_SETsq\\000~\\000\\010\\000\\000\\000\\025w\\004\\000\\000\\000\\031sq\\000~\\000\\012\\001\\000\\000\\000\\000\\331q\\000~\\000\\015sq\\000~\\000\\012\\000\\001\\000\\000\\000dq\\000~\\000\\240sq\\000~\\000\\012\\000\\000\\000\\000\\000\\310q\\000~\\000_sq\\000~\\000\\012\\000\\000\\000\\000\\000\\226q\\000~\\000asq\\000~\\000\\012\\000\\001\\000\\000\\000dq\\000~\\000gsq\\000~\\000\\012\\000\\001\\000\\000\\000dq\\000~\\000isq\\000~\\000\\012\\000\\001\\000\\000\\000xq\\000~\\000\\246sq\\000~\\000\\012\\000\\000\\000\\000\\000\\226q\\000~\\000ksq\\000~\\000\\012\\000\\000\\000\\000\\000\\310q\\000~\\000\\025sq\\000~\\000\\012\\000\\001\\000\\000\\000\\226q\\000~\\000esq\\000~\\000\\012\\000\\001\\000\\000\\000\\226q\\000~\\000\\253sq\\000~\\000\\012\\000\\001\\000\\000\\000\\226q\\000~\\000\\255sq\\000~\\000\\012\\000\\001\\000\\000\\000\\226q\\000~\\000\\257sq\\000~\\000\\012\\000\\001\\000\\000\\000\\310q\\000~\\000\\261sq\\000~\\000\\012\\001\\001\\000\\000\\000\\226q\\000~\\000\\263sq\\000~\\000\\012\\000\\001\\000\\000\\000\\226q\\000~\\000\\265sq\\000~\\000\\012\\000\\001\\000\\000\\000\\310q\\000~\\000\\267sq\\000~\\000\\012\\000\\001\\000\\000\\000\\226q\\000~\\000\\271sq\\000~\\000\\012\\000\\001\\000\\000\\000\\226q\\000~\\000\\273sq\\000~\\000\\012\\000\\001\\000\\000\\000\\226q\\000~\\000osq\\000~\\000\\012\\000\\001\\000\\000\\000\\226q\\000~\\000qxt\\000"entity-browser-grid-SAMPLE-PLASMIDsq\\000~\\000\\010\\000\\000\\000\\035w\\004\\000\\000\\000&sq\\000~\\000\\012\\000\\001\\000\\000\\000\\226q\\000~\\000Xsq\\000~\\000\\012\\000\\001\\000\\000\\000\\226q\\000~\\000Zsq\\000~\\000\\012\\001\\000\\000\\000\\000\\226q\\000~\\000\\015sq\\000~\\000\\012\\001\\000\\000\\000\\000\\226q\\000~\\000]sq\\000~\\000\\012\\000\\000\\000\\000\\000\\226q\\000~\\000_sq\\000~\\000\\012\\000\\001\\000\\000\\000\\226q\\000~\\000asq\\000~\\000\\012\\000\\001\\000\\000\\000\\226q\\000~\\000csq\\000~\\000\\012\\000\\001\\000\\000\\000\\226q\\000~\\000esq\\000~\\000\\012\\000\\001\\000\\000\\000\\226q\\000~\\000gsq\\000~\\000\\012\\000\\001\\000\\000\\000\\310q\\000~\\000isq\\000~\\000\\012\\000\\001\\000\\000\\000\\226q\\000~\\000ksq\\000~\\000\\012\\000\\000\\000\\000\\000\\226q\\000~\\000\\023sq\\000~\\000\\012\\000\\000\\000\\000\\001,q\\000~\\000\\025sq\\000~\\000\\012\\000\\001\\000\\000\\000\\226q\\000~\\000osq\\000~\\000\\012\\000\\000\\000\\000\\000\\332q\\000~\\000\\217sq\\000~\\000\\012\\001\\000\\000\\000\\000xq\\000~\\000}sq\\000~\\000\\012\\000\\000\\000\\000\\000\\247q\\000~\\000\\215sq\\000~\\000\\012\\000\\000\\000\\000\\000)q\\000~\\000\\207sq\\000~\\000\\012\\000\\000\\000\\000\\000@q\\000~\\000\\211sq\\000~\\000\\012\\000\\000\\000\\000\\000|q\\000~\\000qsq\\000~\\000\\012\\000\\000\\000\\000\\000\\200q\\000~\\000ssq\\000~\\000\\012\\000\\000\\000\\000\\000mq\\000~\\000usq\\000~\\000\\012\\000\\000\\000\\000\\000\\357q\\000~\\000wsq\\000~\\000\\012\\001\\000\\000\\000\\000\\200q\\000~\\000{sq\\000~\\000\\012\\000\\000\\000\\000\\000\\177q\\000~\\000\\177sq\\000~\\000\\012\\000\\000\\000\\000\\000aq\\000~\\000\\201sq\\000~\\000\\012\\000\\000\\000\\000\\000\\301q\\000~\\000\\203sq\\000~\\000\\012\\000\\000\\000\\000\\000\\303q\\000~\\000ysq\\000~\\000\\012\\000\\000\\000\\000\\0018q\\000~\\000\\205xt\\000,sample-details-grid-SAMPLE-(all)-PLASMID_BOXsq\\000~\\000\\010\\000\\000\\000\\035w\\004\\000\\000\\000&sq\\000~\\000\\012\\000\\001\\000\\000\\000\\226q\\000~\\000Xsq\\000~\\000\\012\\000\\001\\000\\000\\000\\226q\\000~\\000Zsq\\000~\\000\\012\\001\\000\\000\\000\\000\\226q\\000~\\000\\015sq\\000~\\000\\012\\000\\001\\000\\000\\000\\226q\\000~\\000]sq\\000~\\000\\012\\000\\001\\000\\000\\000\\226q\\000~\\000_sq\\000~\\000\\012\\000\\001\\000\\000\\000\\226q\\000~\\000asq\\000~\\000\\012\\000\\001\\000\\000\\000\\226q\\000~\\000csq\\000~\\000\\012\\000\\001\\000\\000\\000\\226q\\000~\\000esq\\000~\\000\\012\\001\\000\\000\\000\\000\\226q\\000~\\000gsq\\000~\\000\\012\\000\\001\\000\\000\\000\\310q\\000~\\000isq\\000~\\000\\012\\001\\000\\000\\000\\000\\226q\\000~\\000ksq\\000~\\000\\012\\000\\000\\000\\000\\000\\226q\\000~\\000\\023sq\\000~\\000\\012\\000\\000\\000\\000\\001,q\\000~\\000\\025sq\\000~\\000\\012\\000\\001\\000\\000\\000\\226q\\000~\\000osq\\000~\\000\\012\\000\\001\\000\\000\\000\\226q\\000~\\000qsq\\000~\\000\\012\\000\\001\\000\\000\\000\\247q\\000~\\000\\215sq\\000~\\000\\012\\000\\001\\000\\000\\0000q\\000~\\000\\207sq\\000~\\000\\012\\000\\001\\000\\000\\000@q\\000~\\000\\211sq\\000~\\000\\012\\000\\001\\000\\000\\000Eq\\000~\\000\\217sq\\000~\\000\\012\\000\\001\\000\\000\\000xq\\000~\\000}sq\\000~\\000\\012\\000\\001\\000\\000\\000xq\\000~\\000ssq\\000~\\000\\012\\000\\001\\000\\000\\000xq\\000~\\000usq\\000~\\000\\012\\000\\001\\000\\000\\000xq\\000~\\000wsq\\000~\\000\\012\\000\\001\\000\\000\\000xq\\000~\\000{sq\\000~\\000\\012\\000\\001\\000\\000\\000xq\\000~\\000ysq\\000~\\000\\012\\000\\001\\000\\000\\000xq\\000~\\000\\177sq\\000~\\000\\012\\000\\001\\000\\000\\000xq\\000~\\000\\201sq\\000~\\000\\012\\000\\001\\000\\000\\000xq\\000~\\000\\203sq\\000~\\000\\012\\000\\001\\000\\000\\000xq\\000~\\000\\205xt\\000&entity-browser-grid-SAMPLE-PLASMID_BOXsq\\000~\\000\\010\\000\\000\\000\\020w\\004\\000\\000\\000\\020sq\\000~\\000\\012\\000\\001\\000\\000\\000\\226q\\000~\\000Xsq\\000~\\000\\012\\000\\001\\000\\000\\000\\226q\\000~\\000Zsq\\000~\\000\\012\\001\\000\\000\\000\\000\\226q\\000~\\000\\015sq\\000~\\000\\012\\000\\001\\000\\000\\000\\226q\\000~\\000]sq\\000~\\000\\012\\000\\001\\000\\000\\000\\247q\\000~\\000_sq\\000~\\000\\012\\000\\001\\000\\000\\000\\226q\\000~\\000asq\\000~\\000\\012\\000\\001\\000\\000\\000\\226q\\000~\\000csq\\000~\\000\\012\\000\\001\\000\\000\\000\\226q\\000~\\000esq\\000~\\000\\012\\000\\001\\000\\000\\000\\226q\\000~\\000gsq\\000~\\000\\012\\000\\001\\000\\000\\000\\310q\\000~\\000isq\\000~\\000\\012\\000\\001\\000\\000\\000\\226q\\000~\\000ksq\\000~\\000\\012\\000\\000\\000\\000\\000\\226q\\000~\\000\\023sq\\000~\\000\\012\\000\\000\\000\\000\\001,q\\000~\\000\\025sq\\000~\\000\\012\\000\\001\\000\\000\\000\\226q\\000~\\000osq\\000~\\000\\012\\000\\001\\000\\000\\000\\226q\\000~\\000qsq\\000~\\000\\012\\000\\000\\000\\000\\000xq\\000~\\000\\213xt\\000\\027attachment-browser-gridsq\\000~\\000\\010\\000\\000\\000\\007w\\004\\000\\000\\000\\012sq\\000~\\000\\012\\000\\000\\000\\000\\000\\310t\\000\\011FILE_NAMEsq\\000~\\000\\012\\000\\001\\000\\000\\000\\226t\\000\\010PERMLINKsq\\000~\\000\\012\\000\\000\\000\\000\\000\\226t\\000\\007VERSIONsq\\000~\\000\\012\\000\\000\\000\\000\\000\\310t\\000\\005TITLEsq\\000~\\000\\012\\000\\000\\000\\000\\001,q\\000~\\000\\017sq\\000~\\000\\012\\000\\000\\000\\000\\000\\226q\\000~\\000\\023sq\\000~\\000\\012\\000\\000\\000\\000\\001,q\\000~\\000\\025xx\\000sr\\000Och.systemsx.cisd.openbis.generic.shared.basic.dto.RealNumberFormatingParameters\\000\\000\\000\\000\\000\\000\\000\\001\\002\\000\\003Z\\000\\020formatingEnabledI\\000\\011precisionZ\\000\\012scientificxp\\001\\000\\000\\000\\004\\000sq\\000~\\000\\005?@\\000\\000\\000\\000\\000\\014w\\010\\000\\000\\000\\020\\000\\000\\000\\004t\\000/attachment-sectiongeneric-sample-viewer-PLASMIDsr\\000\\021java.lang.Boolean\\315 r\\200\\325\\234\\372\\356\\002\\000\\001Z\\000\\005valuexp\\001t\\0003attachment-sectiongeneric-sample-viewer-PLASMID_BOXsq\\000~\\001E\\000t\\000+sample-sectiongeneric-sample-viewer-PLASMIDq\\000~\\001Ht\\0001data-set-sectiongeneric-sample-viewer-PLASMID_BOXq\\000~\\001Hx
13	Chandrasekhar	Ramakrishnan	cramakri	cramakri@inf.ethz.ch	1	1	2010-06-01 10:00:46.008847+02	1	\\254\\355\\000\\005sr\\000Ach.systemsx.cisd.openbis.generic.shared.basic.dto.DisplaySettings\\000\\000\\000\\000\\000\\000\\000\\001\\002\\000\\005Z\\000)displayCustomColumnDebuggingErrorMessagesZ\\000\\025useWildcardSearchModeL\\000\\016columnSettingst\\000\\017Ljava/util/Map;L\\000\\035realNumberFormatingParameterst\\000QLch/systemsx/cisd/openbis/generic/shared/basic/dto/RealNumberFormatingParameters;L\\000\\017sectionSettingsq\\000~\\000\\001xp\\000\\000sr\\000\\027java.util.LinkedHashMap4\\300N\\\\\\020l\\300\\373\\002\\000\\001Z\\000\\013accessOrderxr\\000\\021java.util.HashMap\\005\\007\\332\\301\\303\\026`\\321\\003\\000\\002F\\000\\012loadFactorI\\000\\011thresholdxp?@\\000\\000\\000\\000\\000\\030w\\010\\000\\000\\000 \\000\\000\\000\\015t\\000\\027vocabulary-browser-gridsr\\000\\023java.util.ArrayListx\\201\\322\\035\\231\\307a\\235\\003\\000\\001I\\000\\004sizexp\\000\\000\\000\\007w\\004\\000\\000\\000\\012sr\\000?ch.systemsx.cisd.openbis.generic.shared.basic.dto.ColumnSetting\\000\\000\\000\\000\\000\\000\\000\\001\\002\\000\\004Z\\000\\011hasFilterZ\\000\\006hiddenI\\000\\005widthL\\000\\010columnIDt\\000\\022Ljava/lang/String;xp\\001\\000\\000\\000\\000\\377t\\000\\004CODEsq\\000~\\000\\012\\000\\000\\000\\000\\001,t\\000\\013DESCRIPTIONsq\\000~\\000\\012\\000\\000\\000\\000\\000\\226t\\000\\025IS_MANAGED_INTERNALLYsq\\000~\\000\\012\\000\\000\\000\\000\\000\\226t\\000\\013REGISTRATORsq\\000~\\000\\012\\000\\000\\000\\000\\001,t\\000\\021REGISTRATION_DATEsq\\000~\\000\\012\\000\\001\\000\\000\\001,t\\000\\014URL_TEMPLATEsq\\000~\\000\\012\\000\\001\\000\\000\\000\\226t\\000\\020SHOW_IN_CHOOSERSxt\\000\\025vocabulary-terms-gridsq\\000~\\000\\010\\000\\000\\000\\014w\\004\\000\\000\\000\\020sq\\000~\\000\\012\\001\\000\\000\\000\\000\\355q\\000~\\000\\015sq\\000~\\000\\012\\001\\000\\000\\000\\000\\310t\\000\\005LABELsq\\000~\\000\\012\\000\\001\\000\\000\\001,q\\000~\\000\\017sq\\000~\\000\\012\\000\\001\\000\\000\\000dt\\000\\007ORDINALsq\\000~\\000\\012\\000\\000\\000\\000\\000\\310t\\000\\003URLsq\\000~\\000\\012\\000\\000\\000\\000\\000\\226q\\000~\\000\\023sq\\000~\\000\\012\\000\\000\\000\\000\\001,q\\000~\\000\\025sq\\000~\\000\\012\\000\\000\\000\\000\\000\\226t\\000\\013TOTAL_USAGEsq\\000~\\000\\012\\000\\001\\000\\000\\000\\226t\\000\\020EXPERIMENT_USAGEsq\\000~\\000\\012\\000\\001\\000\\000\\000\\226t\\000\\014SAMPLE_USAGEsq\\000~\\000\\012\\000\\001\\000\\000\\000\\226t\\000\\016DATA_SET_USAGEsq\\000~\\000\\012\\000\\001\\000\\000\\000\\226t\\000\\016MATERIAL_USAGExt\\000%property-type-assignment-browser-gridsq\\000~\\000\\010\\000\\000\\000\\011w\\004\\000\\000\\000\\012sq\\000~\\000\\012\\001\\000\\000\\000\\001\\024t\\000\\022PROPERTY_TYPE_CODEsq\\000~\\000\\012\\000\\001\\000\\000\\000\\226q\\000~\\000\\036sq\\000~\\000\\012\\000\\001\\000\\000\\000\\226q\\000~\\000\\017sq\\000~\\000\\012\\001\\000\\000\\000\\000\\310t\\000\\020ENTITY_TYPE_CODEsq\\000~\\000\\012\\001\\000\\000\\000\\000\\226t\\000\\013ENTITY_KINDsq\\000~\\000\\012\\000\\000\\000\\000\\000\\226t\\000\\014IS_MANDATORYsq\\000~\\000\\012\\000\\000\\000\\000\\001Mt\\000\\011DATA_TYPEsq\\000~\\000\\012\\000\\000\\000\\000\\000dq\\000~\\000!sq\\000~\\000\\012\\000\\000\\000\\000\\000\\226t\\000\\007SECTIONxt\\000\\032property-type-browser-gridsq\\000~\\000\\010\\000\\000\\000\\013w\\004\\000\\000\\000\\020sq\\000~\\000\\012\\001\\000\\000\\000\\000\\226q\\000~\\000\\036sq\\000~\\000\\012\\001\\000\\000\\000\\000\\370q\\000~\\000\\015sq\\000~\\000\\012\\001\\000\\000\\000\\000\\310q\\000~\\000=sq\\000~\\000\\012\\000\\001\\000\\000\\000\\226t\\000\\016DATA_TYPE_CODEsq\\000~\\000\\012\\000\\001\\000\\000\\000\\226t\\000\\012VOCABULARYsq\\000~\\000\\012\\000\\001\\000\\000\\000\\226t\\000\\015MATERIAL_TYPEsq\\000~\\000\\012\\000\\000\\000\\000\\000\\226q\\000~\\000\\017sq\\000~\\000\\012\\000\\000\\000\\000\\000\\226t\\000\\014SAMPLE_TYPESsq\\000~\\000\\012\\000\\000\\000\\000\\000\\226t\\000\\020EXPERIMENT_TYPESsq\\000~\\000\\012\\000\\000\\000\\000\\000\\226t\\000\\016MATERIAL_TYPESsq\\000~\\000\\012\\000\\000\\000\\000\\000\\226t\\000\\016DATA_SET_TYPESxt\\000 entity-browser-grid-SAMPLE-(all)sq\\000~\\000\\010\\000\\000\\000\\036w\\004\\000\\000\\000&sq\\000~\\000\\012\\000\\001\\000\\000\\000\\226t\\000\\021DATABASE_INSTANCEsq\\000~\\000\\012\\000\\001\\000\\000\\000\\226t\\000\\005GROUPsq\\000~\\000\\012\\001\\000\\000\\000\\000\\206q\\000~\\000\\015sq\\000~\\000\\012\\001\\000\\000\\000\\000ht\\000\\007SUBCODEsq\\000~\\000\\012\\000\\000\\000\\000\\000\\351t\\000\\021SAMPLE_IDENTIFIERsq\\000~\\000\\012\\000\\000\\000\\000\\000it\\000\\013SAMPLE_TYPEsq\\000~\\000\\012\\000\\001\\000\\000\\000\\226t\\000\\022IS_INSTANCE_SAMPLEsq\\000~\\000\\012\\000\\001\\000\\000\\000\\226t\\000\\012IS_INVALIDsq\\000~\\000\\012\\000\\000\\000\\000\\000Wt\\000\\012EXPERIMENTsq\\000~\\000\\012\\000\\001\\000\\000\\000\\310t\\000\\025EXPERIMENT_IDENTIFIERsq\\000~\\000\\012\\000\\000\\000\\000\\000Pt\\000\\007PROJECTsq\\000~\\000\\012\\000\\001\\000\\000\\000\\226q\\000~\\000\\023sq\\000~\\000\\012\\000\\001\\000\\000\\001,q\\000~\\000\\025sq\\000~\\000\\012\\000\\001\\000\\000\\000\\226t\\000\\007PERM_IDsq\\000~\\000\\012\\000\\000\\000\\000\\000\\226t\\000\\021SHOW_DETAILS_LINKsq\\000~\\000\\012\\000\\001\\000\\000\\000\\352t\\000\\023property-USER-OWNERsq\\000~\\000\\012\\000\\001\\000\\000\\000}t\\000\\032property-USER-OWNER_NUMBERsq\\000~\\000\\012\\000\\001\\000\\000\\000\\357t\\000\\032property-USER-PLASMID_NAMEsq\\000~\\000\\012\\000\\001\\000\\000\\000\\303t\\000-property-USER-BACTERIAL_ANTIBIOTIC_RESISTANCEsq\\000~\\000\\012\\000\\001\\000\\000\\0011t\\000\\026property-USER-BACKBONEsq\\000~\\000\\012\\000\\001\\000\\000\\000_t\\000\\033property-USER-DERIVATIVE_OFsq\\000~\\000\\012\\000\\001\\000\\000\\000\\177t\\000\\032property-USER-YEAST_MARKERsq\\000~\\000\\012\\000\\001\\000\\000\\000at\\000\\032property-USER-OTHER_MARKERsq\\000~\\000\\012\\000\\001\\000\\000\\000\\301t\\000*property-USER-FLANKING_RESTRICTION_ENZYMESsq\\000~\\000\\012\\000\\001\\000\\000\\001At\\000\\026property-USER-COMMENTSsq\\000~\\000\\012\\000\\001\\000\\000\\000+t\\000\\021property-USER-ROWsq\\000~\\000\\012\\000\\001\\000\\000\\000@t\\000\\024property-USER-COLUMNsq\\000~\\000\\012\\000\\001\\000\\000\\000xt\\000\\026property-USER-BOX_SIZEsq\\000~\\000\\012\\000\\000\\000\\000\\000\\247t\\000\\020containerParent1sq\\000~\\000\\012\\000\\000\\000\\000\\000\\332t\\000\\024generatedFromParent1xt\\000\\022search-result-gridsq\\000~\\000\\010\\000\\000\\000\\006w\\004\\000\\000\\000\\012sq\\000~\\000\\012\\000\\000\\000\\000\\000\\226q\\000~\\0009sq\\000~\\000\\012\\001\\000\\000\\000\\000\\226t\\000\\013ENTITY_TYPEsq\\000~\\000\\012\\001\\000\\000\\000\\000\\262t\\000\\012IDENTIFIERsq\\000~\\000\\012\\000\\000\\000\\000\\000\\226q\\000~\\000\\023sq\\000~\\000\\012\\001\\000\\000\\000\\000\\262t\\000\\016MATCHING_FIELDsq\\000~\\000\\012\\000\\000\\000\\000\\000\\310t\\000\\015MATCHING_TEXTxt\\000$sample-details-grid-DATA_SET-PLASMIDsq\\000~\\000\\010\\000\\000\\000\\026w\\004\\000\\000\\000\\031sq\\000~\\000\\012\\001\\000\\000\\000\\000\\267q\\000~\\000\\015sq\\000~\\000\\012\\000\\001\\000\\000\\000dt\\000\\006SAMPLEsq\\000~\\000\\012\\000\\001\\000\\000\\000\\310q\\000~\\000_sq\\000~\\000\\012\\000\\001\\000\\000\\000\\226q\\000~\\000asq\\000~\\000\\012\\000\\001\\000\\000\\000dq\\000~\\000gsq\\000~\\000\\012\\000\\001\\000\\000\\000dq\\000~\\000isq\\000~\\000\\012\\000\\001\\000\\000\\000xt\\000\\017EXPERIMENT_TYPEsq\\000~\\000\\012\\000\\001\\000\\000\\000\\226q\\000~\\000ksq\\000~\\000\\012\\001\\000\\000\\000\\000\\347q\\000~\\000\\025sq\\000~\\000\\012\\000\\001\\000\\000\\000\\226q\\000~\\000esq\\000~\\000\\012\\000\\001\\000\\000\\000\\226t\\000\\013SOURCE_TYPEsq\\000~\\000\\012\\000\\001\\000\\000\\000\\226t\\000\\013IS_COMPLETEsq\\000~\\000\\012\\000\\001\\000\\000\\002\\032t\\000\\010LOCATIONsq\\000~\\000\\012\\000\\001\\000\\000\\000\\310t\\000\\006STATUSsq\\000~\\000\\012\\000\\001\\000\\000\\000\\226t\\000\\020FILE_FORMAT_TYPEsq\\000~\\000\\012\\001\\000\\000\\000\\000it\\000\\015DATA_SET_TYPEsq\\000~\\000\\012\\000\\001\\000\\000\\000\\310t\\000\\017PRODUCTION_DATEsq\\000~\\000\\012\\000\\001\\000\\000\\000\\226t\\000\\022DATA_PRODUCER_CODEsq\\000~\\000\\012\\000\\001\\000\\000\\000\\226t\\000\\017DATA_STORE_CODEsq\\000~\\000\\012\\000\\001\\000\\000\\000\\226q\\000~\\000osq\\000~\\000\\012\\000\\001\\000\\000\\000\\226q\\000~\\000qsq\\000~\\000\\012\\001\\000\\000\\000\\000\\216t\\000\\027property-USER-FILE_NAMExt\\000$entity-browser-grid-EXPERIMENT-(all)sq\\000~\\000\\010\\000\\000\\000\\013w\\004\\000\\000\\000\\020sq\\000~\\000\\012\\001\\000\\000\\000\\000\\226q\\000~\\000\\015sq\\000~\\000\\012\\000\\001\\000\\000\\000\\226q\\000~\\000\\246sq\\000~\\000\\012\\000\\000\\000\\000\\000\\321q\\000~\\000isq\\000~\\000\\012\\000\\001\\000\\000\\000\\226q\\000~\\000Xsq\\000~\\000\\012\\000\\001\\000\\000\\000\\226q\\000~\\000Zsq\\000~\\000\\012\\000\\001\\000\\000\\000\\226q\\000~\\000ksq\\000~\\000\\012\\000\\000\\000\\000\\000\\226q\\000~\\000\\023sq\\000~\\000\\012\\000\\000\\000\\000\\000\\310q\\000~\\000\\025sq\\000~\\000\\012\\000\\001\\000\\000\\000\\226q\\000~\\000esq\\000~\\000\\012\\000\\001\\000\\000\\000\\226q\\000~\\000osq\\000~\\000\\012\\000\\001\\000\\000\\000\\226q\\000~\\000qxt\\000$data-set-search-result-grid-DATA_SETsq\\000~\\000\\010\\000\\000\\000\\025w\\004\\000\\000\\000\\031sq\\000~\\000\\012\\001\\000\\000\\000\\000\\331q\\000~\\000\\015sq\\000~\\000\\012\\000\\001\\000\\000\\000dq\\000~\\000\\240sq\\000~\\000\\012\\000\\000\\000\\000\\000\\310q\\000~\\000_sq\\000~\\000\\012\\000\\000\\000\\000\\000\\226q\\000~\\000asq\\000~\\000\\012\\000\\001\\000\\000\\000dq\\000~\\000gsq\\000~\\000\\012\\000\\001\\000\\000\\000dq\\000~\\000isq\\000~\\000\\012\\000\\001\\000\\000\\000xq\\000~\\000\\246sq\\000~\\000\\012\\000\\000\\000\\000\\000\\226q\\000~\\000ksq\\000~\\000\\012\\000\\000\\000\\000\\000\\310q\\000~\\000\\025sq\\000~\\000\\012\\000\\001\\000\\000\\000\\226q\\000~\\000esq\\000~\\000\\012\\000\\001\\000\\000\\000\\226q\\000~\\000\\253sq\\000~\\000\\012\\000\\001\\000\\000\\000\\226q\\000~\\000\\255sq\\000~\\000\\012\\000\\001\\000\\000\\000\\226q\\000~\\000\\257sq\\000~\\000\\012\\000\\001\\000\\000\\000\\310q\\000~\\000\\261sq\\000~\\000\\012\\001\\001\\000\\000\\000\\226q\\000~\\000\\263sq\\000~\\000\\012\\000\\001\\000\\000\\000\\226q\\000~\\000\\265sq\\000~\\000\\012\\000\\001\\000\\000\\000\\310q\\000~\\000\\267sq\\000~\\000\\012\\000\\001\\000\\000\\000\\226q\\000~\\000\\271sq\\000~\\000\\012\\000\\001\\000\\000\\000\\226q\\000~\\000\\273sq\\000~\\000\\012\\000\\001\\000\\000\\000\\226q\\000~\\000osq\\000~\\000\\012\\000\\001\\000\\000\\000\\226q\\000~\\000qxt\\000"entity-browser-grid-SAMPLE-PLASMIDsq\\000~\\000\\010\\000\\000\\000\\035w\\004\\000\\000\\000&sq\\000~\\000\\012\\000\\001\\000\\000\\000\\226q\\000~\\000Xsq\\000~\\000\\012\\000\\001\\000\\000\\000\\226q\\000~\\000Zsq\\000~\\000\\012\\001\\000\\000\\000\\000\\226q\\000~\\000\\015sq\\000~\\000\\012\\001\\000\\000\\000\\000\\226q\\000~\\000]sq\\000~\\000\\012\\000\\000\\000\\000\\000\\226q\\000~\\000_sq\\000~\\000\\012\\000\\001\\000\\000\\000\\226q\\000~\\000asq\\000~\\000\\012\\000\\001\\000\\000\\000\\226q\\000~\\000csq\\000~\\000\\012\\000\\001\\000\\000\\000\\226q\\000~\\000esq\\000~\\000\\012\\000\\001\\000\\000\\000\\226q\\000~\\000gsq\\000~\\000\\012\\000\\001\\000\\000\\000\\310q\\000~\\000isq\\000~\\000\\012\\000\\001\\000\\000\\000\\226q\\000~\\000ksq\\000~\\000\\012\\000\\000\\000\\000\\000\\226q\\000~\\000\\023sq\\000~\\000\\012\\000\\000\\000\\000\\001,q\\000~\\000\\025sq\\000~\\000\\012\\000\\001\\000\\000\\000\\226q\\000~\\000osq\\000~\\000\\012\\000\\000\\000\\000\\000\\332q\\000~\\000\\217sq\\000~\\000\\012\\001\\000\\000\\000\\000xq\\000~\\000}sq\\000~\\000\\012\\000\\000\\000\\000\\000\\247q\\000~\\000\\215sq\\000~\\000\\012\\000\\000\\000\\000\\000)q\\000~\\000\\207sq\\000~\\000\\012\\000\\000\\000\\000\\000@q\\000~\\000\\211sq\\000~\\000\\012\\000\\000\\000\\000\\000|q\\000~\\000qsq\\000~\\000\\012\\000\\000\\000\\000\\000\\200q\\000~\\000ssq\\000~\\000\\012\\000\\000\\000\\000\\000mq\\000~\\000usq\\000~\\000\\012\\000\\000\\000\\000\\000\\357q\\000~\\000wsq\\000~\\000\\012\\001\\000\\000\\000\\000\\200q\\000~\\000{sq\\000~\\000\\012\\000\\000\\000\\000\\000\\177q\\000~\\000\\177sq\\000~\\000\\012\\000\\000\\000\\000\\000aq\\000~\\000\\201sq\\000~\\000\\012\\000\\000\\000\\000\\000\\301q\\000~\\000\\203sq\\000~\\000\\012\\000\\000\\000\\000\\000\\303q\\000~\\000ysq\\000~\\000\\012\\000\\000\\000\\000\\0018q\\000~\\000\\205xt\\000,sample-details-grid-SAMPLE-(all)-PLASMID_BOXsq\\000~\\000\\010\\000\\000\\000\\035w\\004\\000\\000\\000&sq\\000~\\000\\012\\000\\001\\000\\000\\000\\226q\\000~\\000Xsq\\000~\\000\\012\\000\\001\\000\\000\\000\\226q\\000~\\000Zsq\\000~\\000\\012\\001\\000\\000\\000\\000\\226q\\000~\\000\\015sq\\000~\\000\\012\\000\\001\\000\\000\\000\\226q\\000~\\000]sq\\000~\\000\\012\\000\\001\\000\\000\\000\\226q\\000~\\000_sq\\000~\\000\\012\\000\\001\\000\\000\\000\\226q\\000~\\000asq\\000~\\000\\012\\000\\001\\000\\000\\000\\226q\\000~\\000csq\\000~\\000\\012\\000\\001\\000\\000\\000\\226q\\000~\\000esq\\000~\\000\\012\\001\\000\\000\\000\\000\\226q\\000~\\000gsq\\000~\\000\\012\\000\\001\\000\\000\\000\\310q\\000~\\000isq\\000~\\000\\012\\001\\000\\000\\000\\000\\226q\\000~\\000ksq\\000~\\000\\012\\000\\000\\000\\000\\000\\226q\\000~\\000\\023sq\\000~\\000\\012\\000\\000\\000\\000\\001,q\\000~\\000\\025sq\\000~\\000\\012\\000\\001\\000\\000\\000\\226q\\000~\\000osq\\000~\\000\\012\\000\\001\\000\\000\\000\\226q\\000~\\000qsq\\000~\\000\\012\\000\\001\\000\\000\\000\\247q\\000~\\000\\215sq\\000~\\000\\012\\000\\001\\000\\000\\0000q\\000~\\000\\207sq\\000~\\000\\012\\000\\001\\000\\000\\000@q\\000~\\000\\211sq\\000~\\000\\012\\000\\001\\000\\000\\000Eq\\000~\\000\\217sq\\000~\\000\\012\\000\\001\\000\\000\\000xq\\000~\\000}sq\\000~\\000\\012\\000\\001\\000\\000\\000xq\\000~\\000ssq\\000~\\000\\012\\000\\001\\000\\000\\000xq\\000~\\000usq\\000~\\000\\012\\000\\001\\000\\000\\000xq\\000~\\000wsq\\000~\\000\\012\\000\\001\\000\\000\\000xq\\000~\\000{sq\\000~\\000\\012\\000\\001\\000\\000\\000xq\\000~\\000ysq\\000~\\000\\012\\000\\001\\000\\000\\000xq\\000~\\000\\177sq\\000~\\000\\012\\000\\001\\000\\000\\000xq\\000~\\000\\201sq\\000~\\000\\012\\000\\001\\000\\000\\000xq\\000~\\000\\203sq\\000~\\000\\012\\000\\001\\000\\000\\000xq\\000~\\000\\205xt\\000&entity-browser-grid-SAMPLE-PLASMID_BOXsq\\000~\\000\\010\\000\\000\\000\\020w\\004\\000\\000\\000\\020sq\\000~\\000\\012\\000\\001\\000\\000\\000\\226q\\000~\\000Xsq\\000~\\000\\012\\000\\001\\000\\000\\000\\226q\\000~\\000Zsq\\000~\\000\\012\\001\\000\\000\\000\\000\\226q\\000~\\000\\015sq\\000~\\000\\012\\000\\001\\000\\000\\000\\226q\\000~\\000]sq\\000~\\000\\012\\000\\001\\000\\000\\000\\247q\\000~\\000_sq\\000~\\000\\012\\000\\001\\000\\000\\000\\226q\\000~\\000asq\\000~\\000\\012\\000\\001\\000\\000\\000\\226q\\000~\\000csq\\000~\\000\\012\\000\\001\\000\\000\\000\\226q\\000~\\000esq\\000~\\000\\012\\000\\001\\000\\000\\000\\226q\\000~\\000gsq\\000~\\000\\012\\000\\001\\000\\000\\000\\310q\\000~\\000isq\\000~\\000\\012\\000\\001\\000\\000\\000\\226q\\000~\\000ksq\\000~\\000\\012\\000\\000\\000\\000\\000\\226q\\000~\\000\\023sq\\000~\\000\\012\\000\\000\\000\\000\\001,q\\000~\\000\\025sq\\000~\\000\\012\\000\\001\\000\\000\\000\\226q\\000~\\000osq\\000~\\000\\012\\000\\001\\000\\000\\000\\226q\\000~\\000qsq\\000~\\000\\012\\000\\000\\000\\000\\000xq\\000~\\000\\213xt\\000\\027attachment-browser-gridsq\\000~\\000\\010\\000\\000\\000\\007w\\004\\000\\000\\000\\012sq\\000~\\000\\012\\000\\000\\000\\000\\000\\310t\\000\\011FILE_NAMEsq\\000~\\000\\012\\000\\001\\000\\000\\000\\226t\\000\\010PERMLINKsq\\000~\\000\\012\\000\\000\\000\\000\\000\\226t\\000\\007VERSIONsq\\000~\\000\\012\\000\\000\\000\\000\\000\\310t\\000\\005TITLEsq\\000~\\000\\012\\000\\000\\000\\000\\001,q\\000~\\000\\017sq\\000~\\000\\012\\000\\000\\000\\000\\000\\226q\\000~\\000\\023sq\\000~\\000\\012\\000\\000\\000\\000\\001,q\\000~\\000\\025xx\\000sr\\000Och.systemsx.cisd.openbis.generic.shared.basic.dto.RealNumberFormatingParameters\\000\\000\\000\\000\\000\\000\\000\\001\\002\\000\\003Z\\000\\020formatingEnabledI\\000\\011precisionZ\\000\\012scientificxp\\001\\000\\000\\000\\004\\000sq\\000~\\000\\005?@\\000\\000\\000\\000\\000\\014w\\010\\000\\000\\000\\020\\000\\000\\000\\004t\\000/attachment-sectiongeneric-sample-viewer-PLASMIDsr\\000\\021java.lang.Boolean\\315 r\\200\\325\\234\\372\\356\\002\\000\\001Z\\000\\005valuexp\\001t\\0003attachment-sectiongeneric-sample-viewer-PLASMID_BOXsq\\000~\\001E\\000t\\000+sample-sectiongeneric-sample-viewer-PLASMIDq\\000~\\001Ht\\0001data-set-sectiongeneric-sample-viewer-PLASMID_BOXq\\000~\\001Hx
4	Piotr	Buczek	buczekp	piotr.buczek@bsse.ethz.ch	1	1	2010-05-27 15:54:23.647329+02	1	\\254\\355\\000\\005sr\\000Ach.systemsx.cisd.openbis.generic.shared.basic.dto.DisplaySettings\\000\\000\\000\\000\\000\\000\\000\\001\\002\\000\\005Z\\000)displayCustomColumnDebuggingErrorMessagesZ\\000\\025useWildcardSearchModeL\\000\\016columnSettingst\\000\\017Ljava/util/Map;L\\000\\035realNumberFormatingParameterst\\000QLch/systemsx/cisd/openbis/generic/shared/basic/dto/RealNumberFormatingParameters;L\\000\\017sectionSettingsq\\000~\\000\\001xp\\000\\000sr\\000\\027java.util.LinkedHashMap4\\300N\\\\\\020l\\300\\373\\002\\000\\001Z\\000\\013accessOrderxr\\000\\021java.util.HashMap\\005\\007\\332\\301\\303\\026`\\321\\003\\000\\002F\\000\\012loadFactorI\\000\\011thresholdxp?@\\000\\000\\000\\000\\000\\030w\\010\\000\\000\\000 \\000\\000\\000\\015t\\000\\027vocabulary-browser-gridsr\\000\\023java.util.ArrayListx\\201\\322\\035\\231\\307a\\235\\003\\000\\001I\\000\\004sizexp\\000\\000\\000\\007w\\004\\000\\000\\000\\012sr\\000?ch.systemsx.cisd.openbis.generic.shared.basic.dto.ColumnSetting\\000\\000\\000\\000\\000\\000\\000\\001\\002\\000\\004Z\\000\\011hasFilterZ\\000\\006hiddenI\\000\\005widthL\\000\\010columnIDt\\000\\022Ljava/lang/String;xp\\001\\000\\000\\000\\000\\377t\\000\\004CODEsq\\000~\\000\\012\\000\\000\\000\\000\\001,t\\000\\013DESCRIPTIONsq\\000~\\000\\012\\000\\000\\000\\000\\000\\226t\\000\\025IS_MANAGED_INTERNALLYsq\\000~\\000\\012\\000\\000\\000\\000\\000\\226t\\000\\013REGISTRATORsq\\000~\\000\\012\\000\\000\\000\\000\\001,t\\000\\021REGISTRATION_DATEsq\\000~\\000\\012\\000\\001\\000\\000\\001,t\\000\\014URL_TEMPLATEsq\\000~\\000\\012\\000\\001\\000\\000\\000\\226t\\000\\020SHOW_IN_CHOOSERSxt\\000\\025vocabulary-terms-gridsq\\000~\\000\\010\\000\\000\\000\\014w\\004\\000\\000\\000\\020sq\\000~\\000\\012\\001\\000\\000\\000\\000\\355q\\000~\\000\\015sq\\000~\\000\\012\\001\\000\\000\\000\\000\\310t\\000\\005LABELsq\\000~\\000\\012\\000\\001\\000\\000\\001,q\\000~\\000\\017sq\\000~\\000\\012\\000\\001\\000\\000\\000dt\\000\\007ORDINALsq\\000~\\000\\012\\000\\000\\000\\000\\000\\310t\\000\\003URLsq\\000~\\000\\012\\000\\000\\000\\000\\000\\226q\\000~\\000\\023sq\\000~\\000\\012\\000\\000\\000\\000\\001,q\\000~\\000\\025sq\\000~\\000\\012\\000\\000\\000\\000\\000\\226t\\000\\013TOTAL_USAGEsq\\000~\\000\\012\\000\\001\\000\\000\\000\\226t\\000\\020EXPERIMENT_USAGEsq\\000~\\000\\012\\000\\001\\000\\000\\000\\226t\\000\\014SAMPLE_USAGEsq\\000~\\000\\012\\000\\001\\000\\000\\000\\226t\\000\\016DATA_SET_USAGEsq\\000~\\000\\012\\000\\001\\000\\000\\000\\226t\\000\\016MATERIAL_USAGExt\\000%property-type-assignment-browser-gridsq\\000~\\000\\010\\000\\000\\000\\011w\\004\\000\\000\\000\\012sq\\000~\\000\\012\\001\\000\\000\\000\\001\\024t\\000\\022PROPERTY_TYPE_CODEsq\\000~\\000\\012\\000\\001\\000\\000\\000\\226q\\000~\\000\\036sq\\000~\\000\\012\\000\\001\\000\\000\\000\\226q\\000~\\000\\017sq\\000~\\000\\012\\001\\000\\000\\000\\000\\310t\\000\\020ENTITY_TYPE_CODEsq\\000~\\000\\012\\001\\000\\000\\000\\000\\226t\\000\\013ENTITY_KINDsq\\000~\\000\\012\\000\\000\\000\\000\\000\\226t\\000\\014IS_MANDATORYsq\\000~\\000\\012\\000\\000\\000\\000\\001Mt\\000\\011DATA_TYPEsq\\000~\\000\\012\\000\\000\\000\\000\\000dq\\000~\\000!sq\\000~\\000\\012\\000\\000\\000\\000\\000\\226t\\000\\007SECTIONxt\\000\\032property-type-browser-gridsq\\000~\\000\\010\\000\\000\\000\\013w\\004\\000\\000\\000\\020sq\\000~\\000\\012\\001\\000\\000\\000\\000\\226q\\000~\\000\\036sq\\000~\\000\\012\\001\\000\\000\\000\\000\\370q\\000~\\000\\015sq\\000~\\000\\012\\001\\000\\000\\000\\000\\310q\\000~\\000=sq\\000~\\000\\012\\000\\001\\000\\000\\000\\226t\\000\\016DATA_TYPE_CODEsq\\000~\\000\\012\\000\\001\\000\\000\\000\\226t\\000\\012VOCABULARYsq\\000~\\000\\012\\000\\001\\000\\000\\000\\226t\\000\\015MATERIAL_TYPEsq\\000~\\000\\012\\000\\000\\000\\000\\000\\226q\\000~\\000\\017sq\\000~\\000\\012\\000\\000\\000\\000\\000\\226t\\000\\014SAMPLE_TYPESsq\\000~\\000\\012\\000\\000\\000\\000\\000\\226t\\000\\020EXPERIMENT_TYPESsq\\000~\\000\\012\\000\\000\\000\\000\\000\\226t\\000\\016MATERIAL_TYPESsq\\000~\\000\\012\\000\\000\\000\\000\\000\\226t\\000\\016DATA_SET_TYPESxt\\000 entity-browser-grid-SAMPLE-(all)sq\\000~\\000\\010\\000\\000\\000\\036w\\004\\000\\000\\000&sq\\000~\\000\\012\\000\\001\\000\\000\\000\\226t\\000\\021DATABASE_INSTANCEsq\\000~\\000\\012\\000\\001\\000\\000\\000\\226t\\000\\005GROUPsq\\000~\\000\\012\\001\\000\\000\\000\\000\\206q\\000~\\000\\015sq\\000~\\000\\012\\001\\000\\000\\000\\000ht\\000\\007SUBCODEsq\\000~\\000\\012\\000\\000\\000\\000\\000\\351t\\000\\021SAMPLE_IDENTIFIERsq\\000~\\000\\012\\000\\000\\000\\000\\000it\\000\\013SAMPLE_TYPEsq\\000~\\000\\012\\000\\001\\000\\000\\000\\226t\\000\\022IS_INSTANCE_SAMPLEsq\\000~\\000\\012\\000\\001\\000\\000\\000\\226t\\000\\012IS_INVALIDsq\\000~\\000\\012\\000\\000\\000\\000\\000Wt\\000\\012EXPERIMENTsq\\000~\\000\\012\\000\\001\\000\\000\\000\\310t\\000\\025EXPERIMENT_IDENTIFIERsq\\000~\\000\\012\\000\\000\\000\\000\\000Pt\\000\\007PROJECTsq\\000~\\000\\012\\000\\001\\000\\000\\000\\226q\\000~\\000\\023sq\\000~\\000\\012\\000\\001\\000\\000\\001,q\\000~\\000\\025sq\\000~\\000\\012\\000\\001\\000\\000\\000\\226t\\000\\007PERM_IDsq\\000~\\000\\012\\000\\000\\000\\000\\000\\226t\\000\\021SHOW_DETAILS_LINKsq\\000~\\000\\012\\000\\001\\000\\000\\000\\352t\\000\\023property-USER-OWNERsq\\000~\\000\\012\\000\\001\\000\\000\\000}t\\000\\032property-USER-OWNER_NUMBERsq\\000~\\000\\012\\000\\001\\000\\000\\000\\357t\\000\\032property-USER-PLASMID_NAMEsq\\000~\\000\\012\\000\\001\\000\\000\\000\\303t\\000-property-USER-BACTERIAL_ANTIBIOTIC_RESISTANCEsq\\000~\\000\\012\\000\\001\\000\\000\\0011t\\000\\026property-USER-BACKBONEsq\\000~\\000\\012\\000\\001\\000\\000\\000_t\\000\\033property-USER-DERIVATIVE_OFsq\\000~\\000\\012\\000\\001\\000\\000\\000\\177t\\000\\032property-USER-YEAST_MARKERsq\\000~\\000\\012\\000\\001\\000\\000\\000at\\000\\032property-USER-OTHER_MARKERsq\\000~\\000\\012\\000\\001\\000\\000\\000\\301t\\000*property-USER-FLANKING_RESTRICTION_ENZYMESsq\\000~\\000\\012\\000\\001\\000\\000\\001At\\000\\026property-USER-COMMENTSsq\\000~\\000\\012\\000\\001\\000\\000\\000+t\\000\\021property-USER-ROWsq\\000~\\000\\012\\000\\001\\000\\000\\000@t\\000\\024property-USER-COLUMNsq\\000~\\000\\012\\000\\001\\000\\000\\000xt\\000\\026property-USER-BOX_SIZEsq\\000~\\000\\012\\000\\000\\000\\000\\000\\247t\\000\\020containerParent1sq\\000~\\000\\012\\000\\000\\000\\000\\000\\332t\\000\\024generatedFromParent1xt\\000\\022search-result-gridsq\\000~\\000\\010\\000\\000\\000\\006w\\004\\000\\000\\000\\012sq\\000~\\000\\012\\000\\000\\000\\000\\000\\226q\\000~\\0009sq\\000~\\000\\012\\001\\000\\000\\000\\000\\226t\\000\\013ENTITY_TYPEsq\\000~\\000\\012\\001\\000\\000\\000\\000\\262t\\000\\012IDENTIFIERsq\\000~\\000\\012\\000\\000\\000\\000\\000\\226q\\000~\\000\\023sq\\000~\\000\\012\\001\\000\\000\\000\\000\\262t\\000\\016MATCHING_FIELDsq\\000~\\000\\012\\000\\000\\000\\000\\000\\310t\\000\\015MATCHING_TEXTxt\\000$sample-details-grid-DATA_SET-PLASMIDsq\\000~\\000\\010\\000\\000\\000\\026w\\004\\000\\000\\000\\031sq\\000~\\000\\012\\001\\000\\000\\000\\000\\267q\\000~\\000\\015sq\\000~\\000\\012\\000\\001\\000\\000\\000dt\\000\\006SAMPLEsq\\000~\\000\\012\\000\\001\\000\\000\\000\\310q\\000~\\000_sq\\000~\\000\\012\\000\\001\\000\\000\\000\\226q\\000~\\000asq\\000~\\000\\012\\000\\001\\000\\000\\000dq\\000~\\000gsq\\000~\\000\\012\\000\\001\\000\\000\\000dq\\000~\\000isq\\000~\\000\\012\\000\\001\\000\\000\\000xt\\000\\017EXPERIMENT_TYPEsq\\000~\\000\\012\\000\\001\\000\\000\\000\\226q\\000~\\000ksq\\000~\\000\\012\\001\\000\\000\\000\\000\\347q\\000~\\000\\025sq\\000~\\000\\012\\000\\001\\000\\000\\000\\226q\\000~\\000esq\\000~\\000\\012\\000\\001\\000\\000\\000\\226t\\000\\013SOURCE_TYPEsq\\000~\\000\\012\\000\\001\\000\\000\\000\\226t\\000\\013IS_COMPLETEsq\\000~\\000\\012\\000\\001\\000\\000\\002\\032t\\000\\010LOCATIONsq\\000~\\000\\012\\000\\001\\000\\000\\000\\310t\\000\\006STATUSsq\\000~\\000\\012\\000\\001\\000\\000\\000\\226t\\000\\020FILE_FORMAT_TYPEsq\\000~\\000\\012\\001\\000\\000\\000\\000it\\000\\015DATA_SET_TYPEsq\\000~\\000\\012\\000\\001\\000\\000\\000\\310t\\000\\017PRODUCTION_DATEsq\\000~\\000\\012\\000\\001\\000\\000\\000\\226t\\000\\022DATA_PRODUCER_CODEsq\\000~\\000\\012\\000\\001\\000\\000\\000\\226t\\000\\017DATA_STORE_CODEsq\\000~\\000\\012\\000\\001\\000\\000\\000\\226q\\000~\\000osq\\000~\\000\\012\\000\\001\\000\\000\\000\\226q\\000~\\000qsq\\000~\\000\\012\\001\\000\\000\\000\\000\\216t\\000\\027property-USER-FILE_NAMExt\\000$entity-browser-grid-EXPERIMENT-(all)sq\\000~\\000\\010\\000\\000\\000\\013w\\004\\000\\000\\000\\020sq\\000~\\000\\012\\001\\000\\000\\000\\000\\226q\\000~\\000\\015sq\\000~\\000\\012\\000\\001\\000\\000\\000\\226q\\000~\\000\\246sq\\000~\\000\\012\\000\\000\\000\\000\\000\\321q\\000~\\000isq\\000~\\000\\012\\000\\001\\000\\000\\000\\226q\\000~\\000Xsq\\000~\\000\\012\\000\\001\\000\\000\\000\\226q\\000~\\000Zsq\\000~\\000\\012\\000\\001\\000\\000\\000\\226q\\000~\\000ksq\\000~\\000\\012\\000\\000\\000\\000\\000\\226q\\000~\\000\\023sq\\000~\\000\\012\\000\\000\\000\\000\\000\\310q\\000~\\000\\025sq\\000~\\000\\012\\000\\001\\000\\000\\000\\226q\\000~\\000esq\\000~\\000\\012\\000\\001\\000\\000\\000\\226q\\000~\\000osq\\000~\\000\\012\\000\\001\\000\\000\\000\\226q\\000~\\000qxt\\000$data-set-search-result-grid-DATA_SETsq\\000~\\000\\010\\000\\000\\000\\025w\\004\\000\\000\\000\\031sq\\000~\\000\\012\\001\\000\\000\\000\\000\\331q\\000~\\000\\015sq\\000~\\000\\012\\000\\001\\000\\000\\000dq\\000~\\000\\240sq\\000~\\000\\012\\000\\000\\000\\000\\000\\310q\\000~\\000_sq\\000~\\000\\012\\000\\000\\000\\000\\000\\226q\\000~\\000asq\\000~\\000\\012\\000\\001\\000\\000\\000dq\\000~\\000gsq\\000~\\000\\012\\000\\001\\000\\000\\000dq\\000~\\000isq\\000~\\000\\012\\000\\001\\000\\000\\000xq\\000~\\000\\246sq\\000~\\000\\012\\000\\000\\000\\000\\000\\226q\\000~\\000ksq\\000~\\000\\012\\000\\000\\000\\000\\000\\310q\\000~\\000\\025sq\\000~\\000\\012\\000\\001\\000\\000\\000\\226q\\000~\\000esq\\000~\\000\\012\\000\\001\\000\\000\\000\\226q\\000~\\000\\253sq\\000~\\000\\012\\000\\001\\000\\000\\000\\226q\\000~\\000\\255sq\\000~\\000\\012\\000\\001\\000\\000\\000\\226q\\000~\\000\\257sq\\000~\\000\\012\\000\\001\\000\\000\\000\\310q\\000~\\000\\261sq\\000~\\000\\012\\001\\001\\000\\000\\000\\226q\\000~\\000\\263sq\\000~\\000\\012\\000\\001\\000\\000\\000\\226q\\000~\\000\\265sq\\000~\\000\\012\\000\\001\\000\\000\\000\\310q\\000~\\000\\267sq\\000~\\000\\012\\000\\001\\000\\000\\000\\226q\\000~\\000\\271sq\\000~\\000\\012\\000\\001\\000\\000\\000\\226q\\000~\\000\\273sq\\000~\\000\\012\\000\\001\\000\\000\\000\\226q\\000~\\000osq\\000~\\000\\012\\000\\001\\000\\000\\000\\226q\\000~\\000qxt\\000"entity-browser-grid-SAMPLE-PLASMIDsq\\000~\\000\\010\\000\\000\\000\\035w\\004\\000\\000\\000&sq\\000~\\000\\012\\000\\001\\000\\000\\000\\226q\\000~\\000Xsq\\000~\\000\\012\\000\\001\\000\\000\\000\\226q\\000~\\000Zsq\\000~\\000\\012\\001\\000\\000\\000\\000\\226q\\000~\\000\\015sq\\000~\\000\\012\\001\\000\\000\\000\\000\\226q\\000~\\000]sq\\000~\\000\\012\\000\\000\\000\\000\\000\\226q\\000~\\000_sq\\000~\\000\\012\\000\\001\\000\\000\\000\\226q\\000~\\000asq\\000~\\000\\012\\000\\001\\000\\000\\000\\226q\\000~\\000csq\\000~\\000\\012\\000\\001\\000\\000\\000\\226q\\000~\\000esq\\000~\\000\\012\\000\\001\\000\\000\\000\\226q\\000~\\000gsq\\000~\\000\\012\\000\\001\\000\\000\\000\\310q\\000~\\000isq\\000~\\000\\012\\000\\001\\000\\000\\000\\226q\\000~\\000ksq\\000~\\000\\012\\000\\000\\000\\000\\000\\226q\\000~\\000\\023sq\\000~\\000\\012\\000\\000\\000\\000\\001,q\\000~\\000\\025sq\\000~\\000\\012\\000\\001\\000\\000\\000\\226q\\000~\\000osq\\000~\\000\\012\\000\\000\\000\\000\\000\\332q\\000~\\000\\217sq\\000~\\000\\012\\001\\000\\000\\000\\000xq\\000~\\000}sq\\000~\\000\\012\\000\\000\\000\\000\\000\\247q\\000~\\000\\215sq\\000~\\000\\012\\000\\000\\000\\000\\000)q\\000~\\000\\207sq\\000~\\000\\012\\000\\000\\000\\000\\000@q\\000~\\000\\211sq\\000~\\000\\012\\000\\000\\000\\000\\000|q\\000~\\000qsq\\000~\\000\\012\\000\\000\\000\\000\\000\\200q\\000~\\000ssq\\000~\\000\\012\\000\\000\\000\\000\\000mq\\000~\\000usq\\000~\\000\\012\\000\\000\\000\\000\\000\\357q\\000~\\000wsq\\000~\\000\\012\\001\\000\\000\\000\\000\\200q\\000~\\000{sq\\000~\\000\\012\\000\\000\\000\\000\\000\\177q\\000~\\000\\177sq\\000~\\000\\012\\000\\000\\000\\000\\000aq\\000~\\000\\201sq\\000~\\000\\012\\000\\000\\000\\000\\000\\301q\\000~\\000\\203sq\\000~\\000\\012\\000\\000\\000\\000\\000\\303q\\000~\\000ysq\\000~\\000\\012\\000\\000\\000\\000\\0018q\\000~\\000\\205xt\\000,sample-details-grid-SAMPLE-(all)-PLASMID_BOXsq\\000~\\000\\010\\000\\000\\000\\035w\\004\\000\\000\\000&sq\\000~\\000\\012\\000\\001\\000\\000\\000\\226q\\000~\\000Xsq\\000~\\000\\012\\000\\001\\000\\000\\000\\226q\\000~\\000Zsq\\000~\\000\\012\\001\\000\\000\\000\\000\\226q\\000~\\000\\015sq\\000~\\000\\012\\000\\001\\000\\000\\000\\226q\\000~\\000]sq\\000~\\000\\012\\000\\001\\000\\000\\000\\226q\\000~\\000_sq\\000~\\000\\012\\000\\001\\000\\000\\000\\226q\\000~\\000asq\\000~\\000\\012\\000\\001\\000\\000\\000\\226q\\000~\\000csq\\000~\\000\\012\\000\\001\\000\\000\\000\\226q\\000~\\000esq\\000~\\000\\012\\001\\000\\000\\000\\000\\226q\\000~\\000gsq\\000~\\000\\012\\000\\001\\000\\000\\000\\310q\\000~\\000isq\\000~\\000\\012\\001\\000\\000\\000\\000\\226q\\000~\\000ksq\\000~\\000\\012\\000\\000\\000\\000\\000\\226q\\000~\\000\\023sq\\000~\\000\\012\\000\\000\\000\\000\\001,q\\000~\\000\\025sq\\000~\\000\\012\\000\\001\\000\\000\\000\\226q\\000~\\000osq\\000~\\000\\012\\000\\001\\000\\000\\000\\226q\\000~\\000qsq\\000~\\000\\012\\000\\001\\000\\000\\000\\247q\\000~\\000\\215sq\\000~\\000\\012\\000\\001\\000\\000\\0000q\\000~\\000\\207sq\\000~\\000\\012\\000\\001\\000\\000\\000@q\\000~\\000\\211sq\\000~\\000\\012\\000\\001\\000\\000\\000Eq\\000~\\000\\217sq\\000~\\000\\012\\000\\001\\000\\000\\000xq\\000~\\000}sq\\000~\\000\\012\\000\\001\\000\\000\\000xq\\000~\\000ssq\\000~\\000\\012\\000\\001\\000\\000\\000xq\\000~\\000usq\\000~\\000\\012\\000\\001\\000\\000\\000xq\\000~\\000wsq\\000~\\000\\012\\000\\001\\000\\000\\000xq\\000~\\000{sq\\000~\\000\\012\\000\\001\\000\\000\\000xq\\000~\\000ysq\\000~\\000\\012\\000\\001\\000\\000\\000xq\\000~\\000\\177sq\\000~\\000\\012\\000\\001\\000\\000\\000xq\\000~\\000\\201sq\\000~\\000\\012\\000\\001\\000\\000\\000xq\\000~\\000\\203sq\\000~\\000\\012\\000\\001\\000\\000\\000xq\\000~\\000\\205xt\\000&entity-browser-grid-SAMPLE-PLASMID_BOXsq\\000~\\000\\010\\000\\000\\000\\020w\\004\\000\\000\\000\\020sq\\000~\\000\\012\\000\\001\\000\\000\\000\\226q\\000~\\000Xsq\\000~\\000\\012\\000\\001\\000\\000\\000\\226q\\000~\\000Zsq\\000~\\000\\012\\001\\000\\000\\000\\000\\226q\\000~\\000\\015sq\\000~\\000\\012\\000\\001\\000\\000\\000\\226q\\000~\\000]sq\\000~\\000\\012\\000\\001\\000\\000\\000\\247q\\000~\\000_sq\\000~\\000\\012\\000\\001\\000\\000\\000\\226q\\000~\\000asq\\000~\\000\\012\\000\\001\\000\\000\\000\\226q\\000~\\000csq\\000~\\000\\012\\000\\001\\000\\000\\000\\226q\\000~\\000esq\\000~\\000\\012\\000\\001\\000\\000\\000\\226q\\000~\\000gsq\\000~\\000\\012\\000\\001\\000\\000\\000\\310q\\000~\\000isq\\000~\\000\\012\\000\\001\\000\\000\\000\\226q\\000~\\000ksq\\000~\\000\\012\\000\\000\\000\\000\\000\\226q\\000~\\000\\023sq\\000~\\000\\012\\000\\000\\000\\000\\001,q\\000~\\000\\025sq\\000~\\000\\012\\000\\001\\000\\000\\000\\226q\\000~\\000osq\\000~\\000\\012\\000\\001\\000\\000\\000\\226q\\000~\\000qsq\\000~\\000\\012\\000\\000\\000\\000\\000xq\\000~\\000\\213xt\\000\\027attachment-browser-gridsq\\000~\\000\\010\\000\\000\\000\\007w\\004\\000\\000\\000\\012sq\\000~\\000\\012\\000\\000\\000\\000\\000\\310t\\000\\011FILE_NAMEsq\\000~\\000\\012\\000\\001\\000\\000\\000\\226t\\000\\010PERMLINKsq\\000~\\000\\012\\000\\000\\000\\000\\000\\226t\\000\\007VERSIONsq\\000~\\000\\012\\000\\000\\000\\000\\000\\310t\\000\\005TITLEsq\\000~\\000\\012\\000\\000\\000\\000\\001,q\\000~\\000\\017sq\\000~\\000\\012\\000\\000\\000\\000\\000\\226q\\000~\\000\\023sq\\000~\\000\\012\\000\\000\\000\\000\\001,q\\000~\\000\\025xx\\000sr\\000Och.systemsx.cisd.openbis.generic.shared.basic.dto.RealNumberFormatingParameters\\000\\000\\000\\000\\000\\000\\000\\001\\002\\000\\003Z\\000\\020formatingEnabledI\\000\\011precisionZ\\000\\012scientificxp\\001\\000\\000\\000\\004\\000sq\\000~\\000\\005?@\\000\\000\\000\\000\\000\\014w\\010\\000\\000\\000\\020\\000\\000\\000\\004t\\000/attachment-sectiongeneric-sample-viewer-PLASMIDsr\\000\\021java.lang.Boolean\\315 r\\200\\325\\234\\372\\356\\002\\000\\001Z\\000\\005valuexp\\001t\\0003attachment-sectiongeneric-sample-viewer-PLASMID_BOXsq\\000~\\001E\\000t\\000+sample-sectiongeneric-sample-viewer-PLASMIDq\\000~\\001Ht\\0001data-set-sectiongeneric-sample-viewer-PLASMID_BOXq\\000~\\001Hx
1		System User	system		1	1	2010-05-26 13:38:36.62686+02	\N	\\254\\355\\000\\005sr\\000Ach.systemsx.cisd.openbis.generic.shared.basic.dto.DisplaySettings\\000\\000\\000\\000\\000\\000\\000\\001\\002\\000\\005Z\\000)displayCustomColumnDebuggingErrorMessagesZ\\000\\025useWildcardSearchModeL\\000\\016columnSettingst\\000\\017Ljava/util/Map;L\\000\\035realNumberFormatingParameterst\\000QLch/systemsx/cisd/openbis/generic/shared/basic/dto/RealNumberFormatingParameters;L\\000\\017sectionSettingsq\\000~\\000\\001xp\\000\\000sr\\000\\027java.util.LinkedHashMap4\\300N\\\\\\020l\\300\\373\\002\\000\\001Z\\000\\013accessOrderxr\\000\\021java.util.HashMap\\005\\007\\332\\301\\303\\026`\\321\\003\\000\\002F\\000\\012loadFactorI\\000\\011thresholdxp?@\\000\\000\\000\\000\\000\\030w\\010\\000\\000\\000 \\000\\000\\000\\015t\\000\\027vocabulary-browser-gridsr\\000\\023java.util.ArrayListx\\201\\322\\035\\231\\307a\\235\\003\\000\\001I\\000\\004sizexp\\000\\000\\000\\007w\\004\\000\\000\\000\\012sr\\000?ch.systemsx.cisd.openbis.generic.shared.basic.dto.ColumnSetting\\000\\000\\000\\000\\000\\000\\000\\001\\002\\000\\004Z\\000\\011hasFilterZ\\000\\006hiddenI\\000\\005widthL\\000\\010columnIDt\\000\\022Ljava/lang/String;xp\\001\\000\\000\\000\\000\\377t\\000\\004CODEsq\\000~\\000\\012\\000\\000\\000\\000\\001,t\\000\\013DESCRIPTIONsq\\000~\\000\\012\\000\\000\\000\\000\\000\\226t\\000\\025IS_MANAGED_INTERNALLYsq\\000~\\000\\012\\000\\000\\000\\000\\000\\226t\\000\\013REGISTRATORsq\\000~\\000\\012\\000\\000\\000\\000\\001,t\\000\\021REGISTRATION_DATEsq\\000~\\000\\012\\000\\001\\000\\000\\001,t\\000\\014URL_TEMPLATEsq\\000~\\000\\012\\000\\001\\000\\000\\000\\226t\\000\\020SHOW_IN_CHOOSERSxt\\000\\025vocabulary-terms-gridsq\\000~\\000\\010\\000\\000\\000\\014w\\004\\000\\000\\000\\020sq\\000~\\000\\012\\001\\000\\000\\000\\000\\355q\\000~\\000\\015sq\\000~\\000\\012\\001\\000\\000\\000\\000\\310t\\000\\005LABELsq\\000~\\000\\012\\000\\001\\000\\000\\001,q\\000~\\000\\017sq\\000~\\000\\012\\000\\001\\000\\000\\000dt\\000\\007ORDINALsq\\000~\\000\\012\\000\\000\\000\\000\\000\\310t\\000\\003URLsq\\000~\\000\\012\\000\\000\\000\\000\\000\\226q\\000~\\000\\023sq\\000~\\000\\012\\000\\000\\000\\000\\001,q\\000~\\000\\025sq\\000~\\000\\012\\000\\000\\000\\000\\000\\226t\\000\\013TOTAL_USAGEsq\\000~\\000\\012\\000\\001\\000\\000\\000\\226t\\000\\020EXPERIMENT_USAGEsq\\000~\\000\\012\\000\\001\\000\\000\\000\\226t\\000\\014SAMPLE_USAGEsq\\000~\\000\\012\\000\\001\\000\\000\\000\\226t\\000\\016DATA_SET_USAGEsq\\000~\\000\\012\\000\\001\\000\\000\\000\\226t\\000\\016MATERIAL_USAGExt\\000%property-type-assignment-browser-gridsq\\000~\\000\\010\\000\\000\\000\\011w\\004\\000\\000\\000\\012sq\\000~\\000\\012\\001\\000\\000\\000\\001\\024t\\000\\022PROPERTY_TYPE_CODEsq\\000~\\000\\012\\000\\001\\000\\000\\000\\226q\\000~\\000\\036sq\\000~\\000\\012\\000\\001\\000\\000\\000\\226q\\000~\\000\\017sq\\000~\\000\\012\\001\\000\\000\\000\\000\\310t\\000\\020ENTITY_TYPE_CODEsq\\000~\\000\\012\\001\\000\\000\\000\\000\\226t\\000\\013ENTITY_KINDsq\\000~\\000\\012\\000\\000\\000\\000\\000\\226t\\000\\014IS_MANDATORYsq\\000~\\000\\012\\000\\000\\000\\000\\001Mt\\000\\011DATA_TYPEsq\\000~\\000\\012\\000\\000\\000\\000\\000dq\\000~\\000!sq\\000~\\000\\012\\000\\000\\000\\000\\000\\226t\\000\\007SECTIONxt\\000\\032property-type-browser-gridsq\\000~\\000\\010\\000\\000\\000\\013w\\004\\000\\000\\000\\020sq\\000~\\000\\012\\001\\000\\000\\000\\000\\226q\\000~\\000\\036sq\\000~\\000\\012\\001\\000\\000\\000\\000\\370q\\000~\\000\\015sq\\000~\\000\\012\\001\\000\\000\\000\\000\\310q\\000~\\000=sq\\000~\\000\\012\\000\\001\\000\\000\\000\\226t\\000\\016DATA_TYPE_CODEsq\\000~\\000\\012\\000\\001\\000\\000\\000\\226t\\000\\012VOCABULARYsq\\000~\\000\\012\\000\\001\\000\\000\\000\\226t\\000\\015MATERIAL_TYPEsq\\000~\\000\\012\\000\\000\\000\\000\\000\\226q\\000~\\000\\017sq\\000~\\000\\012\\000\\000\\000\\000\\000\\226t\\000\\014SAMPLE_TYPESsq\\000~\\000\\012\\000\\000\\000\\000\\000\\226t\\000\\020EXPERIMENT_TYPESsq\\000~\\000\\012\\000\\000\\000\\000\\000\\226t\\000\\016MATERIAL_TYPESsq\\000~\\000\\012\\000\\000\\000\\000\\000\\226t\\000\\016DATA_SET_TYPESxt\\000 entity-browser-grid-SAMPLE-(all)sq\\000~\\000\\010\\000\\000\\000\\036w\\004\\000\\000\\000&sq\\000~\\000\\012\\000\\001\\000\\000\\000\\226t\\000\\021DATABASE_INSTANCEsq\\000~\\000\\012\\000\\001\\000\\000\\000\\226t\\000\\005GROUPsq\\000~\\000\\012\\001\\000\\000\\000\\000\\206q\\000~\\000\\015sq\\000~\\000\\012\\001\\000\\000\\000\\000ht\\000\\007SUBCODEsq\\000~\\000\\012\\000\\000\\000\\000\\000\\351t\\000\\021SAMPLE_IDENTIFIERsq\\000~\\000\\012\\000\\000\\000\\000\\000it\\000\\013SAMPLE_TYPEsq\\000~\\000\\012\\000\\001\\000\\000\\000\\226t\\000\\022IS_INSTANCE_SAMPLEsq\\000~\\000\\012\\000\\001\\000\\000\\000\\226t\\000\\012IS_INVALIDsq\\000~\\000\\012\\000\\000\\000\\000\\000Wt\\000\\012EXPERIMENTsq\\000~\\000\\012\\000\\001\\000\\000\\000\\310t\\000\\025EXPERIMENT_IDENTIFIERsq\\000~\\000\\012\\000\\000\\000\\000\\000Pt\\000\\007PROJECTsq\\000~\\000\\012\\000\\001\\000\\000\\000\\226q\\000~\\000\\023sq\\000~\\000\\012\\000\\001\\000\\000\\001,q\\000~\\000\\025sq\\000~\\000\\012\\000\\001\\000\\000\\000\\226t\\000\\007PERM_IDsq\\000~\\000\\012\\000\\000\\000\\000\\000\\226t\\000\\021SHOW_DETAILS_LINKsq\\000~\\000\\012\\000\\001\\000\\000\\000\\352t\\000\\023property-USER-OWNERsq\\000~\\000\\012\\000\\001\\000\\000\\000}t\\000\\032property-USER-OWNER_NUMBERsq\\000~\\000\\012\\000\\001\\000\\000\\000\\357t\\000\\032property-USER-PLASMID_NAMEsq\\000~\\000\\012\\000\\001\\000\\000\\000\\303t\\000-property-USER-BACTERIAL_ANTIBIOTIC_RESISTANCEsq\\000~\\000\\012\\000\\001\\000\\000\\0011t\\000\\026property-USER-BACKBONEsq\\000~\\000\\012\\000\\001\\000\\000\\000_t\\000\\033property-USER-DERIVATIVE_OFsq\\000~\\000\\012\\000\\001\\000\\000\\000\\177t\\000\\032property-USER-YEAST_MARKERsq\\000~\\000\\012\\000\\001\\000\\000\\000at\\000\\032property-USER-OTHER_MARKERsq\\000~\\000\\012\\000\\001\\000\\000\\000\\301t\\000*property-USER-FLANKING_RESTRICTION_ENZYMESsq\\000~\\000\\012\\000\\001\\000\\000\\001At\\000\\026property-USER-COMMENTSsq\\000~\\000\\012\\000\\001\\000\\000\\000+t\\000\\021property-USER-ROWsq\\000~\\000\\012\\000\\001\\000\\000\\000@t\\000\\024property-USER-COLUMNsq\\000~\\000\\012\\000\\001\\000\\000\\000xt\\000\\026property-USER-BOX_SIZEsq\\000~\\000\\012\\000\\000\\000\\000\\000\\247t\\000\\020containerParent1sq\\000~\\000\\012\\000\\000\\000\\000\\000\\332t\\000\\024generatedFromParent1xt\\000\\022search-result-gridsq\\000~\\000\\010\\000\\000\\000\\006w\\004\\000\\000\\000\\012sq\\000~\\000\\012\\000\\000\\000\\000\\000\\226q\\000~\\0009sq\\000~\\000\\012\\001\\000\\000\\000\\000\\226t\\000\\013ENTITY_TYPEsq\\000~\\000\\012\\001\\000\\000\\000\\000\\262t\\000\\012IDENTIFIERsq\\000~\\000\\012\\000\\000\\000\\000\\000\\226q\\000~\\000\\023sq\\000~\\000\\012\\001\\000\\000\\000\\000\\262t\\000\\016MATCHING_FIELDsq\\000~\\000\\012\\000\\000\\000\\000\\000\\310t\\000\\015MATCHING_TEXTxt\\000$sample-details-grid-DATA_SET-PLASMIDsq\\000~\\000\\010\\000\\000\\000\\026w\\004\\000\\000\\000\\031sq\\000~\\000\\012\\001\\000\\000\\000\\000\\267q\\000~\\000\\015sq\\000~\\000\\012\\000\\001\\000\\000\\000dt\\000\\006SAMPLEsq\\000~\\000\\012\\000\\001\\000\\000\\000\\310q\\000~\\000_sq\\000~\\000\\012\\000\\001\\000\\000\\000\\226q\\000~\\000asq\\000~\\000\\012\\000\\001\\000\\000\\000dq\\000~\\000gsq\\000~\\000\\012\\000\\001\\000\\000\\000dq\\000~\\000isq\\000~\\000\\012\\000\\001\\000\\000\\000xt\\000\\017EXPERIMENT_TYPEsq\\000~\\000\\012\\000\\001\\000\\000\\000\\226q\\000~\\000ksq\\000~\\000\\012\\001\\000\\000\\000\\000\\347q\\000~\\000\\025sq\\000~\\000\\012\\000\\001\\000\\000\\000\\226q\\000~\\000esq\\000~\\000\\012\\000\\001\\000\\000\\000\\226t\\000\\013SOURCE_TYPEsq\\000~\\000\\012\\000\\001\\000\\000\\000\\226t\\000\\013IS_COMPLETEsq\\000~\\000\\012\\000\\001\\000\\000\\002\\032t\\000\\010LOCATIONsq\\000~\\000\\012\\000\\001\\000\\000\\000\\310t\\000\\006STATUSsq\\000~\\000\\012\\000\\001\\000\\000\\000\\226t\\000\\020FILE_FORMAT_TYPEsq\\000~\\000\\012\\001\\000\\000\\000\\000it\\000\\015DATA_SET_TYPEsq\\000~\\000\\012\\000\\001\\000\\000\\000\\310t\\000\\017PRODUCTION_DATEsq\\000~\\000\\012\\000\\001\\000\\000\\000\\226t\\000\\022DATA_PRODUCER_CODEsq\\000~\\000\\012\\000\\001\\000\\000\\000\\226t\\000\\017DATA_STORE_CODEsq\\000~\\000\\012\\000\\001\\000\\000\\000\\226q\\000~\\000osq\\000~\\000\\012\\000\\001\\000\\000\\000\\226q\\000~\\000qsq\\000~\\000\\012\\001\\000\\000\\000\\000\\216t\\000\\027property-USER-FILE_NAMExt\\000$entity-browser-grid-EXPERIMENT-(all)sq\\000~\\000\\010\\000\\000\\000\\013w\\004\\000\\000\\000\\020sq\\000~\\000\\012\\001\\000\\000\\000\\000\\226q\\000~\\000\\015sq\\000~\\000\\012\\000\\001\\000\\000\\000\\226q\\000~\\000\\246sq\\000~\\000\\012\\000\\000\\000\\000\\000\\321q\\000~\\000isq\\000~\\000\\012\\000\\001\\000\\000\\000\\226q\\000~\\000Xsq\\000~\\000\\012\\000\\001\\000\\000\\000\\226q\\000~\\000Zsq\\000~\\000\\012\\000\\001\\000\\000\\000\\226q\\000~\\000ksq\\000~\\000\\012\\000\\000\\000\\000\\000\\226q\\000~\\000\\023sq\\000~\\000\\012\\000\\000\\000\\000\\000\\310q\\000~\\000\\025sq\\000~\\000\\012\\000\\001\\000\\000\\000\\226q\\000~\\000esq\\000~\\000\\012\\000\\001\\000\\000\\000\\226q\\000~\\000osq\\000~\\000\\012\\000\\001\\000\\000\\000\\226q\\000~\\000qxt\\000$data-set-search-result-grid-DATA_SETsq\\000~\\000\\010\\000\\000\\000\\025w\\004\\000\\000\\000\\031sq\\000~\\000\\012\\001\\000\\000\\000\\000\\331q\\000~\\000\\015sq\\000~\\000\\012\\000\\001\\000\\000\\000dq\\000~\\000\\240sq\\000~\\000\\012\\000\\000\\000\\000\\000\\310q\\000~\\000_sq\\000~\\000\\012\\000\\000\\000\\000\\000\\226q\\000~\\000asq\\000~\\000\\012\\000\\001\\000\\000\\000dq\\000~\\000gsq\\000~\\000\\012\\000\\001\\000\\000\\000dq\\000~\\000isq\\000~\\000\\012\\000\\001\\000\\000\\000xq\\000~\\000\\246sq\\000~\\000\\012\\000\\000\\000\\000\\000\\226q\\000~\\000ksq\\000~\\000\\012\\000\\000\\000\\000\\000\\310q\\000~\\000\\025sq\\000~\\000\\012\\000\\001\\000\\000\\000\\226q\\000~\\000esq\\000~\\000\\012\\000\\001\\000\\000\\000\\226q\\000~\\000\\253sq\\000~\\000\\012\\000\\001\\000\\000\\000\\226q\\000~\\000\\255sq\\000~\\000\\012\\000\\001\\000\\000\\000\\226q\\000~\\000\\257sq\\000~\\000\\012\\000\\001\\000\\000\\000\\310q\\000~\\000\\261sq\\000~\\000\\012\\001\\001\\000\\000\\000\\226q\\000~\\000\\263sq\\000~\\000\\012\\000\\001\\000\\000\\000\\226q\\000~\\000\\265sq\\000~\\000\\012\\000\\001\\000\\000\\000\\310q\\000~\\000\\267sq\\000~\\000\\012\\000\\001\\000\\000\\000\\226q\\000~\\000\\271sq\\000~\\000\\012\\000\\001\\000\\000\\000\\226q\\000~\\000\\273sq\\000~\\000\\012\\000\\001\\000\\000\\000\\226q\\000~\\000osq\\000~\\000\\012\\000\\001\\000\\000\\000\\226q\\000~\\000qxt\\000"entity-browser-grid-SAMPLE-PLASMIDsq\\000~\\000\\010\\000\\000\\000\\035w\\004\\000\\000\\000&sq\\000~\\000\\012\\000\\001\\000\\000\\000\\226q\\000~\\000Xsq\\000~\\000\\012\\000\\001\\000\\000\\000\\226q\\000~\\000Zsq\\000~\\000\\012\\001\\000\\000\\000\\000\\226q\\000~\\000\\015sq\\000~\\000\\012\\001\\000\\000\\000\\000\\226q\\000~\\000]sq\\000~\\000\\012\\000\\000\\000\\000\\000\\226q\\000~\\000_sq\\000~\\000\\012\\000\\001\\000\\000\\000\\226q\\000~\\000asq\\000~\\000\\012\\000\\001\\000\\000\\000\\226q\\000~\\000csq\\000~\\000\\012\\000\\001\\000\\000\\000\\226q\\000~\\000esq\\000~\\000\\012\\000\\001\\000\\000\\000\\226q\\000~\\000gsq\\000~\\000\\012\\000\\001\\000\\000\\000\\310q\\000~\\000isq\\000~\\000\\012\\000\\001\\000\\000\\000\\226q\\000~\\000ksq\\000~\\000\\012\\000\\000\\000\\000\\000\\226q\\000~\\000\\023sq\\000~\\000\\012\\000\\000\\000\\000\\001,q\\000~\\000\\025sq\\000~\\000\\012\\000\\001\\000\\000\\000\\226q\\000~\\000osq\\000~\\000\\012\\000\\000\\000\\000\\000\\332q\\000~\\000\\217sq\\000~\\000\\012\\001\\000\\000\\000\\000xq\\000~\\000}sq\\000~\\000\\012\\000\\000\\000\\000\\000\\247q\\000~\\000\\215sq\\000~\\000\\012\\000\\000\\000\\000\\000)q\\000~\\000\\207sq\\000~\\000\\012\\000\\000\\000\\000\\000@q\\000~\\000\\211sq\\000~\\000\\012\\000\\000\\000\\000\\000|q\\000~\\000qsq\\000~\\000\\012\\000\\000\\000\\000\\000\\200q\\000~\\000ssq\\000~\\000\\012\\000\\000\\000\\000\\000mq\\000~\\000usq\\000~\\000\\012\\000\\000\\000\\000\\000\\357q\\000~\\000wsq\\000~\\000\\012\\001\\000\\000\\000\\000\\200q\\000~\\000{sq\\000~\\000\\012\\000\\000\\000\\000\\000\\177q\\000~\\000\\177sq\\000~\\000\\012\\000\\000\\000\\000\\000aq\\000~\\000\\201sq\\000~\\000\\012\\000\\000\\000\\000\\000\\301q\\000~\\000\\203sq\\000~\\000\\012\\000\\000\\000\\000\\000\\303q\\000~\\000ysq\\000~\\000\\012\\000\\000\\000\\000\\0018q\\000~\\000\\205xt\\000,sample-details-grid-SAMPLE-(all)-PLASMID_BOXsq\\000~\\000\\010\\000\\000\\000\\035w\\004\\000\\000\\000&sq\\000~\\000\\012\\000\\001\\000\\000\\000\\226q\\000~\\000Xsq\\000~\\000\\012\\000\\001\\000\\000\\000\\226q\\000~\\000Zsq\\000~\\000\\012\\001\\000\\000\\000\\000\\226q\\000~\\000\\015sq\\000~\\000\\012\\000\\001\\000\\000\\000\\226q\\000~\\000]sq\\000~\\000\\012\\000\\001\\000\\000\\000\\226q\\000~\\000_sq\\000~\\000\\012\\000\\001\\000\\000\\000\\226q\\000~\\000asq\\000~\\000\\012\\000\\001\\000\\000\\000\\226q\\000~\\000csq\\000~\\000\\012\\000\\001\\000\\000\\000\\226q\\000~\\000esq\\000~\\000\\012\\001\\000\\000\\000\\000\\226q\\000~\\000gsq\\000~\\000\\012\\000\\001\\000\\000\\000\\310q\\000~\\000isq\\000~\\000\\012\\001\\000\\000\\000\\000\\226q\\000~\\000ksq\\000~\\000\\012\\000\\000\\000\\000\\000\\226q\\000~\\000\\023sq\\000~\\000\\012\\000\\000\\000\\000\\001,q\\000~\\000\\025sq\\000~\\000\\012\\000\\001\\000\\000\\000\\226q\\000~\\000osq\\000~\\000\\012\\000\\001\\000\\000\\000\\226q\\000~\\000qsq\\000~\\000\\012\\000\\001\\000\\000\\000\\247q\\000~\\000\\215sq\\000~\\000\\012\\000\\001\\000\\000\\0000q\\000~\\000\\207sq\\000~\\000\\012\\000\\001\\000\\000\\000@q\\000~\\000\\211sq\\000~\\000\\012\\000\\001\\000\\000\\000Eq\\000~\\000\\217sq\\000~\\000\\012\\000\\001\\000\\000\\000xq\\000~\\000}sq\\000~\\000\\012\\000\\001\\000\\000\\000xq\\000~\\000ssq\\000~\\000\\012\\000\\001\\000\\000\\000xq\\000~\\000usq\\000~\\000\\012\\000\\001\\000\\000\\000xq\\000~\\000wsq\\000~\\000\\012\\000\\001\\000\\000\\000xq\\000~\\000{sq\\000~\\000\\012\\000\\001\\000\\000\\000xq\\000~\\000ysq\\000~\\000\\012\\000\\001\\000\\000\\000xq\\000~\\000\\177sq\\000~\\000\\012\\000\\001\\000\\000\\000xq\\000~\\000\\201sq\\000~\\000\\012\\000\\001\\000\\000\\000xq\\000~\\000\\203sq\\000~\\000\\012\\000\\001\\000\\000\\000xq\\000~\\000\\205xt\\000&entity-browser-grid-SAMPLE-PLASMID_BOXsq\\000~\\000\\010\\000\\000\\000\\020w\\004\\000\\000\\000\\020sq\\000~\\000\\012\\000\\001\\000\\000\\000\\226q\\000~\\000Xsq\\000~\\000\\012\\000\\001\\000\\000\\000\\226q\\000~\\000Zsq\\000~\\000\\012\\001\\000\\000\\000\\000\\226q\\000~\\000\\015sq\\000~\\000\\012\\000\\001\\000\\000\\000\\226q\\000~\\000]sq\\000~\\000\\012\\000\\001\\000\\000\\000\\247q\\000~\\000_sq\\000~\\000\\012\\000\\001\\000\\000\\000\\226q\\000~\\000asq\\000~\\000\\012\\000\\001\\000\\000\\000\\226q\\000~\\000csq\\000~\\000\\012\\000\\001\\000\\000\\000\\226q\\000~\\000esq\\000~\\000\\012\\000\\001\\000\\000\\000\\226q\\000~\\000gsq\\000~\\000\\012\\000\\001\\000\\000\\000\\310q\\000~\\000isq\\000~\\000\\012\\000\\001\\000\\000\\000\\226q\\000~\\000ksq\\000~\\000\\012\\000\\000\\000\\000\\000\\226q\\000~\\000\\023sq\\000~\\000\\012\\000\\000\\000\\000\\001,q\\000~\\000\\025sq\\000~\\000\\012\\000\\001\\000\\000\\000\\226q\\000~\\000osq\\000~\\000\\012\\000\\001\\000\\000\\000\\226q\\000~\\000qsq\\000~\\000\\012\\000\\000\\000\\000\\000xq\\000~\\000\\213xt\\000\\027attachment-browser-gridsq\\000~\\000\\010\\000\\000\\000\\007w\\004\\000\\000\\000\\012sq\\000~\\000\\012\\000\\000\\000\\000\\000\\310t\\000\\011FILE_NAMEsq\\000~\\000\\012\\000\\001\\000\\000\\000\\226t\\000\\010PERMLINKsq\\000~\\000\\012\\000\\000\\000\\000\\000\\226t\\000\\007VERSIONsq\\000~\\000\\012\\000\\000\\000\\000\\000\\310t\\000\\005TITLEsq\\000~\\000\\012\\000\\000\\000\\000\\001,q\\000~\\000\\017sq\\000~\\000\\012\\000\\000\\000\\000\\000\\226q\\000~\\000\\023sq\\000~\\000\\012\\000\\000\\000\\000\\001,q\\000~\\000\\025xx\\000sr\\000Och.systemsx.cisd.openbis.generic.shared.basic.dto.RealNumberFormatingParameters\\000\\000\\000\\000\\000\\000\\000\\001\\002\\000\\003Z\\000\\020formatingEnabledI\\000\\011precisionZ\\000\\012scientificxp\\001\\000\\000\\000\\004\\000sq\\000~\\000\\005?@\\000\\000\\000\\000\\000\\014w\\010\\000\\000\\000\\020\\000\\000\\000\\004t\\000/attachment-sectiongeneric-sample-viewer-PLASMIDsr\\000\\021java.lang.Boolean\\315 r\\200\\325\\234\\372\\356\\002\\000\\001Z\\000\\005valuexp\\001t\\0003attachment-sectiongeneric-sample-viewer-PLASMID_BOXsq\\000~\\001E\\000t\\000+sample-sectiongeneric-sample-viewer-PLASMIDq\\000~\\001Ht\\0001data-set-sectiongeneric-sample-viewer-PLASMID_BOXq\\000~\\001Hx
\.


--
-- Data for Name: projects; Type: TABLE DATA; Schema: public; Owner: -
--

COPY projects (id, code, grou_id, pers_id_leader, description, pers_id_registerer, registration_timestamp, modification_timestamp) FROM stdin;
1	PLASMIDS	1	\N	\N	1	2010-05-26 13:40:44.011979+02	2010-05-26 13:42:30.763+02
\.


--
-- Data for Name: property_types; Type: TABLE DATA; Schema: public; Owner: -
--

COPY property_types (id, code, description, label, daty_id, registration_timestamp, pers_id_registerer, covo_id, is_managed_internally, is_internal_namespace, dbin_id, maty_prop_id) FROM stdin;
2	OWNER	Owner	Owner	7	2010-05-26 17:43:09.455462+02	1	2	f	f	1	\N
3	OWNER_NUMBER	Owner Number	Owner Number	1	2010-05-26 17:44:12.71825+02	1	\N	f	f	1	\N
4	PLASMID_NAME	Plasmid Name	Plasmid Name	1	2010-05-26 17:44:49.704455+02	1	\N	f	f	1	\N
5	BACKBONE	Backbone	Backbone	7	2010-05-26 17:45:12.139095+02	1	3	f	f	1	\N
6	BACTERIAL_ANTIBIOTIC_RESISTANCE	Bacterial Antibiotic Resistance	Bacterial Antibiotic Resistance	7	2010-05-26 17:46:13.565449+02	1	5	f	f	1	\N
7	YEAST_MARKER	(Yeast) Marker	(Yeast) Marker	7	2010-05-26 17:46:45.413022+02	1	4	f	f	1	\N
8	OTHER_MARKER	Other Marker	Other Marker	1	2010-05-26 17:47:27.064274+02	1	\N	f	f	1	\N
9	FLANKING_RESTRICTION_ENZYMES	Flanking Restriction Enzymes	Flanking Restriction Enzymes	1	2010-05-26 17:47:52.936812+02	1	\N	f	f	1	\N
10	COMMENTS	Comments	Comments	2	2010-05-26 17:48:11.007632+02	1	\N	f	f	1	\N
15	BOX_SIZE	Box Size	Box Size	7	2010-05-26 21:54:56.547721+02	1	6	f	f	1	\N
13	COLUMN	Column number in the Box	Column	3	2010-05-26 18:38:35.546129+02	1	\N	f	f	1	\N
16	ROW	Row letter in the Box	Row	7	2010-05-27 17:58:56.942478+02	1	7	f	f	1	\N
14	DERIVATIVE_OF	Codes (separated by commas) of those Plasmids that the current Plasmid is a combination of. One of the Plasmid is the Parent.	Derivative Of	1	2010-05-26 21:45:36.120436+02	1	\N	f	f	1	\N
17	FILE_NAME	Name of the file stored in DSS	File Name	1	2010-05-30 12:55:28.819182+02	1	\N	f	f	1	\N
\.


--
-- Data for Name: queries; Type: TABLE DATA; Schema: public; Owner: -
--

COPY queries (id, dbin_id, name, description, registration_timestamp, pers_id_registerer, modification_timestamp, expression, is_public, query_type, db_key) FROM stdin;
\.


--
-- Data for Name: role_assignments; Type: TABLE DATA; Schema: public; Owner: -
--

COPY role_assignments (id, role_code, grou_id, dbin_id, pers_id_grantee, ag_id_grantee, pers_id_registerer, registration_timestamp) FROM stdin;
1	ADMIN	\N	1	1	\N	1	2010-05-26 13:39:42.830149+02
7	USER	1	\N	\N	1	1	2010-05-31 13:56:25.85998+02
6	ADMIN	\N	1	5	\N	1	2010-05-27 21:11:29.554356+02
8	ADMIN	\N	1	\N	2	1	2010-05-31 21:14:11.261376+02
9	ETL_SERVER	\N	1	14	\N	1	2010-06-01 14:00:28.560623+02
\.


--
-- Data for Name: sample_properties; Type: TABLE DATA; Schema: public; Owner: -
--

COPY sample_properties (id, samp_id, stpt_id, value, cvte_id, mate_prop_id, pers_id_registerer, registration_timestamp, modification_timestamp) FROM stdin;
\.


--
-- Data for Name: sample_type_property_types; Type: TABLE DATA; Schema: public; Owner: -
--

COPY sample_type_property_types (id, saty_id, prty_id, is_mandatory, is_managed_internally, pers_id_registerer, registration_timestamp, is_displayed, ordinal, section) FROM stdin;
1	1	16	t	f	1	2010-05-27 17:59:42.28433+02	t	1	Storage Information
2	1	13	t	f	1	2010-05-26 19:08:07.246686+02	t	2	Storage Information
3	1	2	t	f	1	2010-05-26 19:13:10.256579+02	t	3	Plasmid Data
4	1	3	f	f	1	2010-05-26 19:11:49.533054+02	t	4	Plasmid Data
5	1	4	t	f	1	2010-05-26 19:14:56.30574+02	t	5	Plasmid Data
6	1	5	t	f	1	2010-05-26 18:39:38.450567+02	t	6	Plasmid Data
7	1	14	f	f	1	2010-05-26 21:46:21.937645+02	t	7	Plasmid Data
8	1	6	t	f	1	2010-05-26 19:06:55.50256+02	t	8	Plasmid Data
9	1	7	f	f	1	2010-05-26 19:15:29.812545+02	t	9	Plasmid Data
10	1	8	f	f	1	2010-05-26 19:10:09.014083+02	t	10	Plasmid Data
11	1	9	f	f	1	2010-05-26 19:10:01.329441+02	t	11	Plasmid Data
12	1	10	f	f	1	2010-05-26 19:09:07.086779+02	t	12	Plasmid Data
20	2	15	t	f	1	2010-05-26 21:55:14.652494+02	t	1	\N
\.


--
-- Data for Name: sample_types; Type: TABLE DATA; Schema: public; Owner: -
--

COPY sample_types (id, code, description, dbin_id, is_listable, generated_from_depth, part_of_depth, modification_timestamp, is_auto_generated_code, generated_code_prefix, is_subcode_unique) FROM stdin;
1	PLASMID	\N	1	t	1	1	2010-05-26 13:43:50.663104+02	f	FRP_	t
2	PLASMID_BOX	\N	1	t	0	0	2010-05-26 21:51:13.659151+02	f	BOX_	t
\.


--
-- Data for Name: samples; Type: TABLE DATA; Schema: public; Owner: -
--

COPY samples (id, perm_id, code, expe_id, samp_id_top, samp_id_generated_from, saty_id, registration_timestamp, modification_timestamp, pers_id_registerer, inva_id, samp_id_control_layout, dbin_id, grou_id, samp_id_part_of) FROM stdin;
\.


--
-- Name: ag_bk_uk; Type: CONSTRAINT; Schema: public; Owner: -; Tablespace: 
--

ALTER TABLE ONLY authorization_groups
    ADD CONSTRAINT ag_bk_uk UNIQUE (code, dbin_id);


--
-- Name: ag_pk; Type: CONSTRAINT; Schema: public; Owner: -; Tablespace: 
--

ALTER TABLE ONLY authorization_groups
    ADD CONSTRAINT ag_pk PRIMARY KEY (id);


--
-- Name: agp_pk; Type: CONSTRAINT; Schema: public; Owner: -; Tablespace: 
--

ALTER TABLE ONLY authorization_group_persons
    ADD CONSTRAINT agp_pk PRIMARY KEY (pers_id, ag_id);


--
-- Name: atta_expe_bk_uk; Type: CONSTRAINT; Schema: public; Owner: -; Tablespace: 
--

ALTER TABLE ONLY attachments
    ADD CONSTRAINT atta_expe_bk_uk UNIQUE (expe_id, file_name, version);


--
-- Name: atta_pk; Type: CONSTRAINT; Schema: public; Owner: -; Tablespace: 
--

ALTER TABLE ONLY attachments
    ADD CONSTRAINT atta_pk PRIMARY KEY (id);


--
-- Name: atta_proj_bk_uk; Type: CONSTRAINT; Schema: public; Owner: -; Tablespace: 
--

ALTER TABLE ONLY attachments
    ADD CONSTRAINT atta_proj_bk_uk UNIQUE (proj_id, file_name, version);


--
-- Name: atta_samp_bk_uk; Type: CONSTRAINT; Schema: public; Owner: -; Tablespace: 
--

ALTER TABLE ONLY attachments
    ADD CONSTRAINT atta_samp_bk_uk UNIQUE (samp_id, file_name, version);


--
-- Name: covo_bk_uk; Type: CONSTRAINT; Schema: public; Owner: -; Tablespace: 
--

ALTER TABLE ONLY controlled_vocabularies
    ADD CONSTRAINT covo_bk_uk UNIQUE (code, is_internal_namespace, dbin_id);


--
-- Name: covo_pk; Type: CONSTRAINT; Schema: public; Owner: -; Tablespace: 
--

ALTER TABLE ONLY controlled_vocabularies
    ADD CONSTRAINT covo_pk PRIMARY KEY (id);


--
-- Name: cvte_bk_uk; Type: CONSTRAINT; Schema: public; Owner: -; Tablespace: 
--

ALTER TABLE ONLY controlled_vocabulary_terms
    ADD CONSTRAINT cvte_bk_uk UNIQUE (code, covo_id);


--
-- Name: cvte_pk; Type: CONSTRAINT; Schema: public; Owner: -; Tablespace: 
--

ALTER TABLE ONLY controlled_vocabulary_terms
    ADD CONSTRAINT cvte_pk PRIMARY KEY (id);


--
-- Name: dast_bk_uk; Type: CONSTRAINT; Schema: public; Owner: -; Tablespace: 
--

ALTER TABLE ONLY data_stores
    ADD CONSTRAINT dast_bk_uk UNIQUE (code, dbin_id);


--
-- Name: dast_pk; Type: CONSTRAINT; Schema: public; Owner: -; Tablespace: 
--

ALTER TABLE ONLY data_stores
    ADD CONSTRAINT dast_pk PRIMARY KEY (id);


--
-- Name: data_bk_uk; Type: CONSTRAINT; Schema: public; Owner: -; Tablespace: 
--

ALTER TABLE ONLY data
    ADD CONSTRAINT data_bk_uk UNIQUE (code);


--
-- Name: data_pk; Type: CONSTRAINT; Schema: public; Owner: -; Tablespace: 
--

ALTER TABLE ONLY data
    ADD CONSTRAINT data_pk PRIMARY KEY (id);


--
-- Name: daty_bk_uk; Type: CONSTRAINT; Schema: public; Owner: -; Tablespace: 
--

ALTER TABLE ONLY data_types
    ADD CONSTRAINT daty_bk_uk UNIQUE (code);


--
-- Name: daty_pk; Type: CONSTRAINT; Schema: public; Owner: -; Tablespace: 
--

ALTER TABLE ONLY data_types
    ADD CONSTRAINT daty_pk PRIMARY KEY (id);


--
-- Name: dbin_bk_uk; Type: CONSTRAINT; Schema: public; Owner: -; Tablespace: 
--

ALTER TABLE ONLY database_instances
    ADD CONSTRAINT dbin_bk_uk UNIQUE (code);


--
-- Name: dbin_pk; Type: CONSTRAINT; Schema: public; Owner: -; Tablespace: 
--

ALTER TABLE ONLY database_instances
    ADD CONSTRAINT dbin_pk PRIMARY KEY (id);


--
-- Name: dbin_uuid_uk; Type: CONSTRAINT; Schema: public; Owner: -; Tablespace: 
--

ALTER TABLE ONLY database_instances
    ADD CONSTRAINT dbin_uuid_uk UNIQUE (uuid);


--
-- Name: dspr_bk_uk; Type: CONSTRAINT; Schema: public; Owner: -; Tablespace: 
--

ALTER TABLE ONLY data_set_properties
    ADD CONSTRAINT dspr_bk_uk UNIQUE (ds_id, dstpt_id);


--
-- Name: dspr_pk; Type: CONSTRAINT; Schema: public; Owner: -; Tablespace: 
--

ALTER TABLE ONLY data_set_properties
    ADD CONSTRAINT dspr_pk PRIMARY KEY (id);


--
-- Name: dsre_bk_uk; Type: CONSTRAINT; Schema: public; Owner: -; Tablespace: 
--

ALTER TABLE ONLY data_set_relationships
    ADD CONSTRAINT dsre_bk_uk UNIQUE (data_id_child, data_id_parent);


--
-- Name: dssdst_bk_uk; Type: CONSTRAINT; Schema: public; Owner: -; Tablespace: 
--

ALTER TABLE ONLY data_store_service_data_set_types
    ADD CONSTRAINT dssdst_bk_uk UNIQUE (data_store_service_id, data_set_type_id);


--
-- Name: dsse_bk_uk; Type: CONSTRAINT; Schema: public; Owner: -; Tablespace: 
--

ALTER TABLE ONLY data_store_services
    ADD CONSTRAINT dsse_bk_uk UNIQUE (key, data_store_id);


--
-- Name: dsse_pk; Type: CONSTRAINT; Schema: public; Owner: -; Tablespace: 
--

ALTER TABLE ONLY data_store_services
    ADD CONSTRAINT dsse_pk PRIMARY KEY (id);


--
-- Name: dstpt_bk_uk; Type: CONSTRAINT; Schema: public; Owner: -; Tablespace: 
--

ALTER TABLE ONLY data_set_type_property_types
    ADD CONSTRAINT dstpt_bk_uk UNIQUE (dsty_id, prty_id);


--
-- Name: dstpt_pk; Type: CONSTRAINT; Schema: public; Owner: -; Tablespace: 
--

ALTER TABLE ONLY data_set_type_property_types
    ADD CONSTRAINT dstpt_pk PRIMARY KEY (id);


--
-- Name: dsty_bk_uk; Type: CONSTRAINT; Schema: public; Owner: -; Tablespace: 
--

ALTER TABLE ONLY data_set_types
    ADD CONSTRAINT dsty_bk_uk UNIQUE (code, dbin_id);


--
-- Name: dsty_pk; Type: CONSTRAINT; Schema: public; Owner: -; Tablespace: 
--

ALTER TABLE ONLY data_set_types
    ADD CONSTRAINT dsty_pk PRIMARY KEY (id);


--
-- Name: etpt_bk_uk; Type: CONSTRAINT; Schema: public; Owner: -; Tablespace: 
--

ALTER TABLE ONLY experiment_type_property_types
    ADD CONSTRAINT etpt_bk_uk UNIQUE (exty_id, prty_id);


--
-- Name: etpt_pk; Type: CONSTRAINT; Schema: public; Owner: -; Tablespace: 
--

ALTER TABLE ONLY experiment_type_property_types
    ADD CONSTRAINT etpt_pk PRIMARY KEY (id);


--
-- Name: evnt_pk; Type: CONSTRAINT; Schema: public; Owner: -; Tablespace: 
--

ALTER TABLE ONLY events
    ADD CONSTRAINT evnt_pk PRIMARY KEY (id);


--
-- Name: exac_pk; Type: CONSTRAINT; Schema: public; Owner: -; Tablespace: 
--

ALTER TABLE ONLY attachment_contents
    ADD CONSTRAINT exac_pk PRIMARY KEY (id);


--
-- Name: exda_bk_uk; Type: CONSTRAINT; Schema: public; Owner: -; Tablespace: 
--

ALTER TABLE ONLY external_data
    ADD CONSTRAINT exda_bk_uk UNIQUE (location, loty_id);


--
-- Name: exda_pk; Type: CONSTRAINT; Schema: public; Owner: -; Tablespace: 
--

ALTER TABLE ONLY external_data
    ADD CONSTRAINT exda_pk PRIMARY KEY (data_id);


--
-- Name: expe_bk_uk; Type: CONSTRAINT; Schema: public; Owner: -; Tablespace: 
--

ALTER TABLE ONLY experiments
    ADD CONSTRAINT expe_bk_uk UNIQUE (code, proj_id);


--
-- Name: expe_pi_uk; Type: CONSTRAINT; Schema: public; Owner: -; Tablespace: 
--

ALTER TABLE ONLY experiments
    ADD CONSTRAINT expe_pi_uk UNIQUE (perm_id);


--
-- Name: expe_pk; Type: CONSTRAINT; Schema: public; Owner: -; Tablespace: 
--

ALTER TABLE ONLY experiments
    ADD CONSTRAINT expe_pk PRIMARY KEY (id);


--
-- Name: expr_bk_uk; Type: CONSTRAINT; Schema: public; Owner: -; Tablespace: 
--

ALTER TABLE ONLY experiment_properties
    ADD CONSTRAINT expr_bk_uk UNIQUE (expe_id, etpt_id);


--
-- Name: expr_pk; Type: CONSTRAINT; Schema: public; Owner: -; Tablespace: 
--

ALTER TABLE ONLY experiment_properties
    ADD CONSTRAINT expr_pk PRIMARY KEY (id);


--
-- Name: exty_bk_uk; Type: CONSTRAINT; Schema: public; Owner: -; Tablespace: 
--

ALTER TABLE ONLY experiment_types
    ADD CONSTRAINT exty_bk_uk UNIQUE (code, dbin_id);


--
-- Name: exty_pk; Type: CONSTRAINT; Schema: public; Owner: -; Tablespace: 
--

ALTER TABLE ONLY experiment_types
    ADD CONSTRAINT exty_pk PRIMARY KEY (id);


--
-- Name: ffty_bk_uk; Type: CONSTRAINT; Schema: public; Owner: -; Tablespace: 
--

ALTER TABLE ONLY file_format_types
    ADD CONSTRAINT ffty_bk_uk UNIQUE (code, dbin_id);


--
-- Name: ffty_pk; Type: CONSTRAINT; Schema: public; Owner: -; Tablespace: 
--

ALTER TABLE ONLY file_format_types
    ADD CONSTRAINT ffty_pk PRIMARY KEY (id);


--
-- Name: filt_bk_uk; Type: CONSTRAINT; Schema: public; Owner: -; Tablespace: 
--

ALTER TABLE ONLY filters
    ADD CONSTRAINT filt_bk_uk UNIQUE (name, dbin_id, grid_id);


--
-- Name: filt_pk; Type: CONSTRAINT; Schema: public; Owner: -; Tablespace: 
--

ALTER TABLE ONLY filters
    ADD CONSTRAINT filt_pk PRIMARY KEY (id);


--
-- Name: grid_custom_columns_bk_uk; Type: CONSTRAINT; Schema: public; Owner: -; Tablespace: 
--

ALTER TABLE ONLY grid_custom_columns
    ADD CONSTRAINT grid_custom_columns_bk_uk UNIQUE (code, dbin_id, grid_id);


--
-- Name: grid_custom_columns_pk; Type: CONSTRAINT; Schema: public; Owner: -; Tablespace: 
--

ALTER TABLE ONLY grid_custom_columns
    ADD CONSTRAINT grid_custom_columns_pk PRIMARY KEY (id);


--
-- Name: grou_bk_uk; Type: CONSTRAINT; Schema: public; Owner: -; Tablespace: 
--

ALTER TABLE ONLY groups
    ADD CONSTRAINT grou_bk_uk UNIQUE (code, dbin_id);


--
-- Name: grou_pk; Type: CONSTRAINT; Schema: public; Owner: -; Tablespace: 
--

ALTER TABLE ONLY groups
    ADD CONSTRAINT grou_pk PRIMARY KEY (id);


--
-- Name: inva_pk; Type: CONSTRAINT; Schema: public; Owner: -; Tablespace: 
--

ALTER TABLE ONLY invalidations
    ADD CONSTRAINT inva_pk PRIMARY KEY (id);


--
-- Name: loty_bk_uk; Type: CONSTRAINT; Schema: public; Owner: -; Tablespace: 
--

ALTER TABLE ONLY locator_types
    ADD CONSTRAINT loty_bk_uk UNIQUE (code);


--
-- Name: loty_pk; Type: CONSTRAINT; Schema: public; Owner: -; Tablespace: 
--

ALTER TABLE ONLY locator_types
    ADD CONSTRAINT loty_pk PRIMARY KEY (id);


--
-- Name: mapr_bk_uk; Type: CONSTRAINT; Schema: public; Owner: -; Tablespace: 
--

ALTER TABLE ONLY material_properties
    ADD CONSTRAINT mapr_bk_uk UNIQUE (mate_id, mtpt_id);


--
-- Name: mapr_pk; Type: CONSTRAINT; Schema: public; Owner: -; Tablespace: 
--

ALTER TABLE ONLY material_properties
    ADD CONSTRAINT mapr_pk PRIMARY KEY (id);


--
-- Name: mate_bk_uk; Type: CONSTRAINT; Schema: public; Owner: -; Tablespace: 
--

ALTER TABLE ONLY materials
    ADD CONSTRAINT mate_bk_uk UNIQUE (code, maty_id, dbin_id);


--
-- Name: mate_pk; Type: CONSTRAINT; Schema: public; Owner: -; Tablespace: 
--

ALTER TABLE ONLY materials
    ADD CONSTRAINT mate_pk PRIMARY KEY (id);


--
-- Name: maty_bk_uk; Type: CONSTRAINT; Schema: public; Owner: -; Tablespace: 
--

ALTER TABLE ONLY material_types
    ADD CONSTRAINT maty_bk_uk UNIQUE (code, dbin_id);


--
-- Name: maty_pk; Type: CONSTRAINT; Schema: public; Owner: -; Tablespace: 
--

ALTER TABLE ONLY material_types
    ADD CONSTRAINT maty_pk PRIMARY KEY (id);


--
-- Name: mtpt_bk_uk; Type: CONSTRAINT; Schema: public; Owner: -; Tablespace: 
--

ALTER TABLE ONLY material_type_property_types
    ADD CONSTRAINT mtpt_bk_uk UNIQUE (maty_id, prty_id);


--
-- Name: mtpt_pk; Type: CONSTRAINT; Schema: public; Owner: -; Tablespace: 
--

ALTER TABLE ONLY material_type_property_types
    ADD CONSTRAINT mtpt_pk PRIMARY KEY (id);


--
-- Name: pers_bk_uk; Type: CONSTRAINT; Schema: public; Owner: -; Tablespace: 
--

ALTER TABLE ONLY persons
    ADD CONSTRAINT pers_bk_uk UNIQUE (dbin_id, user_id);


--
-- Name: pers_pk; Type: CONSTRAINT; Schema: public; Owner: -; Tablespace: 
--

ALTER TABLE ONLY persons
    ADD CONSTRAINT pers_pk PRIMARY KEY (id);


--
-- Name: proj_bk_uk; Type: CONSTRAINT; Schema: public; Owner: -; Tablespace: 
--

ALTER TABLE ONLY projects
    ADD CONSTRAINT proj_bk_uk UNIQUE (code, grou_id);


--
-- Name: proj_pk; Type: CONSTRAINT; Schema: public; Owner: -; Tablespace: 
--

ALTER TABLE ONLY projects
    ADD CONSTRAINT proj_pk PRIMARY KEY (id);


--
-- Name: prty_bk_uk; Type: CONSTRAINT; Schema: public; Owner: -; Tablespace: 
--

ALTER TABLE ONLY property_types
    ADD CONSTRAINT prty_bk_uk UNIQUE (code, is_internal_namespace, dbin_id);


--
-- Name: prty_pk; Type: CONSTRAINT; Schema: public; Owner: -; Tablespace: 
--

ALTER TABLE ONLY property_types
    ADD CONSTRAINT prty_pk PRIMARY KEY (id);


--
-- Name: quer_bk_uk; Type: CONSTRAINT; Schema: public; Owner: -; Tablespace: 
--

ALTER TABLE ONLY queries
    ADD CONSTRAINT quer_bk_uk UNIQUE (name, dbin_id);


--
-- Name: quer_pk; Type: CONSTRAINT; Schema: public; Owner: -; Tablespace: 
--

ALTER TABLE ONLY queries
    ADD CONSTRAINT quer_pk PRIMARY KEY (id);


--
-- Name: roas_ag_group_bk_uk; Type: CONSTRAINT; Schema: public; Owner: -; Tablespace: 
--

ALTER TABLE ONLY role_assignments
    ADD CONSTRAINT roas_ag_group_bk_uk UNIQUE (ag_id_grantee, role_code, grou_id);


--
-- Name: roas_ag_instance_bk_uk; Type: CONSTRAINT; Schema: public; Owner: -; Tablespace: 
--

ALTER TABLE ONLY role_assignments
    ADD CONSTRAINT roas_ag_instance_bk_uk UNIQUE (ag_id_grantee, role_code, dbin_id);


--
-- Name: roas_pe_group_bk_uk; Type: CONSTRAINT; Schema: public; Owner: -; Tablespace: 
--

ALTER TABLE ONLY role_assignments
    ADD CONSTRAINT roas_pe_group_bk_uk UNIQUE (pers_id_grantee, role_code, grou_id);


--
-- Name: roas_pe_instance_bk_uk; Type: CONSTRAINT; Schema: public; Owner: -; Tablespace: 
--

ALTER TABLE ONLY role_assignments
    ADD CONSTRAINT roas_pe_instance_bk_uk UNIQUE (pers_id_grantee, role_code, dbin_id);


--
-- Name: roas_pk; Type: CONSTRAINT; Schema: public; Owner: -; Tablespace: 
--

ALTER TABLE ONLY role_assignments
    ADD CONSTRAINT roas_pk PRIMARY KEY (id);


--
-- Name: samp_pi_uk; Type: CONSTRAINT; Schema: public; Owner: -; Tablespace: 
--

ALTER TABLE ONLY samples
    ADD CONSTRAINT samp_pi_uk UNIQUE (perm_id);


--
-- Name: samp_pk; Type: CONSTRAINT; Schema: public; Owner: -; Tablespace: 
--

ALTER TABLE ONLY samples
    ADD CONSTRAINT samp_pk PRIMARY KEY (id);


--
-- Name: sapr_bk_uk; Type: CONSTRAINT; Schema: public; Owner: -; Tablespace: 
--

ALTER TABLE ONLY sample_properties
    ADD CONSTRAINT sapr_bk_uk UNIQUE (samp_id, stpt_id);


--
-- Name: sapr_pk; Type: CONSTRAINT; Schema: public; Owner: -; Tablespace: 
--

ALTER TABLE ONLY sample_properties
    ADD CONSTRAINT sapr_pk PRIMARY KEY (id);


--
-- Name: saty_bk_uk; Type: CONSTRAINT; Schema: public; Owner: -; Tablespace: 
--

ALTER TABLE ONLY sample_types
    ADD CONSTRAINT saty_bk_uk UNIQUE (code, dbin_id);


--
-- Name: saty_pk; Type: CONSTRAINT; Schema: public; Owner: -; Tablespace: 
--

ALTER TABLE ONLY sample_types
    ADD CONSTRAINT saty_pk PRIMARY KEY (id);


--
-- Name: stpt_bk_uk; Type: CONSTRAINT; Schema: public; Owner: -; Tablespace: 
--

ALTER TABLE ONLY sample_type_property_types
    ADD CONSTRAINT stpt_bk_uk UNIQUE (saty_id, prty_id);


--
-- Name: stpt_pk; Type: CONSTRAINT; Schema: public; Owner: -; Tablespace: 
--

ALTER TABLE ONLY sample_type_property_types
    ADD CONSTRAINT stpt_pk PRIMARY KEY (id);


--
-- Name: atta_exac_fk_i; Type: INDEX; Schema: public; Owner: -; Tablespace: 
--

CREATE INDEX atta_exac_fk_i ON attachments USING btree (exac_id);


--
-- Name: atta_expe_fk_i; Type: INDEX; Schema: public; Owner: -; Tablespace: 
--

CREATE INDEX atta_expe_fk_i ON attachments USING btree (expe_id);


--
-- Name: atta_pers_fk_i; Type: INDEX; Schema: public; Owner: -; Tablespace: 
--

CREATE INDEX atta_pers_fk_i ON attachments USING btree (pers_id_registerer);


--
-- Name: atta_proj_fk_i; Type: INDEX; Schema: public; Owner: -; Tablespace: 
--

CREATE INDEX atta_proj_fk_i ON attachments USING btree (proj_id);


--
-- Name: atta_samp_fk_i; Type: INDEX; Schema: public; Owner: -; Tablespace: 
--

CREATE INDEX atta_samp_fk_i ON attachments USING btree (samp_id);


--
-- Name: covo_pers_fk_i; Type: INDEX; Schema: public; Owner: -; Tablespace: 
--

CREATE INDEX covo_pers_fk_i ON controlled_vocabularies USING btree (pers_id_registerer);


--
-- Name: cvte_covo_fk_i; Type: INDEX; Schema: public; Owner: -; Tablespace: 
--

CREATE INDEX cvte_covo_fk_i ON controlled_vocabulary_terms USING btree (covo_id);


--
-- Name: cvte_pers_fk_i; Type: INDEX; Schema: public; Owner: -; Tablespace: 
--

CREATE INDEX cvte_pers_fk_i ON controlled_vocabulary_terms USING btree (pers_id_registerer);


--
-- Name: dast_dbin_fk_i; Type: INDEX; Schema: public; Owner: -; Tablespace: 
--

CREATE INDEX dast_dbin_fk_i ON data_stores USING btree (dbin_id);


--
-- Name: data_dsty_fk_i; Type: INDEX; Schema: public; Owner: -; Tablespace: 
--

CREATE INDEX data_dsty_fk_i ON data USING btree (dsty_id);


--
-- Name: data_expe_fk_i; Type: INDEX; Schema: public; Owner: -; Tablespace: 
--

CREATE INDEX data_expe_fk_i ON data USING btree (expe_id);


--
-- Name: data_samp_fk_i; Type: INDEX; Schema: public; Owner: -; Tablespace: 
--

CREATE INDEX data_samp_fk_i ON data USING btree (samp_id);


--
-- Name: dspr_cvte_fk_i; Type: INDEX; Schema: public; Owner: -; Tablespace: 
--

CREATE INDEX dspr_cvte_fk_i ON data_set_properties USING btree (cvte_id);


--
-- Name: dspr_ds_fk_i; Type: INDEX; Schema: public; Owner: -; Tablespace: 
--

CREATE INDEX dspr_ds_fk_i ON data_set_properties USING btree (ds_id);


--
-- Name: dspr_dstpt_fk_i; Type: INDEX; Schema: public; Owner: -; Tablespace: 
--

CREATE INDEX dspr_dstpt_fk_i ON data_set_properties USING btree (dstpt_id);


--
-- Name: dspr_pers_fk_i; Type: INDEX; Schema: public; Owner: -; Tablespace: 
--

CREATE INDEX dspr_pers_fk_i ON data_set_properties USING btree (pers_id_registerer);


--
-- Name: dsre_data_fk_i_child; Type: INDEX; Schema: public; Owner: -; Tablespace: 
--

CREATE INDEX dsre_data_fk_i_child ON data_set_relationships USING btree (data_id_child);


--
-- Name: dsre_data_fk_i_parent; Type: INDEX; Schema: public; Owner: -; Tablespace: 
--

CREATE INDEX dsre_data_fk_i_parent ON data_set_relationships USING btree (data_id_parent);


--
-- Name: dssdst_ds_fk_i; Type: INDEX; Schema: public; Owner: -; Tablespace: 
--

CREATE INDEX dssdst_ds_fk_i ON data_store_service_data_set_types USING btree (data_store_service_id);


--
-- Name: dssdst_dst_fk_i; Type: INDEX; Schema: public; Owner: -; Tablespace: 
--

CREATE INDEX dssdst_dst_fk_i ON data_store_service_data_set_types USING btree (data_set_type_id);


--
-- Name: dsse_ds_fk_i; Type: INDEX; Schema: public; Owner: -; Tablespace: 
--

CREATE INDEX dsse_ds_fk_i ON data_store_services USING btree (data_store_id);


--
-- Name: dstpt_dsty_fk_i; Type: INDEX; Schema: public; Owner: -; Tablespace: 
--

CREATE INDEX dstpt_dsty_fk_i ON data_set_type_property_types USING btree (dsty_id);


--
-- Name: dstpt_pers_fk_i; Type: INDEX; Schema: public; Owner: -; Tablespace: 
--

CREATE INDEX dstpt_pers_fk_i ON data_set_type_property_types USING btree (pers_id_registerer);


--
-- Name: dstpt_prty_fk_i; Type: INDEX; Schema: public; Owner: -; Tablespace: 
--

CREATE INDEX dstpt_prty_fk_i ON data_set_type_property_types USING btree (prty_id);


--
-- Name: etpt_exty_fk_i; Type: INDEX; Schema: public; Owner: -; Tablespace: 
--

CREATE INDEX etpt_exty_fk_i ON experiment_type_property_types USING btree (exty_id);


--
-- Name: etpt_pers_fk_i; Type: INDEX; Schema: public; Owner: -; Tablespace: 
--

CREATE INDEX etpt_pers_fk_i ON experiment_type_property_types USING btree (pers_id_registerer);


--
-- Name: etpt_prty_fk_i; Type: INDEX; Schema: public; Owner: -; Tablespace: 
--

CREATE INDEX etpt_prty_fk_i ON experiment_type_property_types USING btree (prty_id);


--
-- Name: evnt_pers_fk_i; Type: INDEX; Schema: public; Owner: -; Tablespace: 
--

CREATE INDEX evnt_pers_fk_i ON events USING btree (pers_id_registerer);


--
-- Name: exda_cvte_fk_i; Type: INDEX; Schema: public; Owner: -; Tablespace: 
--

CREATE INDEX exda_cvte_fk_i ON external_data USING btree (cvte_id_stor_fmt);


--
-- Name: exda_cvte_stored_on_fk_i; Type: INDEX; Schema: public; Owner: -; Tablespace: 
--

CREATE INDEX exda_cvte_stored_on_fk_i ON external_data USING btree (cvte_id_store);


--
-- Name: exda_ffty_fk_i; Type: INDEX; Schema: public; Owner: -; Tablespace: 
--

CREATE INDEX exda_ffty_fk_i ON external_data USING btree (ffty_id);


--
-- Name: exda_loty_fk_i; Type: INDEX; Schema: public; Owner: -; Tablespace: 
--

CREATE INDEX exda_loty_fk_i ON external_data USING btree (loty_id);


--
-- Name: expe_exty_fk_i; Type: INDEX; Schema: public; Owner: -; Tablespace: 
--

CREATE INDEX expe_exty_fk_i ON experiments USING btree (exty_id);


--
-- Name: expe_inva_fk_i; Type: INDEX; Schema: public; Owner: -; Tablespace: 
--

CREATE INDEX expe_inva_fk_i ON experiments USING btree (inva_id);


--
-- Name: expe_mate_fk_i; Type: INDEX; Schema: public; Owner: -; Tablespace: 
--

CREATE INDEX expe_mate_fk_i ON experiments USING btree (mate_id_study_object);


--
-- Name: expe_pers_fk_i; Type: INDEX; Schema: public; Owner: -; Tablespace: 
--

CREATE INDEX expe_pers_fk_i ON experiments USING btree (pers_id_registerer);


--
-- Name: expe_proj_fk_i; Type: INDEX; Schema: public; Owner: -; Tablespace: 
--

CREATE INDEX expe_proj_fk_i ON experiments USING btree (proj_id);


--
-- Name: expr_cvte_fk_i; Type: INDEX; Schema: public; Owner: -; Tablespace: 
--

CREATE INDEX expr_cvte_fk_i ON experiment_properties USING btree (cvte_id);


--
-- Name: expr_etpt_fk_i; Type: INDEX; Schema: public; Owner: -; Tablespace: 
--

CREATE INDEX expr_etpt_fk_i ON experiment_properties USING btree (etpt_id);


--
-- Name: expr_expe_fk_i; Type: INDEX; Schema: public; Owner: -; Tablespace: 
--

CREATE INDEX expr_expe_fk_i ON experiment_properties USING btree (expe_id);


--
-- Name: expr_pers_fk_i; Type: INDEX; Schema: public; Owner: -; Tablespace: 
--

CREATE INDEX expr_pers_fk_i ON experiment_properties USING btree (pers_id_registerer);


--
-- Name: filt_dbin_fk_i; Type: INDEX; Schema: public; Owner: -; Tablespace: 
--

CREATE INDEX filt_dbin_fk_i ON filters USING btree (dbin_id);


--
-- Name: filt_pers_fk_i; Type: INDEX; Schema: public; Owner: -; Tablespace: 
--

CREATE INDEX filt_pers_fk_i ON filters USING btree (pers_id_registerer);


--
-- Name: grid_custom_columns_dbin_fk_i; Type: INDEX; Schema: public; Owner: -; Tablespace: 
--

CREATE INDEX grid_custom_columns_dbin_fk_i ON grid_custom_columns USING btree (dbin_id);


--
-- Name: grid_custom_columns_pers_fk_i; Type: INDEX; Schema: public; Owner: -; Tablespace: 
--

CREATE INDEX grid_custom_columns_pers_fk_i ON grid_custom_columns USING btree (pers_id_registerer);


--
-- Name: grou_dbin_fk_i; Type: INDEX; Schema: public; Owner: -; Tablespace: 
--

CREATE INDEX grou_dbin_fk_i ON groups USING btree (dbin_id);


--
-- Name: grou_pers_registered_by_fk_i; Type: INDEX; Schema: public; Owner: -; Tablespace: 
--

CREATE INDEX grou_pers_registered_by_fk_i ON groups USING btree (pers_id_registerer);


--
-- Name: inva_pers_fk_i; Type: INDEX; Schema: public; Owner: -; Tablespace: 
--

CREATE INDEX inva_pers_fk_i ON invalidations USING btree (pers_id_registerer);


--
-- Name: mapr_cvte_fk_i; Type: INDEX; Schema: public; Owner: -; Tablespace: 
--

CREATE INDEX mapr_cvte_fk_i ON material_properties USING btree (cvte_id);


--
-- Name: mapr_mate_fk_i; Type: INDEX; Schema: public; Owner: -; Tablespace: 
--

CREATE INDEX mapr_mate_fk_i ON material_properties USING btree (mate_id);


--
-- Name: mapr_mtpt_fk_i; Type: INDEX; Schema: public; Owner: -; Tablespace: 
--

CREATE INDEX mapr_mtpt_fk_i ON material_properties USING btree (mtpt_id);


--
-- Name: mapr_pers_fk_i; Type: INDEX; Schema: public; Owner: -; Tablespace: 
--

CREATE INDEX mapr_pers_fk_i ON material_properties USING btree (pers_id_registerer);


--
-- Name: mate_maty_fk_i; Type: INDEX; Schema: public; Owner: -; Tablespace: 
--

CREATE INDEX mate_maty_fk_i ON materials USING btree (maty_id);


--
-- Name: mate_pers_fk_i; Type: INDEX; Schema: public; Owner: -; Tablespace: 
--

CREATE INDEX mate_pers_fk_i ON materials USING btree (pers_id_registerer);


--
-- Name: mtpt_maty_fk_i; Type: INDEX; Schema: public; Owner: -; Tablespace: 
--

CREATE INDEX mtpt_maty_fk_i ON material_type_property_types USING btree (maty_id);


--
-- Name: mtpt_pers_fk_i; Type: INDEX; Schema: public; Owner: -; Tablespace: 
--

CREATE INDEX mtpt_pers_fk_i ON material_type_property_types USING btree (pers_id_registerer);


--
-- Name: mtpt_prty_fk_i; Type: INDEX; Schema: public; Owner: -; Tablespace: 
--

CREATE INDEX mtpt_prty_fk_i ON material_type_property_types USING btree (prty_id);


--
-- Name: pers_grou_fk_i; Type: INDEX; Schema: public; Owner: -; Tablespace: 
--

CREATE INDEX pers_grou_fk_i ON persons USING btree (grou_id);


--
-- Name: proj_grou_fk_i; Type: INDEX; Schema: public; Owner: -; Tablespace: 
--

CREATE INDEX proj_grou_fk_i ON projects USING btree (grou_id);


--
-- Name: proj_pers_fk_i_leader; Type: INDEX; Schema: public; Owner: -; Tablespace: 
--

CREATE INDEX proj_pers_fk_i_leader ON projects USING btree (pers_id_leader);


--
-- Name: proj_pers_fk_i_registerer; Type: INDEX; Schema: public; Owner: -; Tablespace: 
--

CREATE INDEX proj_pers_fk_i_registerer ON projects USING btree (pers_id_registerer);


--
-- Name: prty_covo_fk_i; Type: INDEX; Schema: public; Owner: -; Tablespace: 
--

CREATE INDEX prty_covo_fk_i ON property_types USING btree (covo_id);


--
-- Name: prty_daty_fk_i; Type: INDEX; Schema: public; Owner: -; Tablespace: 
--

CREATE INDEX prty_daty_fk_i ON property_types USING btree (daty_id);


--
-- Name: prty_pers_fk_i; Type: INDEX; Schema: public; Owner: -; Tablespace: 
--

CREATE INDEX prty_pers_fk_i ON property_types USING btree (pers_id_registerer);


--
-- Name: roas_ag_fk_i_grantee; Type: INDEX; Schema: public; Owner: -; Tablespace: 
--

CREATE INDEX roas_ag_fk_i_grantee ON role_assignments USING btree (ag_id_grantee);


--
-- Name: roas_dbin_fk_i; Type: INDEX; Schema: public; Owner: -; Tablespace: 
--

CREATE INDEX roas_dbin_fk_i ON role_assignments USING btree (dbin_id);


--
-- Name: roas_grou_fk_i; Type: INDEX; Schema: public; Owner: -; Tablespace: 
--

CREATE INDEX roas_grou_fk_i ON role_assignments USING btree (grou_id);


--
-- Name: roas_pers_fk_i_grantee; Type: INDEX; Schema: public; Owner: -; Tablespace: 
--

CREATE INDEX roas_pers_fk_i_grantee ON role_assignments USING btree (pers_id_grantee);


--
-- Name: roas_pers_fk_i_registerer; Type: INDEX; Schema: public; Owner: -; Tablespace: 
--

CREATE INDEX roas_pers_fk_i_registerer ON role_assignments USING btree (pers_id_registerer);


--
-- Name: samp_code_i; Type: INDEX; Schema: public; Owner: -; Tablespace: 
--

CREATE INDEX samp_code_i ON samples USING btree (code);


--
-- Name: samp_expe_fk_i; Type: INDEX; Schema: public; Owner: -; Tablespace: 
--

CREATE INDEX samp_expe_fk_i ON samples USING btree (expe_id);


--
-- Name: samp_inva_fk_i; Type: INDEX; Schema: public; Owner: -; Tablespace: 
--

CREATE INDEX samp_inva_fk_i ON samples USING btree (inva_id);


--
-- Name: samp_pers_fk_i; Type: INDEX; Schema: public; Owner: -; Tablespace: 
--

CREATE INDEX samp_pers_fk_i ON samples USING btree (pers_id_registerer);


--
-- Name: samp_samp_fk_i_control_layout; Type: INDEX; Schema: public; Owner: -; Tablespace: 
--

CREATE INDEX samp_samp_fk_i_control_layout ON samples USING btree (samp_id_control_layout);


--
-- Name: samp_samp_fk_i_generated_from; Type: INDEX; Schema: public; Owner: -; Tablespace: 
--

CREATE INDEX samp_samp_fk_i_generated_from ON samples USING btree (samp_id_generated_from);


--
-- Name: samp_samp_fk_i_part_of; Type: INDEX; Schema: public; Owner: -; Tablespace: 
--

CREATE INDEX samp_samp_fk_i_part_of ON samples USING btree (samp_id_part_of);


--
-- Name: samp_samp_fk_i_top; Type: INDEX; Schema: public; Owner: -; Tablespace: 
--

CREATE INDEX samp_samp_fk_i_top ON samples USING btree (samp_id_top);


--
-- Name: samp_saty_fk_i; Type: INDEX; Schema: public; Owner: -; Tablespace: 
--

CREATE INDEX samp_saty_fk_i ON samples USING btree (saty_id);


--
-- Name: sapr_cvte_fk_i; Type: INDEX; Schema: public; Owner: -; Tablespace: 
--

CREATE INDEX sapr_cvte_fk_i ON sample_properties USING btree (cvte_id);


--
-- Name: sapr_pers_fk_i; Type: INDEX; Schema: public; Owner: -; Tablespace: 
--

CREATE INDEX sapr_pers_fk_i ON sample_properties USING btree (pers_id_registerer);


--
-- Name: sapr_samp_fk_i; Type: INDEX; Schema: public; Owner: -; Tablespace: 
--

CREATE INDEX sapr_samp_fk_i ON sample_properties USING btree (samp_id);


--
-- Name: sapr_stpt_fk_i; Type: INDEX; Schema: public; Owner: -; Tablespace: 
--

CREATE INDEX sapr_stpt_fk_i ON sample_properties USING btree (stpt_id);


--
-- Name: stpt_pers_fk_i; Type: INDEX; Schema: public; Owner: -; Tablespace: 
--

CREATE INDEX stpt_pers_fk_i ON sample_type_property_types USING btree (pers_id_registerer);


--
-- Name: stpt_prty_fk_i; Type: INDEX; Schema: public; Owner: -; Tablespace: 
--

CREATE INDEX stpt_prty_fk_i ON sample_type_property_types USING btree (prty_id);


--
-- Name: stpt_saty_fk_i; Type: INDEX; Schema: public; Owner: -; Tablespace: 
--

CREATE INDEX stpt_saty_fk_i ON sample_type_property_types USING btree (saty_id);


--
-- Name: check_dataset_relationships_on_data_table_modification; Type: TRIGGER; Schema: public; Owner: -
--

CREATE CONSTRAINT TRIGGER check_dataset_relationships_on_data_table_modification
    AFTER INSERT OR UPDATE ON data
DEFERRABLE INITIALLY DEFERRED
    FOR EACH ROW
    EXECUTE PROCEDURE check_dataset_relationships_on_data_table_modification();


--
-- Name: check_dataset_relationships_on_relationships_table_modification; Type: TRIGGER; Schema: public; Owner: -
--

CREATE CONSTRAINT TRIGGER check_dataset_relationships_on_relationships_table_modification
    AFTER INSERT OR UPDATE ON data_set_relationships
DEFERRABLE INITIALLY DEFERRED
    FOR EACH ROW
    EXECUTE PROCEDURE check_dataset_relationships_on_relationships_table_modification();


--
-- Name: controlled_vocabulary_check; Type: TRIGGER; Schema: public; Owner: -
--

CREATE TRIGGER controlled_vocabulary_check
    BEFORE INSERT OR UPDATE ON property_types
    FOR EACH ROW
    EXECUTE PROCEDURE controlled_vocabulary_check();


--
-- Name: data_set_property_with_material_data_type_check; Type: TRIGGER; Schema: public; Owner: -
--

CREATE TRIGGER data_set_property_with_material_data_type_check
    BEFORE INSERT OR UPDATE ON data_set_properties
    FOR EACH ROW
    EXECUTE PROCEDURE data_set_property_with_material_data_type_check();


--
-- Name: experiment_property_with_material_data_type_check; Type: TRIGGER; Schema: public; Owner: -
--

CREATE TRIGGER experiment_property_with_material_data_type_check
    BEFORE INSERT OR UPDATE ON experiment_properties
    FOR EACH ROW
    EXECUTE PROCEDURE experiment_property_with_material_data_type_check();


--
-- Name: external_data_storage_format_check; Type: TRIGGER; Schema: public; Owner: -
--

CREATE TRIGGER external_data_storage_format_check
    BEFORE INSERT OR UPDATE ON external_data
    FOR EACH ROW
    EXECUTE PROCEDURE external_data_storage_format_check();


--
-- Name: material_property_with_material_data_type_check; Type: TRIGGER; Schema: public; Owner: -
--

CREATE TRIGGER material_property_with_material_data_type_check
    BEFORE INSERT OR UPDATE ON material_properties
    FOR EACH ROW
    EXECUTE PROCEDURE material_property_with_material_data_type_check();


--
-- Name: sample_code_uniqueness_check; Type: TRIGGER; Schema: public; Owner: -
--

CREATE TRIGGER sample_code_uniqueness_check
    BEFORE INSERT OR UPDATE ON samples
    FOR EACH ROW
    EXECUTE PROCEDURE sample_code_uniqueness_check();


--
-- Name: sample_property_with_material_data_type_check; Type: TRIGGER; Schema: public; Owner: -
--

CREATE TRIGGER sample_property_with_material_data_type_check
    BEFORE INSERT OR UPDATE ON sample_properties
    FOR EACH ROW
    EXECUTE PROCEDURE sample_property_with_material_data_type_check();


--
-- Name: sample_subcode_uniqueness_check; Type: TRIGGER; Schema: public; Owner: -
--

CREATE TRIGGER sample_subcode_uniqueness_check
    BEFORE INSERT OR UPDATE ON samples
    FOR EACH ROW
    EXECUTE PROCEDURE sample_subcode_uniqueness_check();


--
-- Name: ag_dbin_fk; Type: FK CONSTRAINT; Schema: public; Owner: -
--

ALTER TABLE ONLY authorization_groups
    ADD CONSTRAINT ag_dbin_fk FOREIGN KEY (dbin_id) REFERENCES database_instances(id);


--
-- Name: ag_pers_fk; Type: FK CONSTRAINT; Schema: public; Owner: -
--

ALTER TABLE ONLY authorization_groups
    ADD CONSTRAINT ag_pers_fk FOREIGN KEY (pers_id_registerer) REFERENCES persons(id);


--
-- Name: agp_ag_fk; Type: FK CONSTRAINT; Schema: public; Owner: -
--

ALTER TABLE ONLY authorization_group_persons
    ADD CONSTRAINT agp_ag_fk FOREIGN KEY (ag_id) REFERENCES authorization_groups(id);


--
-- Name: agp_pers_fk; Type: FK CONSTRAINT; Schema: public; Owner: -
--

ALTER TABLE ONLY authorization_group_persons
    ADD CONSTRAINT agp_pers_fk FOREIGN KEY (pers_id) REFERENCES persons(id);


--
-- Name: atta_cont_fk; Type: FK CONSTRAINT; Schema: public; Owner: -
--

ALTER TABLE ONLY attachments
    ADD CONSTRAINT atta_cont_fk FOREIGN KEY (exac_id) REFERENCES attachment_contents(id);


--
-- Name: atta_expe_fk; Type: FK CONSTRAINT; Schema: public; Owner: -
--

ALTER TABLE ONLY attachments
    ADD CONSTRAINT atta_expe_fk FOREIGN KEY (expe_id) REFERENCES experiments(id);


--
-- Name: atta_pers_fk; Type: FK CONSTRAINT; Schema: public; Owner: -
--

ALTER TABLE ONLY attachments
    ADD CONSTRAINT atta_pers_fk FOREIGN KEY (pers_id_registerer) REFERENCES persons(id);


--
-- Name: atta_proj_fk; Type: FK CONSTRAINT; Schema: public; Owner: -
--

ALTER TABLE ONLY attachments
    ADD CONSTRAINT atta_proj_fk FOREIGN KEY (proj_id) REFERENCES projects(id);


--
-- Name: atta_samp_fk; Type: FK CONSTRAINT; Schema: public; Owner: -
--

ALTER TABLE ONLY attachments
    ADD CONSTRAINT atta_samp_fk FOREIGN KEY (samp_id) REFERENCES samples(id);


--
-- Name: covo_dbin_fk; Type: FK CONSTRAINT; Schema: public; Owner: -
--

ALTER TABLE ONLY controlled_vocabularies
    ADD CONSTRAINT covo_dbin_fk FOREIGN KEY (dbin_id) REFERENCES database_instances(id);


--
-- Name: covo_pers_fk; Type: FK CONSTRAINT; Schema: public; Owner: -
--

ALTER TABLE ONLY controlled_vocabularies
    ADD CONSTRAINT covo_pers_fk FOREIGN KEY (pers_id_registerer) REFERENCES persons(id);


--
-- Name: cvte_covo_fk; Type: FK CONSTRAINT; Schema: public; Owner: -
--

ALTER TABLE ONLY controlled_vocabulary_terms
    ADD CONSTRAINT cvte_covo_fk FOREIGN KEY (covo_id) REFERENCES controlled_vocabularies(id);


--
-- Name: cvte_pers_fk; Type: FK CONSTRAINT; Schema: public; Owner: -
--

ALTER TABLE ONLY controlled_vocabulary_terms
    ADD CONSTRAINT cvte_pers_fk FOREIGN KEY (pers_id_registerer) REFERENCES persons(id);


--
-- Name: dast_dbin_fk; Type: FK CONSTRAINT; Schema: public; Owner: -
--

ALTER TABLE ONLY data_stores
    ADD CONSTRAINT dast_dbin_fk FOREIGN KEY (dbin_id) REFERENCES database_instances(id);


--
-- Name: data_dast_fk; Type: FK CONSTRAINT; Schema: public; Owner: -
--

ALTER TABLE ONLY data
    ADD CONSTRAINT data_dast_fk FOREIGN KEY (dast_id) REFERENCES data_stores(id);


--
-- Name: data_dsty_fk; Type: FK CONSTRAINT; Schema: public; Owner: -
--

ALTER TABLE ONLY data
    ADD CONSTRAINT data_dsty_fk FOREIGN KEY (dsty_id) REFERENCES data_set_types(id);


--
-- Name: data_expe_fk; Type: FK CONSTRAINT; Schema: public; Owner: -
--

ALTER TABLE ONLY data
    ADD CONSTRAINT data_expe_fk FOREIGN KEY (expe_id) REFERENCES experiments(id);


--
-- Name: data_samp_fk; Type: FK CONSTRAINT; Schema: public; Owner: -
--

ALTER TABLE ONLY data
    ADD CONSTRAINT data_samp_fk FOREIGN KEY (samp_id) REFERENCES samples(id);


--
-- Name: dspr_cvte_fk; Type: FK CONSTRAINT; Schema: public; Owner: -
--

ALTER TABLE ONLY data_set_properties
    ADD CONSTRAINT dspr_cvte_fk FOREIGN KEY (cvte_id) REFERENCES controlled_vocabulary_terms(id);


--
-- Name: dspr_ds_fk; Type: FK CONSTRAINT; Schema: public; Owner: -
--

ALTER TABLE ONLY data_set_properties
    ADD CONSTRAINT dspr_ds_fk FOREIGN KEY (ds_id) REFERENCES data(id);


--
-- Name: dspr_dstpt_fk; Type: FK CONSTRAINT; Schema: public; Owner: -
--

ALTER TABLE ONLY data_set_properties
    ADD CONSTRAINT dspr_dstpt_fk FOREIGN KEY (dstpt_id) REFERENCES data_set_type_property_types(id) ON DELETE CASCADE;


--
-- Name: dspr_mapr_fk; Type: FK CONSTRAINT; Schema: public; Owner: -
--

ALTER TABLE ONLY data_set_properties
    ADD CONSTRAINT dspr_mapr_fk FOREIGN KEY (mate_prop_id) REFERENCES materials(id);


--
-- Name: dspr_pers_fk; Type: FK CONSTRAINT; Schema: public; Owner: -
--

ALTER TABLE ONLY data_set_properties
    ADD CONSTRAINT dspr_pers_fk FOREIGN KEY (pers_id_registerer) REFERENCES persons(id);


--
-- Name: dsre_data_fk_child; Type: FK CONSTRAINT; Schema: public; Owner: -
--

ALTER TABLE ONLY data_set_relationships
    ADD CONSTRAINT dsre_data_fk_child FOREIGN KEY (data_id_child) REFERENCES data(id);


--
-- Name: dsre_data_fk_parent; Type: FK CONSTRAINT; Schema: public; Owner: -
--

ALTER TABLE ONLY data_set_relationships
    ADD CONSTRAINT dsre_data_fk_parent FOREIGN KEY (data_id_parent) REFERENCES data(id);


--
-- Name: dssdst_ds_fk; Type: FK CONSTRAINT; Schema: public; Owner: -
--

ALTER TABLE ONLY data_store_service_data_set_types
    ADD CONSTRAINT dssdst_ds_fk FOREIGN KEY (data_store_service_id) REFERENCES data_store_services(id) ON DELETE CASCADE;


--
-- Name: dssdst_dst_fk; Type: FK CONSTRAINT; Schema: public; Owner: -
--

ALTER TABLE ONLY data_store_service_data_set_types
    ADD CONSTRAINT dssdst_dst_fk FOREIGN KEY (data_set_type_id) REFERENCES data_set_types(id) ON DELETE CASCADE;


--
-- Name: dsse_ds_fk; Type: FK CONSTRAINT; Schema: public; Owner: -
--

ALTER TABLE ONLY data_store_services
    ADD CONSTRAINT dsse_ds_fk FOREIGN KEY (data_store_id) REFERENCES data_stores(id) ON DELETE CASCADE;


--
-- Name: dstpt_dsty_fk; Type: FK CONSTRAINT; Schema: public; Owner: -
--

ALTER TABLE ONLY data_set_type_property_types
    ADD CONSTRAINT dstpt_dsty_fk FOREIGN KEY (dsty_id) REFERENCES data_set_types(id) ON DELETE CASCADE;


--
-- Name: dstpt_pers_fk; Type: FK CONSTRAINT; Schema: public; Owner: -
--

ALTER TABLE ONLY data_set_type_property_types
    ADD CONSTRAINT dstpt_pers_fk FOREIGN KEY (pers_id_registerer) REFERENCES persons(id);


--
-- Name: dstpt_prty_fk; Type: FK CONSTRAINT; Schema: public; Owner: -
--

ALTER TABLE ONLY data_set_type_property_types
    ADD CONSTRAINT dstpt_prty_fk FOREIGN KEY (prty_id) REFERENCES property_types(id) ON DELETE CASCADE;


--
-- Name: dsty_dbin_fk; Type: FK CONSTRAINT; Schema: public; Owner: -
--

ALTER TABLE ONLY data_set_types
    ADD CONSTRAINT dsty_dbin_fk FOREIGN KEY (dbin_id) REFERENCES database_instances(id);


--
-- Name: etpt_exty_fk; Type: FK CONSTRAINT; Schema: public; Owner: -
--

ALTER TABLE ONLY experiment_type_property_types
    ADD CONSTRAINT etpt_exty_fk FOREIGN KEY (exty_id) REFERENCES experiment_types(id) ON DELETE CASCADE;


--
-- Name: etpt_pers_fk; Type: FK CONSTRAINT; Schema: public; Owner: -
--

ALTER TABLE ONLY experiment_type_property_types
    ADD CONSTRAINT etpt_pers_fk FOREIGN KEY (pers_id_registerer) REFERENCES persons(id);


--
-- Name: etpt_prty_fk; Type: FK CONSTRAINT; Schema: public; Owner: -
--

ALTER TABLE ONLY experiment_type_property_types
    ADD CONSTRAINT etpt_prty_fk FOREIGN KEY (prty_id) REFERENCES property_types(id) ON DELETE CASCADE;


--
-- Name: evnt_pers_fk; Type: FK CONSTRAINT; Schema: public; Owner: -
--

ALTER TABLE ONLY events
    ADD CONSTRAINT evnt_pers_fk FOREIGN KEY (pers_id_registerer) REFERENCES persons(id);


--
-- Name: exda_cvte_fk; Type: FK CONSTRAINT; Schema: public; Owner: -
--

ALTER TABLE ONLY external_data
    ADD CONSTRAINT exda_cvte_fk FOREIGN KEY (cvte_id_stor_fmt) REFERENCES controlled_vocabulary_terms(id);


--
-- Name: exda_cvte_stored_on_fk; Type: FK CONSTRAINT; Schema: public; Owner: -
--

ALTER TABLE ONLY external_data
    ADD CONSTRAINT exda_cvte_stored_on_fk FOREIGN KEY (cvte_id_store) REFERENCES controlled_vocabulary_terms(id);


--
-- Name: exda_data_fk; Type: FK CONSTRAINT; Schema: public; Owner: -
--

ALTER TABLE ONLY external_data
    ADD CONSTRAINT exda_data_fk FOREIGN KEY (data_id) REFERENCES data(id);


--
-- Name: exda_ffty_fk; Type: FK CONSTRAINT; Schema: public; Owner: -
--

ALTER TABLE ONLY external_data
    ADD CONSTRAINT exda_ffty_fk FOREIGN KEY (ffty_id) REFERENCES file_format_types(id);


--
-- Name: exda_loty_fk; Type: FK CONSTRAINT; Schema: public; Owner: -
--

ALTER TABLE ONLY external_data
    ADD CONSTRAINT exda_loty_fk FOREIGN KEY (loty_id) REFERENCES locator_types(id);


--
-- Name: expe_exty_fk; Type: FK CONSTRAINT; Schema: public; Owner: -
--

ALTER TABLE ONLY experiments
    ADD CONSTRAINT expe_exty_fk FOREIGN KEY (exty_id) REFERENCES experiment_types(id);


--
-- Name: expe_inva_fk; Type: FK CONSTRAINT; Schema: public; Owner: -
--

ALTER TABLE ONLY experiments
    ADD CONSTRAINT expe_inva_fk FOREIGN KEY (inva_id) REFERENCES invalidations(id);


--
-- Name: expe_mate_fk; Type: FK CONSTRAINT; Schema: public; Owner: -
--

ALTER TABLE ONLY experiments
    ADD CONSTRAINT expe_mate_fk FOREIGN KEY (mate_id_study_object) REFERENCES materials(id);


--
-- Name: expe_pers_fk; Type: FK CONSTRAINT; Schema: public; Owner: -
--

ALTER TABLE ONLY experiments
    ADD CONSTRAINT expe_pers_fk FOREIGN KEY (pers_id_registerer) REFERENCES persons(id);


--
-- Name: expe_proj_fk; Type: FK CONSTRAINT; Schema: public; Owner: -
--

ALTER TABLE ONLY experiments
    ADD CONSTRAINT expe_proj_fk FOREIGN KEY (proj_id) REFERENCES projects(id);


--
-- Name: expr_cvte_fk; Type: FK CONSTRAINT; Schema: public; Owner: -
--

ALTER TABLE ONLY experiment_properties
    ADD CONSTRAINT expr_cvte_fk FOREIGN KEY (cvte_id) REFERENCES controlled_vocabulary_terms(id);


--
-- Name: expr_etpt_fk; Type: FK CONSTRAINT; Schema: public; Owner: -
--

ALTER TABLE ONLY experiment_properties
    ADD CONSTRAINT expr_etpt_fk FOREIGN KEY (etpt_id) REFERENCES experiment_type_property_types(id) ON DELETE CASCADE;


--
-- Name: expr_expe_fk; Type: FK CONSTRAINT; Schema: public; Owner: -
--

ALTER TABLE ONLY experiment_properties
    ADD CONSTRAINT expr_expe_fk FOREIGN KEY (expe_id) REFERENCES experiments(id);


--
-- Name: expr_mapr_fk; Type: FK CONSTRAINT; Schema: public; Owner: -
--

ALTER TABLE ONLY experiment_properties
    ADD CONSTRAINT expr_mapr_fk FOREIGN KEY (mate_prop_id) REFERENCES materials(id);


--
-- Name: expr_pers_fk; Type: FK CONSTRAINT; Schema: public; Owner: -
--

ALTER TABLE ONLY experiment_properties
    ADD CONSTRAINT expr_pers_fk FOREIGN KEY (pers_id_registerer) REFERENCES persons(id);


--
-- Name: exty_dbin_fk; Type: FK CONSTRAINT; Schema: public; Owner: -
--

ALTER TABLE ONLY experiment_types
    ADD CONSTRAINT exty_dbin_fk FOREIGN KEY (dbin_id) REFERENCES database_instances(id);


--
-- Name: ffty_dbin_fk; Type: FK CONSTRAINT; Schema: public; Owner: -
--

ALTER TABLE ONLY file_format_types
    ADD CONSTRAINT ffty_dbin_fk FOREIGN KEY (dbin_id) REFERENCES database_instances(id);


--
-- Name: filt_dbin_fk; Type: FK CONSTRAINT; Schema: public; Owner: -
--

ALTER TABLE ONLY filters
    ADD CONSTRAINT filt_dbin_fk FOREIGN KEY (dbin_id) REFERENCES database_instances(id);


--
-- Name: filt_pers_fk; Type: FK CONSTRAINT; Schema: public; Owner: -
--

ALTER TABLE ONLY filters
    ADD CONSTRAINT filt_pers_fk FOREIGN KEY (pers_id_registerer) REFERENCES persons(id);


--
-- Name: grid_custom_columns_dbin_fk; Type: FK CONSTRAINT; Schema: public; Owner: -
--

ALTER TABLE ONLY grid_custom_columns
    ADD CONSTRAINT grid_custom_columns_dbin_fk FOREIGN KEY (dbin_id) REFERENCES database_instances(id);


--
-- Name: grid_custom_columns_pers_fk; Type: FK CONSTRAINT; Schema: public; Owner: -
--

ALTER TABLE ONLY grid_custom_columns
    ADD CONSTRAINT grid_custom_columns_pers_fk FOREIGN KEY (pers_id_registerer) REFERENCES persons(id);


--
-- Name: grou_dbin_fk; Type: FK CONSTRAINT; Schema: public; Owner: -
--

ALTER TABLE ONLY groups
    ADD CONSTRAINT grou_dbin_fk FOREIGN KEY (dbin_id) REFERENCES database_instances(id);


--
-- Name: grou_pers_fk_registerer; Type: FK CONSTRAINT; Schema: public; Owner: -
--

ALTER TABLE ONLY groups
    ADD CONSTRAINT grou_pers_fk_registerer FOREIGN KEY (pers_id_registerer) REFERENCES persons(id);


--
-- Name: inva_pers_fk; Type: FK CONSTRAINT; Schema: public; Owner: -
--

ALTER TABLE ONLY invalidations
    ADD CONSTRAINT inva_pers_fk FOREIGN KEY (pers_id_registerer) REFERENCES persons(id);


--
-- Name: mapr_cvte_fk; Type: FK CONSTRAINT; Schema: public; Owner: -
--

ALTER TABLE ONLY material_properties
    ADD CONSTRAINT mapr_cvte_fk FOREIGN KEY (cvte_id) REFERENCES controlled_vocabulary_terms(id);


--
-- Name: mapr_mapr_fk; Type: FK CONSTRAINT; Schema: public; Owner: -
--

ALTER TABLE ONLY material_properties
    ADD CONSTRAINT mapr_mapr_fk FOREIGN KEY (mate_prop_id) REFERENCES materials(id);


--
-- Name: mapr_mate_fk; Type: FK CONSTRAINT; Schema: public; Owner: -
--

ALTER TABLE ONLY material_properties
    ADD CONSTRAINT mapr_mate_fk FOREIGN KEY (mate_id) REFERENCES materials(id);


--
-- Name: mapr_mtpt_fk; Type: FK CONSTRAINT; Schema: public; Owner: -
--

ALTER TABLE ONLY material_properties
    ADD CONSTRAINT mapr_mtpt_fk FOREIGN KEY (mtpt_id) REFERENCES material_type_property_types(id) ON DELETE CASCADE;


--
-- Name: mapr_pers_fk; Type: FK CONSTRAINT; Schema: public; Owner: -
--

ALTER TABLE ONLY material_properties
    ADD CONSTRAINT mapr_pers_fk FOREIGN KEY (pers_id_registerer) REFERENCES persons(id);


--
-- Name: mate_dbin_fk; Type: FK CONSTRAINT; Schema: public; Owner: -
--

ALTER TABLE ONLY materials
    ADD CONSTRAINT mate_dbin_fk FOREIGN KEY (dbin_id) REFERENCES database_instances(id);


--
-- Name: mate_maty_fk; Type: FK CONSTRAINT; Schema: public; Owner: -
--

ALTER TABLE ONLY materials
    ADD CONSTRAINT mate_maty_fk FOREIGN KEY (maty_id) REFERENCES material_types(id);


--
-- Name: mate_pers_fk; Type: FK CONSTRAINT; Schema: public; Owner: -
--

ALTER TABLE ONLY materials
    ADD CONSTRAINT mate_pers_fk FOREIGN KEY (pers_id_registerer) REFERENCES persons(id);


--
-- Name: maty_dbin_fk; Type: FK CONSTRAINT; Schema: public; Owner: -
--

ALTER TABLE ONLY material_types
    ADD CONSTRAINT maty_dbin_fk FOREIGN KEY (dbin_id) REFERENCES database_instances(id);


--
-- Name: mtpt_maty_fk; Type: FK CONSTRAINT; Schema: public; Owner: -
--

ALTER TABLE ONLY material_type_property_types
    ADD CONSTRAINT mtpt_maty_fk FOREIGN KEY (maty_id) REFERENCES material_types(id) ON DELETE CASCADE;


--
-- Name: mtpt_pers_fk; Type: FK CONSTRAINT; Schema: public; Owner: -
--

ALTER TABLE ONLY material_type_property_types
    ADD CONSTRAINT mtpt_pers_fk FOREIGN KEY (pers_id_registerer) REFERENCES persons(id);


--
-- Name: mtpt_prty_fk; Type: FK CONSTRAINT; Schema: public; Owner: -
--

ALTER TABLE ONLY material_type_property_types
    ADD CONSTRAINT mtpt_prty_fk FOREIGN KEY (prty_id) REFERENCES property_types(id) ON DELETE CASCADE;


--
-- Name: pers_dbin_fk; Type: FK CONSTRAINT; Schema: public; Owner: -
--

ALTER TABLE ONLY persons
    ADD CONSTRAINT pers_dbin_fk FOREIGN KEY (dbin_id) REFERENCES database_instances(id);


--
-- Name: pers_grou_fk; Type: FK CONSTRAINT; Schema: public; Owner: -
--

ALTER TABLE ONLY persons
    ADD CONSTRAINT pers_grou_fk FOREIGN KEY (grou_id) REFERENCES groups(id);


--
-- Name: pers_pers_fk; Type: FK CONSTRAINT; Schema: public; Owner: -
--

ALTER TABLE ONLY persons
    ADD CONSTRAINT pers_pers_fk FOREIGN KEY (pers_id_registerer) REFERENCES persons(id);


--
-- Name: proj_grou_fk; Type: FK CONSTRAINT; Schema: public; Owner: -
--

ALTER TABLE ONLY projects
    ADD CONSTRAINT proj_grou_fk FOREIGN KEY (grou_id) REFERENCES groups(id);


--
-- Name: proj_pers_fk_leader; Type: FK CONSTRAINT; Schema: public; Owner: -
--

ALTER TABLE ONLY projects
    ADD CONSTRAINT proj_pers_fk_leader FOREIGN KEY (pers_id_leader) REFERENCES persons(id);


--
-- Name: proj_pers_fk_registerer; Type: FK CONSTRAINT; Schema: public; Owner: -
--

ALTER TABLE ONLY projects
    ADD CONSTRAINT proj_pers_fk_registerer FOREIGN KEY (pers_id_registerer) REFERENCES persons(id);


--
-- Name: prty_covo_fk; Type: FK CONSTRAINT; Schema: public; Owner: -
--

ALTER TABLE ONLY property_types
    ADD CONSTRAINT prty_covo_fk FOREIGN KEY (covo_id) REFERENCES controlled_vocabularies(id);


--
-- Name: prty_daty_fk; Type: FK CONSTRAINT; Schema: public; Owner: -
--

ALTER TABLE ONLY property_types
    ADD CONSTRAINT prty_daty_fk FOREIGN KEY (daty_id) REFERENCES data_types(id);


--
-- Name: prty_dbin_fk; Type: FK CONSTRAINT; Schema: public; Owner: -
--

ALTER TABLE ONLY property_types
    ADD CONSTRAINT prty_dbin_fk FOREIGN KEY (dbin_id) REFERENCES database_instances(id);


--
-- Name: prty_maty_fk; Type: FK CONSTRAINT; Schema: public; Owner: -
--

ALTER TABLE ONLY property_types
    ADD CONSTRAINT prty_maty_fk FOREIGN KEY (maty_prop_id) REFERENCES material_types(id) ON DELETE CASCADE;


--
-- Name: prty_pers_fk; Type: FK CONSTRAINT; Schema: public; Owner: -
--

ALTER TABLE ONLY property_types
    ADD CONSTRAINT prty_pers_fk FOREIGN KEY (pers_id_registerer) REFERENCES persons(id);


--
-- Name: quer_dbin_fk; Type: FK CONSTRAINT; Schema: public; Owner: -
--

ALTER TABLE ONLY queries
    ADD CONSTRAINT quer_dbin_fk FOREIGN KEY (dbin_id) REFERENCES database_instances(id);


--
-- Name: quer_pers_fk; Type: FK CONSTRAINT; Schema: public; Owner: -
--

ALTER TABLE ONLY queries
    ADD CONSTRAINT quer_pers_fk FOREIGN KEY (pers_id_registerer) REFERENCES persons(id);


--
-- Name: roas_ag_fk_grantee; Type: FK CONSTRAINT; Schema: public; Owner: -
--

ALTER TABLE ONLY role_assignments
    ADD CONSTRAINT roas_ag_fk_grantee FOREIGN KEY (ag_id_grantee) REFERENCES authorization_groups(id);


--
-- Name: roas_dbin_fk; Type: FK CONSTRAINT; Schema: public; Owner: -
--

ALTER TABLE ONLY role_assignments
    ADD CONSTRAINT roas_dbin_fk FOREIGN KEY (dbin_id) REFERENCES database_instances(id);


--
-- Name: roas_grou_fk; Type: FK CONSTRAINT; Schema: public; Owner: -
--

ALTER TABLE ONLY role_assignments
    ADD CONSTRAINT roas_grou_fk FOREIGN KEY (grou_id) REFERENCES groups(id);


--
-- Name: roas_pers_fk_grantee; Type: FK CONSTRAINT; Schema: public; Owner: -
--

ALTER TABLE ONLY role_assignments
    ADD CONSTRAINT roas_pers_fk_grantee FOREIGN KEY (pers_id_grantee) REFERENCES persons(id);


--
-- Name: roas_pers_fk_registerer; Type: FK CONSTRAINT; Schema: public; Owner: -
--

ALTER TABLE ONLY role_assignments
    ADD CONSTRAINT roas_pers_fk_registerer FOREIGN KEY (pers_id_registerer) REFERENCES persons(id);


--
-- Name: samp_dbin_fk; Type: FK CONSTRAINT; Schema: public; Owner: -
--

ALTER TABLE ONLY samples
    ADD CONSTRAINT samp_dbin_fk FOREIGN KEY (dbin_id) REFERENCES database_instances(id);


--
-- Name: samp_expe_fk; Type: FK CONSTRAINT; Schema: public; Owner: -
--

ALTER TABLE ONLY samples
    ADD CONSTRAINT samp_expe_fk FOREIGN KEY (expe_id) REFERENCES experiments(id);


--
-- Name: samp_grou_fk; Type: FK CONSTRAINT; Schema: public; Owner: -
--

ALTER TABLE ONLY samples
    ADD CONSTRAINT samp_grou_fk FOREIGN KEY (grou_id) REFERENCES groups(id);


--
-- Name: samp_inva_fk; Type: FK CONSTRAINT; Schema: public; Owner: -
--

ALTER TABLE ONLY samples
    ADD CONSTRAINT samp_inva_fk FOREIGN KEY (inva_id) REFERENCES invalidations(id);


--
-- Name: samp_pers_fk; Type: FK CONSTRAINT; Schema: public; Owner: -
--

ALTER TABLE ONLY samples
    ADD CONSTRAINT samp_pers_fk FOREIGN KEY (pers_id_registerer) REFERENCES persons(id);


--
-- Name: samp_samp_fk_control_layout; Type: FK CONSTRAINT; Schema: public; Owner: -
--

ALTER TABLE ONLY samples
    ADD CONSTRAINT samp_samp_fk_control_layout FOREIGN KEY (samp_id_control_layout) REFERENCES samples(id);


--
-- Name: samp_samp_fk_generated_from; Type: FK CONSTRAINT; Schema: public; Owner: -
--

ALTER TABLE ONLY samples
    ADD CONSTRAINT samp_samp_fk_generated_from FOREIGN KEY (samp_id_generated_from) REFERENCES samples(id);


--
-- Name: samp_samp_fk_part_of; Type: FK CONSTRAINT; Schema: public; Owner: -
--

ALTER TABLE ONLY samples
    ADD CONSTRAINT samp_samp_fk_part_of FOREIGN KEY (samp_id_part_of) REFERENCES samples(id);


--
-- Name: samp_samp_fk_top; Type: FK CONSTRAINT; Schema: public; Owner: -
--

ALTER TABLE ONLY samples
    ADD CONSTRAINT samp_samp_fk_top FOREIGN KEY (samp_id_top) REFERENCES samples(id);


--
-- Name: samp_saty_fk; Type: FK CONSTRAINT; Schema: public; Owner: -
--

ALTER TABLE ONLY samples
    ADD CONSTRAINT samp_saty_fk FOREIGN KEY (saty_id) REFERENCES sample_types(id);


--
-- Name: sapr_cvte_fk; Type: FK CONSTRAINT; Schema: public; Owner: -
--

ALTER TABLE ONLY sample_properties
    ADD CONSTRAINT sapr_cvte_fk FOREIGN KEY (cvte_id) REFERENCES controlled_vocabulary_terms(id);


--
-- Name: sapr_mapr_fk; Type: FK CONSTRAINT; Schema: public; Owner: -
--

ALTER TABLE ONLY sample_properties
    ADD CONSTRAINT sapr_mapr_fk FOREIGN KEY (mate_prop_id) REFERENCES materials(id);


--
-- Name: sapr_pers_fk; Type: FK CONSTRAINT; Schema: public; Owner: -
--

ALTER TABLE ONLY sample_properties
    ADD CONSTRAINT sapr_pers_fk FOREIGN KEY (pers_id_registerer) REFERENCES persons(id);


--
-- Name: sapr_samp_fk; Type: FK CONSTRAINT; Schema: public; Owner: -
--

ALTER TABLE ONLY sample_properties
    ADD CONSTRAINT sapr_samp_fk FOREIGN KEY (samp_id) REFERENCES samples(id);


--
-- Name: sapr_stpt_fk; Type: FK CONSTRAINT; Schema: public; Owner: -
--

ALTER TABLE ONLY sample_properties
    ADD CONSTRAINT sapr_stpt_fk FOREIGN KEY (stpt_id) REFERENCES sample_type_property_types(id) ON DELETE CASCADE;


--
-- Name: saty_dbin_fk; Type: FK CONSTRAINT; Schema: public; Owner: -
--

ALTER TABLE ONLY sample_types
    ADD CONSTRAINT saty_dbin_fk FOREIGN KEY (dbin_id) REFERENCES database_instances(id);


--
-- Name: stpt_pers_fk; Type: FK CONSTRAINT; Schema: public; Owner: -
--

ALTER TABLE ONLY sample_type_property_types
    ADD CONSTRAINT stpt_pers_fk FOREIGN KEY (pers_id_registerer) REFERENCES persons(id);


--
-- Name: stpt_prty_fk; Type: FK CONSTRAINT; Schema: public; Owner: -
--

ALTER TABLE ONLY sample_type_property_types
    ADD CONSTRAINT stpt_prty_fk FOREIGN KEY (prty_id) REFERENCES property_types(id) ON DELETE CASCADE;


--
-- Name: stpt_saty_fk; Type: FK CONSTRAINT; Schema: public; Owner: -
--

ALTER TABLE ONLY sample_type_property_types
    ADD CONSTRAINT stpt_saty_fk FOREIGN KEY (saty_id) REFERENCES sample_types(id) ON DELETE CASCADE;


--
-- PostgreSQL database dump complete
--

