--
-- PostgreSQL database dump
--

SET statement_timeout = 0;
SET client_encoding = 'UTF8';
SET standard_conforming_strings = off;
SET check_function_bodies = false;
SET client_min_messages = warning;
SET escape_string_warning = off;

--
-- Name: plpgsql; Type: PROCEDURAL LANGUAGE; Schema: -; Owner: -
--

CREATE PROCEDURAL LANGUAGE plpgsql;


SET search_path = public, pg_catalog;

--
-- Name: archiving_status; Type: DOMAIN; Schema: public; Owner: -
--

CREATE DOMAIN archiving_status AS character varying(100)
	CONSTRAINT archiving_status_check CHECK (((VALUE)::text = ANY (ARRAY[('LOCKED'::character varying)::text, ('AVAILABLE'::character varying)::text, ('ARCHIVED'::character varying)::text, ('ARCHIVE_PENDING'::character varying)::text, ('UNARCHIVE_PENDING'::character varying)::text])));


--
-- Name: authorization_role; Type: DOMAIN; Schema: public; Owner: -
--

CREATE DOMAIN authorization_role AS character varying(40)
	CONSTRAINT authorization_role_check CHECK (((VALUE)::text = ANY (ARRAY[('ADMIN'::character varying)::text, ('POWER_USER'::character varying)::text, ('USER'::character varying)::text, ('OBSERVER'::character varying)::text, ('ETL_SERVER'::character varying)::text])));


--
-- Name: boolean_char; Type: DOMAIN; Schema: public; Owner: -
--

CREATE DOMAIN boolean_char AS boolean DEFAULT false;


--
-- Name: boolean_char_or_unknown; Type: DOMAIN; Schema: public; Owner: -
--

CREATE DOMAIN boolean_char_or_unknown AS character(1) DEFAULT 'U'::bpchar
	CONSTRAINT boolean_char_or_unknown_check CHECK ((VALUE = ANY (ARRAY['F'::bpchar, 'T'::bpchar, 'U'::bpchar])));


--
-- Name: code; Type: DOMAIN; Schema: public; Owner: -
--

CREATE DOMAIN code AS character varying(60);


--
-- Name: column_label; Type: DOMAIN; Schema: public; Owner: -
--

CREATE DOMAIN column_label AS character varying(128);


--
-- Name: data_store_service_kind; Type: DOMAIN; Schema: public; Owner: -
--

CREATE DOMAIN data_store_service_kind AS character varying(40)
	CONSTRAINT data_store_service_kind_check CHECK (((VALUE)::text = ANY (ARRAY[('PROCESSING'::character varying)::text, ('QUERIES'::character varying)::text])));


--
-- Name: data_store_service_reporting_plugin_type; Type: DOMAIN; Schema: public; Owner: -
--

CREATE DOMAIN data_store_service_reporting_plugin_type AS character varying(40)
	CONSTRAINT data_store_service_reporting_plugin_type_check CHECK (((VALUE)::text = ANY ((ARRAY['TABLE_MODEL'::character varying, 'DSS_LINK'::character varying])::text[])));


--
-- Name: description_2000; Type: DOMAIN; Schema: public; Owner: -
--

CREATE DOMAIN description_2000 AS character varying(2000);


--
-- Name: event_type; Type: DOMAIN; Schema: public; Owner: -
--

CREATE DOMAIN event_type AS character varying(40)
	CONSTRAINT event_type_check CHECK (((VALUE)::text = ANY (ARRAY[('DELETION'::character varying)::text, ('INVALIDATION'::character varying)::text, ('MOVEMENT'::character varying)::text])));


--
-- Name: file; Type: DOMAIN; Schema: public; Owner: -
--

CREATE DOMAIN file AS bytea;


--
-- Name: file_name; Type: DOMAIN; Schema: public; Owner: -
--

CREATE DOMAIN file_name AS character varying(100);


--
-- Name: grid_expression; Type: DOMAIN; Schema: public; Owner: -
--

CREATE DOMAIN grid_expression AS character varying(2000);


--
-- Name: grid_id; Type: DOMAIN; Schema: public; Owner: -
--

CREATE DOMAIN grid_id AS character varying(200);


--
-- Name: object_name; Type: DOMAIN; Schema: public; Owner: -
--

CREATE DOMAIN object_name AS character varying(50);


--
-- Name: ordinal_int; Type: DOMAIN; Schema: public; Owner: -
--

CREATE DOMAIN ordinal_int AS bigint
	CONSTRAINT ordinal_int_check CHECK ((VALUE > 0));


--
-- Name: query_type; Type: DOMAIN; Schema: public; Owner: -
--

CREATE DOMAIN query_type AS character varying(40)
	CONSTRAINT query_type_check CHECK (((VALUE)::text = ANY ((ARRAY['GENERIC'::character varying, 'EXPERIMENT'::character varying, 'SAMPLE'::character varying, 'DATA_SET'::character varying, 'MATERIAL'::character varying])::text[])));


--
-- Name: real_value; Type: DOMAIN; Schema: public; Owner: -
--

CREATE DOMAIN real_value AS real;


--
-- Name: tech_id; Type: DOMAIN; Schema: public; Owner: -
--

CREATE DOMAIN tech_id AS bigint;


--
-- Name: text_value; Type: DOMAIN; Schema: public; Owner: -
--

CREATE DOMAIN text_value AS text;


--
-- Name: time_stamp; Type: DOMAIN; Schema: public; Owner: -
--

CREATE DOMAIN time_stamp AS timestamp with time zone;


--
-- Name: time_stamp_dfl; Type: DOMAIN; Schema: public; Owner: -
--

CREATE DOMAIN time_stamp_dfl AS timestamp with time zone NOT NULL DEFAULT now();


--
-- Name: title_100; Type: DOMAIN; Schema: public; Owner: -
--

CREATE DOMAIN title_100 AS character varying(100);


--
-- Name: user_id; Type: DOMAIN; Schema: public; Owner: -
--

CREATE DOMAIN user_id AS character varying(50);


--
-- Name: controlled_vocabulary_check(); Type: FUNCTION; Schema: public; Owner: -
--

CREATE FUNCTION controlled_vocabulary_check() RETURNS trigger
    LANGUAGE plpgsql
    AS $$
DECLARE
   v_code  CODE;
BEGIN

   select code into v_code from data_types where id = NEW.daty_id;

   -- Check if the data is of type "CONTROLLEDVOCABULARY"
   if v_code = 'CONTROLLEDVOCABULARY' then
      if NEW.covo_id IS NULL then
         RAISE EXCEPTION 'Insert/Update of Property Type (Code: %) failed, as its Data Type is CONTROLLEDVOCABULARY, but it is not linked to a Controlled Vocabulary.', NEW.code;
      end if;
   end if;

   RETURN NEW;

END;
$$;


--
-- Name: data_set_property_with_material_data_type_check(); Type: FUNCTION; Schema: public; Owner: -
--

CREATE FUNCTION data_set_property_with_material_data_type_check() RETURNS trigger
    LANGUAGE plpgsql
    AS $$
DECLARE
   v_type_id  CODE;
   v_type_id_prop  CODE;
BEGIN
   if NEW.mate_prop_id IS NOT NULL then
			-- find material type id of the property type 
			select pt.maty_prop_id into v_type_id_prop 
			  from data_set_type_property_types dstpt, property_types pt 
			 where NEW.dstpt_id = dstpt.id AND dstpt.prty_id = pt.id;
		
			if v_type_id_prop IS NOT NULL then
				-- find material type id of the material which consists the entity's property value
				select entity.maty_id into v_type_id 
				  from materials entity
				 where NEW.mate_prop_id = entity.id;
				if v_type_id != v_type_id_prop then
					RAISE EXCEPTION 'Insert/Update of property value referencing material (id: %) failed, as referenced material type is different than expected (id %, expected id: %).', 
												 NEW.mate_prop_id, v_type_id, v_type_id_prop;
				end if;
			end if;
   end if;
   RETURN NEW;
END;
$$;


--
-- Name: experiment_property_with_material_data_type_check(); Type: FUNCTION; Schema: public; Owner: -
--

CREATE FUNCTION experiment_property_with_material_data_type_check() RETURNS trigger
    LANGUAGE plpgsql
    AS $$
DECLARE
   v_type_id  CODE;
   v_type_id_prop  CODE;
BEGIN
   if NEW.mate_prop_id IS NOT NULL then
			-- find material type id of the property type 
			select pt.maty_prop_id into v_type_id_prop 
			  from experiment_type_property_types etpt, property_types pt 
			 where NEW.etpt_id = etpt.id AND etpt.prty_id = pt.id;
		
			if v_type_id_prop IS NOT NULL then
				-- find material type id of the material which consists the entity's property value
				select entity.maty_id into v_type_id 
				  from materials entity
				 where NEW.mate_prop_id = entity.id;
				if v_type_id != v_type_id_prop then
					RAISE EXCEPTION 'Insert/Update of property value referencing material (id: %) failed, as referenced material type is different than expected (id %, expected id: %).', 
												 NEW.mate_prop_id, v_type_id, v_type_id_prop;
				end if;
			end if;
   end if;
   RETURN NEW;
END;
$$;


--
-- Name: external_data_storage_format_check(); Type: FUNCTION; Schema: public; Owner: -
--

CREATE FUNCTION external_data_storage_format_check() RETURNS trigger
    LANGUAGE plpgsql
    AS $$
DECLARE
   v_covo_code  CODE;
   data_code CODE;
BEGIN

   select code into v_covo_code from controlled_vocabularies
      where is_internal_namespace = true and 
         id = (select covo_id from controlled_vocabulary_terms where id = NEW.cvte_id_stor_fmt);
   -- Check if the data storage format is a term of the controlled vocabulary "STORAGE_FORMAT"
   if v_covo_code != 'STORAGE_FORMAT' then
      select code into data_code from data where id = NEW.data_id; 
      RAISE EXCEPTION 'Insert/Update of Data (Code: %) failed, as its Storage Format is %, but is required to be STORAGE_FORMAT.', data_code, v_covo_code;
   end if;

   RETURN NEW;

END;
$$;


--
-- Name: material_property_with_material_data_type_check(); Type: FUNCTION; Schema: public; Owner: -
--

CREATE FUNCTION material_property_with_material_data_type_check() RETURNS trigger
    LANGUAGE plpgsql
    AS $$
DECLARE
   v_type_id  CODE;
   v_type_id_prop  CODE;
BEGIN
   if NEW.mate_prop_id IS NOT NULL then
			-- find material type id of the property type 
			select pt.maty_prop_id into v_type_id_prop 
			  from material_type_property_types etpt, property_types pt 
			 where NEW.mtpt_id = etpt.id AND etpt.prty_id = pt.id;
		
			if v_type_id_prop IS NOT NULL then
				-- find material type id of the material which consists the entity's property value
				select entity.maty_id into v_type_id 
				  from materials entity
				 where NEW.mate_prop_id = entity.id;
				if v_type_id != v_type_id_prop then
					RAISE EXCEPTION 'Insert/Update of property value referencing material (id: %) failed, as referenced material type is different than expected (id %, expected id: %).', 
							 NEW.mate_prop_id, v_type_id, v_type_id_prop;
				end if;
			end if;
   end if;
   RETURN NEW;
END;
$$;


--
-- Name: rename_sequence(character varying, character varying); Type: FUNCTION; Schema: public; Owner: -
--

CREATE FUNCTION rename_sequence(old_name character varying, new_name character varying) RETURNS integer
    LANGUAGE plpgsql
    AS $$
DECLARE
  CURR_SEQ_VAL   INTEGER;
BEGIN
  SELECT INTO CURR_SEQ_VAL NEXTVAL(OLD_NAME);
  EXECUTE 'CREATE SEQUENCE ' || NEW_NAME || ' START WITH ' || CURR_SEQ_VAL;
  EXECUTE 'DROP SEQUENCE ' || OLD_NAME;
  RETURN CURR_SEQ_VAL;
END;
$$;


--
-- Name: sample_code_uniqueness_check(); Type: FUNCTION; Schema: public; Owner: -
--

CREATE FUNCTION sample_code_uniqueness_check() RETURNS trigger
    LANGUAGE plpgsql
    AS $$
DECLARE
   counter  INTEGER;
BEGIN
  LOCK TABLE samples IN EXCLUSIVE MODE;
  
	  IF (NEW.samp_id_part_of is NULL) THEN
		  IF (NEW.dbin_id is not NULL) THEN
			  SELECT count(*) into counter FROM samples 
		      where id != NEW.id and code = NEW.code and samp_id_part_of is NULL and dbin_id = NEW.dbin_id;
        IF (counter > 0) THEN
				  RAISE EXCEPTION 'Insert/Update of Sample (Code: %) failed because database instance sample with the same code already exists.', NEW.code;
        END IF;
		  ELSIF (NEW.grou_id is not NULL) THEN
			  SELECT count(*) into counter FROM samples 
				  where id != NEW.id and code = NEW.code and samp_id_part_of is NULL and grou_id = NEW.grou_id;
			  IF (counter > 0) THEN
				  RAISE EXCEPTION 'Insert/Update of Sample (Code: %) failed because space sample with the same code already exists.', NEW.code;
			  END IF;
      END IF;
    ELSE
		  IF (NEW.dbin_id is not NULL) THEN
			  SELECT count(*) into counter FROM samples 
				  where id != NEW.id and code = NEW.code and samp_id_part_of = NEW.samp_id_part_of and dbin_id = NEW.dbin_id;
			  IF (counter > 0) THEN
				  RAISE EXCEPTION 'Insert/Update of Sample (Code: %) failed because database instance sample with the same code and being the part of the same container already exists.', NEW.code;
			  END IF;
		  ELSIF (NEW.grou_id is not NULL) THEN
			  SELECT count(*) into counter FROM samples 
				  where id != NEW.id and code = NEW.code and samp_id_part_of = NEW.samp_id_part_of and grou_id = NEW.grou_id;
			  IF (counter > 0) THEN
				  RAISE EXCEPTION 'Insert/Update of Sample (Code: %) failed because space sample with the same code and being the part of the same container already exists.', NEW.code;
			  END IF;
		  END IF;
     END IF;   
  
  RETURN NEW;
END;
$$;


--
-- Name: sample_property_with_material_data_type_check(); Type: FUNCTION; Schema: public; Owner: -
--

CREATE FUNCTION sample_property_with_material_data_type_check() RETURNS trigger
    LANGUAGE plpgsql
    AS $$
DECLARE
   v_type_id  CODE;
   v_type_id_prop  CODE;
BEGIN
   if NEW.mate_prop_id IS NOT NULL then
			-- find material type id of the property type 
			select pt.maty_prop_id into v_type_id_prop 
			  from sample_type_property_types etpt, property_types pt 
			 where NEW.stpt_id = etpt.id AND etpt.prty_id = pt.id;
		
			if v_type_id_prop IS NOT NULL then
				-- find material type id of the material which consists the entity's property value
				select entity.maty_id into v_type_id 
				  from materials entity
				 where NEW.mate_prop_id = entity.id;
				if v_type_id != v_type_id_prop then
					RAISE EXCEPTION 'Insert/Update of property value referencing material (id: %) failed, as referenced material type is different than expected (id %, expected id: %).', 
												 NEW.mate_prop_id, v_type_id, v_type_id_prop;
				end if;
			end if;
   end if;
   RETURN NEW;
END;
$$;


--
-- Name: sample_subcode_uniqueness_check(); Type: FUNCTION; Schema: public; Owner: -
--

CREATE FUNCTION sample_subcode_uniqueness_check() RETURNS trigger
    LANGUAGE plpgsql
    AS $$
DECLARE
   counter  INTEGER;
   unique_subcode  BOOLEAN_CHAR;
BEGIN
  LOCK TABLE samples IN EXCLUSIVE MODE;
  
  SELECT is_subcode_unique into unique_subcode FROM sample_types WHERE id = NEW.saty_id;
  
  IF (unique_subcode) THEN
    IF (NEW.dbin_id is not NULL) THEN
			SELECT count(*) into counter FROM samples 
				where id != NEW.id and code = NEW.code and saty_id = NEW.saty_id and dbin_id = NEW.dbin_id;
			IF (counter > 0) THEN
				RAISE EXCEPTION 'Insert/Update of Sample (Code: %) failed because database instance sample of the same type with the same subcode already exists.', NEW.code;
			END IF;
		ELSIF (NEW.grou_id is not NULL) THEN
			SELECT count(*) into counter FROM samples 
				where id != NEW.id and code = NEW.code and saty_id = NEW.saty_id and grou_id = NEW.grou_id;
			IF (counter > 0) THEN
				RAISE EXCEPTION 'Insert/Update of Sample (Code: %) failed because space sample of the same type with the same subcode already exists.', NEW.code;
			END IF;
		END IF;
  END IF;
  
  RETURN NEW;
END;
$$;


--
-- Name: attachment_content_id_seq; Type: SEQUENCE; Schema: public; Owner: -
--

CREATE SEQUENCE attachment_content_id_seq
    START WITH 1
    INCREMENT BY 1
    NO MAXVALUE
    NO MINVALUE
    CACHE 1;


--
-- Name: attachment_content_id_seq; Type: SEQUENCE SET; Schema: public; Owner: -
--

SELECT pg_catalog.setval('attachment_content_id_seq', 1, false);


SET default_tablespace = '';

SET default_with_oids = false;

--
-- Name: attachment_contents; Type: TABLE; Schema: public; Owner: -; Tablespace: 
--

CREATE TABLE attachment_contents (
    id tech_id NOT NULL,
    value file NOT NULL
);


--
-- Name: attachment_id_seq; Type: SEQUENCE; Schema: public; Owner: -
--

CREATE SEQUENCE attachment_id_seq
    START WITH 1
    INCREMENT BY 1
    NO MAXVALUE
    NO MINVALUE
    CACHE 1;


--
-- Name: attachment_id_seq; Type: SEQUENCE SET; Schema: public; Owner: -
--

SELECT pg_catalog.setval('attachment_id_seq', 1, false);


--
-- Name: attachments; Type: TABLE; Schema: public; Owner: -; Tablespace: 
--

CREATE TABLE attachments (
    id tech_id NOT NULL,
    expe_id tech_id,
    samp_id tech_id,
    proj_id tech_id,
    exac_id tech_id NOT NULL,
    file_name file_name NOT NULL,
    registration_timestamp time_stamp_dfl DEFAULT now() NOT NULL,
    version integer NOT NULL,
    pers_id_registerer tech_id NOT NULL,
    title title_100,
    description description_2000,
    CONSTRAINT atta_arc_ck CHECK ((((((expe_id IS NOT NULL) AND (proj_id IS NULL)) AND (samp_id IS NULL)) OR (((expe_id IS NULL) AND (proj_id IS NOT NULL)) AND (samp_id IS NULL))) OR (((expe_id IS NULL) AND (proj_id IS NULL)) AND (samp_id IS NOT NULL))))
);


--
-- Name: authorization_group_id_seq; Type: SEQUENCE; Schema: public; Owner: -
--

CREATE SEQUENCE authorization_group_id_seq
    START WITH 1
    INCREMENT BY 1
    NO MAXVALUE
    NO MINVALUE
    CACHE 1;


--
-- Name: authorization_group_id_seq; Type: SEQUENCE SET; Schema: public; Owner: -
--

SELECT pg_catalog.setval('authorization_group_id_seq', 1, false);


--
-- Name: authorization_group_persons; Type: TABLE; Schema: public; Owner: -; Tablespace: 
--

CREATE TABLE authorization_group_persons (
    ag_id tech_id NOT NULL,
    pers_id tech_id NOT NULL
);


--
-- Name: authorization_groups; Type: TABLE; Schema: public; Owner: -; Tablespace: 
--

CREATE TABLE authorization_groups (
    id tech_id NOT NULL,
    dbin_id tech_id NOT NULL,
    code code NOT NULL,
    description description_2000,
    registration_timestamp time_stamp_dfl DEFAULT now() NOT NULL,
    pers_id_registerer tech_id NOT NULL,
    modification_timestamp time_stamp DEFAULT now()
);


--
-- Name: code_seq; Type: SEQUENCE; Schema: public; Owner: -
--

CREATE SEQUENCE code_seq
    START WITH 1
    INCREMENT BY 1
    NO MAXVALUE
    NO MINVALUE
    CACHE 1;


--
-- Name: code_seq; Type: SEQUENCE SET; Schema: public; Owner: -
--

SELECT pg_catalog.setval('code_seq', 1, true);


--
-- Name: controlled_vocabularies; Type: TABLE; Schema: public; Owner: -; Tablespace: 
--

CREATE TABLE controlled_vocabularies (
    id tech_id NOT NULL,
    code code NOT NULL,
    description description_2000,
    registration_timestamp time_stamp_dfl DEFAULT now() NOT NULL,
    pers_id_registerer tech_id NOT NULL,
    is_managed_internally boolean_char DEFAULT false NOT NULL,
    is_internal_namespace boolean_char DEFAULT false NOT NULL,
    dbin_id tech_id NOT NULL,
    modification_timestamp time_stamp DEFAULT now(),
    is_chosen_from_list boolean_char DEFAULT true NOT NULL,
    source_uri character varying(250)
);


--
-- Name: controlled_vocabulary_id_seq; Type: SEQUENCE; Schema: public; Owner: -
--

CREATE SEQUENCE controlled_vocabulary_id_seq
    START WITH 1
    INCREMENT BY 1
    NO MAXVALUE
    NO MINVALUE
    CACHE 1;


--
-- Name: controlled_vocabulary_id_seq; Type: SEQUENCE SET; Schema: public; Owner: -
--

SELECT pg_catalog.setval('controlled_vocabulary_id_seq', 100, true);


--
-- Name: controlled_vocabulary_terms; Type: TABLE; Schema: public; Owner: -; Tablespace: 
--

CREATE TABLE controlled_vocabulary_terms (
    id tech_id NOT NULL,
    code object_name NOT NULL,
    registration_timestamp time_stamp_dfl DEFAULT now() NOT NULL,
    covo_id tech_id NOT NULL,
    pers_id_registerer tech_id NOT NULL,
    label column_label,
    description description_2000,
    ordinal ordinal_int NOT NULL,
    CONSTRAINT cvte_ck CHECK (((ordinal)::bigint > 0))
);


--
-- Name: cvte_id_seq; Type: SEQUENCE; Schema: public; Owner: -
--

CREATE SEQUENCE cvte_id_seq
    START WITH 1
    INCREMENT BY 1
    NO MAXVALUE
    NO MINVALUE
    CACHE 1;


--
-- Name: cvte_id_seq; Type: SEQUENCE SET; Schema: public; Owner: -
--

SELECT pg_catalog.setval('cvte_id_seq', 100, true);


--
-- Name: data; Type: TABLE; Schema: public; Owner: -; Tablespace: 
--

CREATE TABLE data (
    id tech_id NOT NULL,
    code code,
    dsty_id tech_id NOT NULL,
    dast_id tech_id NOT NULL,
    expe_id tech_id NOT NULL,
    data_producer_code code,
    production_timestamp time_stamp,
    samp_id tech_id,
    registration_timestamp time_stamp_dfl DEFAULT now() NOT NULL,
    is_placeholder boolean_char DEFAULT false,
    is_valid boolean_char DEFAULT true,
    modification_timestamp time_stamp DEFAULT now(),
    is_derived boolean_char NOT NULL,
    pers_id_registerer tech_id
);


--
-- Name: data_id_seq; Type: SEQUENCE; Schema: public; Owner: -
--

CREATE SEQUENCE data_id_seq
    START WITH 1
    INCREMENT BY 1
    NO MAXVALUE
    NO MINVALUE
    CACHE 1;


--
-- Name: data_id_seq; Type: SEQUENCE SET; Schema: public; Owner: -
--

SELECT pg_catalog.setval('data_id_seq', 1, false);


--
-- Name: data_set_properties; Type: TABLE; Schema: public; Owner: -; Tablespace: 
--

CREATE TABLE data_set_properties (
    id tech_id NOT NULL,
    ds_id tech_id NOT NULL,
    dstpt_id tech_id NOT NULL,
    value text_value,
    cvte_id tech_id,
    mate_prop_id tech_id,
    pers_id_registerer tech_id NOT NULL,
    registration_timestamp time_stamp_dfl DEFAULT now() NOT NULL,
    modification_timestamp time_stamp DEFAULT now(),
    CONSTRAINT dspr_ck CHECK ((((((value IS NOT NULL) AND (cvte_id IS NULL)) AND (mate_prop_id IS NULL)) OR (((value IS NULL) AND (cvte_id IS NOT NULL)) AND (mate_prop_id IS NULL))) OR (((value IS NULL) AND (cvte_id IS NULL)) AND (mate_prop_id IS NOT NULL))))
);


--
-- Name: data_set_property_id_seq; Type: SEQUENCE; Schema: public; Owner: -
--

CREATE SEQUENCE data_set_property_id_seq
    START WITH 1
    INCREMENT BY 1
    NO MAXVALUE
    NO MINVALUE
    CACHE 1;


--
-- Name: data_set_property_id_seq; Type: SEQUENCE SET; Schema: public; Owner: -
--

SELECT pg_catalog.setval('data_set_property_id_seq', 1, false);


--
-- Name: data_set_relationship_id_seq; Type: SEQUENCE; Schema: public; Owner: -
--

CREATE SEQUENCE data_set_relationship_id_seq
    START WITH 1
    INCREMENT BY 1
    NO MAXVALUE
    NO MINVALUE
    CACHE 1;


--
-- Name: data_set_relationship_id_seq; Type: SEQUENCE SET; Schema: public; Owner: -
--

SELECT pg_catalog.setval('data_set_relationship_id_seq', 1, false);


--
-- Name: data_set_relationships; Type: TABLE; Schema: public; Owner: -; Tablespace: 
--

CREATE TABLE data_set_relationships (
    data_id_parent tech_id NOT NULL,
    data_id_child tech_id NOT NULL
);


--
-- Name: data_set_type_id_seq; Type: SEQUENCE; Schema: public; Owner: -
--

CREATE SEQUENCE data_set_type_id_seq
    START WITH 1
    INCREMENT BY 1
    NO MAXVALUE
    NO MINVALUE
    CACHE 1;


--
-- Name: data_set_type_id_seq; Type: SEQUENCE SET; Schema: public; Owner: -
--

SELECT pg_catalog.setval('data_set_type_id_seq', 100, true);


--
-- Name: data_set_type_property_types; Type: TABLE; Schema: public; Owner: -; Tablespace: 
--

CREATE TABLE data_set_type_property_types (
    id tech_id NOT NULL,
    dsty_id tech_id NOT NULL,
    prty_id tech_id NOT NULL,
    is_mandatory boolean_char DEFAULT false NOT NULL,
    is_managed_internally boolean_char DEFAULT false NOT NULL,
    pers_id_registerer tech_id NOT NULL,
    registration_timestamp time_stamp_dfl DEFAULT now() NOT NULL,
    ordinal ordinal_int NOT NULL,
    section description_2000,
    is_dynamic boolean DEFAULT false NOT NULL,
    script_id tech_id,
    CONSTRAINT dstpt_ck CHECK ((((is_dynamic IS TRUE) AND (script_id IS NOT NULL)) OR ((is_dynamic IS FALSE) AND (script_id IS NULL))))
);


--
-- Name: data_set_types; Type: TABLE; Schema: public; Owner: -; Tablespace: 
--

CREATE TABLE data_set_types (
    id tech_id NOT NULL,
    code code NOT NULL,
    description description_2000,
    dbin_id tech_id NOT NULL,
    modification_timestamp time_stamp DEFAULT now(),
    main_ds_pattern character varying(300),
    main_ds_path character varying(1000)
);


--
-- Name: data_store_id_seq; Type: SEQUENCE; Schema: public; Owner: -
--

CREATE SEQUENCE data_store_id_seq
    START WITH 1
    INCREMENT BY 1
    NO MAXVALUE
    NO MINVALUE
    CACHE 1;


--
-- Name: data_store_id_seq; Type: SEQUENCE SET; Schema: public; Owner: -
--

SELECT pg_catalog.setval('data_store_id_seq', 2, true);


--
-- Name: data_store_service_data_set_types; Type: TABLE; Schema: public; Owner: -; Tablespace: 
--

CREATE TABLE data_store_service_data_set_types (
    data_store_service_id tech_id NOT NULL,
    data_set_type_id tech_id NOT NULL
);


--
-- Name: data_store_services; Type: TABLE; Schema: public; Owner: -; Tablespace: 
--

CREATE TABLE data_store_services (
    id tech_id NOT NULL,
    key character varying(256) NOT NULL,
    label character varying(256) NOT NULL,
    kind data_store_service_kind NOT NULL,
    data_store_id tech_id NOT NULL,
    reporting_plugin_type data_store_service_reporting_plugin_type
);


--
-- Name: data_store_services_id_seq; Type: SEQUENCE; Schema: public; Owner: -
--

CREATE SEQUENCE data_store_services_id_seq
    START WITH 1
    INCREMENT BY 1
    NO MAXVALUE
    NO MINVALUE
    CACHE 1;


--
-- Name: data_store_services_id_seq; Type: SEQUENCE SET; Schema: public; Owner: -
--

SELECT pg_catalog.setval('data_store_services_id_seq', 4, true);


--
-- Name: data_stores; Type: TABLE; Schema: public; Owner: -; Tablespace: 
--

CREATE TABLE data_stores (
    id tech_id NOT NULL,
    dbin_id tech_id NOT NULL,
    code code NOT NULL,
    download_url character varying(1024) NOT NULL,
    remote_url character varying(250) NOT NULL,
    session_token character varying(50) NOT NULL,
    registration_timestamp time_stamp_dfl DEFAULT now() NOT NULL,
    modification_timestamp time_stamp DEFAULT now(),
    is_archiver_configured boolean_char DEFAULT false NOT NULL
);


--
-- Name: data_type_id_seq; Type: SEQUENCE; Schema: public; Owner: -
--

CREATE SEQUENCE data_type_id_seq
    START WITH 1
    INCREMENT BY 1
    NO MAXVALUE
    NO MINVALUE
    CACHE 1;


--
-- Name: data_type_id_seq; Type: SEQUENCE SET; Schema: public; Owner: -
--

SELECT pg_catalog.setval('data_type_id_seq', 10, true);


--
-- Name: data_types; Type: TABLE; Schema: public; Owner: -; Tablespace: 
--

CREATE TABLE data_types (
    id tech_id NOT NULL,
    code code NOT NULL,
    description description_2000 NOT NULL
);


--
-- Name: database_instance_id_seq; Type: SEQUENCE; Schema: public; Owner: -
--

CREATE SEQUENCE database_instance_id_seq
    START WITH 1
    INCREMENT BY 1
    NO MAXVALUE
    NO MINVALUE
    CACHE 1;


--
-- Name: database_instance_id_seq; Type: SEQUENCE SET; Schema: public; Owner: -
--

SELECT pg_catalog.setval('database_instance_id_seq', 1, true);


--
-- Name: database_instances; Type: TABLE; Schema: public; Owner: -; Tablespace: 
--

CREATE TABLE database_instances (
    id tech_id NOT NULL,
    code code NOT NULL,
    uuid code NOT NULL,
    is_original_source boolean_char DEFAULT false NOT NULL,
    registration_timestamp time_stamp_dfl DEFAULT now() NOT NULL
);


--
-- Name: database_version_logs; Type: TABLE; Schema: public; Owner: -; Tablespace: 
--

CREATE TABLE database_version_logs (
    db_version character varying(4) NOT NULL,
    module_name character varying(250),
    run_status character varying(10),
    run_status_timestamp timestamp without time zone,
    module_code bytea,
    run_exception bytea
);


--
-- Name: dstpt_id_seq; Type: SEQUENCE; Schema: public; Owner: -
--

CREATE SEQUENCE dstpt_id_seq
    START WITH 1
    INCREMENT BY 1
    NO MAXVALUE
    NO MINVALUE
    CACHE 1;


--
-- Name: dstpt_id_seq; Type: SEQUENCE SET; Schema: public; Owner: -
--

SELECT pg_catalog.setval('dstpt_id_seq', 1, false);


--
-- Name: etpt_id_seq; Type: SEQUENCE; Schema: public; Owner: -
--

CREATE SEQUENCE etpt_id_seq
    START WITH 1
    INCREMENT BY 1
    NO MAXVALUE
    NO MINVALUE
    CACHE 1;


--
-- Name: etpt_id_seq; Type: SEQUENCE SET; Schema: public; Owner: -
--

SELECT pg_catalog.setval('etpt_id_seq', 100, true);


--
-- Name: event_id_seq; Type: SEQUENCE; Schema: public; Owner: -
--

CREATE SEQUENCE event_id_seq
    START WITH 1
    INCREMENT BY 1
    NO MAXVALUE
    NO MINVALUE
    CACHE 1;


--
-- Name: event_id_seq; Type: SEQUENCE SET; Schema: public; Owner: -
--

SELECT pg_catalog.setval('event_id_seq', 1590, true);


--
-- Name: events; Type: TABLE; Schema: public; Owner: -; Tablespace: 
--

CREATE TABLE events (
    id tech_id NOT NULL,
    event_type event_type NOT NULL,
    description description_2000,
    reason description_2000,
    pers_id_registerer tech_id NOT NULL,
    registration_timestamp time_stamp_dfl DEFAULT now() NOT NULL,
    entity_type character varying(80) NOT NULL,
    identifier character varying(250) NOT NULL,
    CONSTRAINT evnt_et_enum_ck CHECK (((entity_type)::text = ANY (ARRAY[('ATTACHMENT'::character varying)::text, ('DATASET'::character varying)::text, ('EXPERIMENT'::character varying)::text, ('GROUP'::character varying)::text, ('MATERIAL'::character varying)::text, ('PROJECT'::character varying)::text, ('PROPERTY_TYPE'::character varying)::text, ('SAMPLE'::character varying)::text, ('VOCABULARY'::character varying)::text, ('AUTHORIZATION_GROUP'::character varying)::text])))
);


--
-- Name: experiment_id_seq; Type: SEQUENCE; Schema: public; Owner: -
--

CREATE SEQUENCE experiment_id_seq
    START WITH 1
    INCREMENT BY 1
    NO MAXVALUE
    NO MINVALUE
    CACHE 1;


--
-- Name: experiment_id_seq; Type: SEQUENCE SET; Schema: public; Owner: -
--

SELECT pg_catalog.setval('experiment_id_seq', 2, true);


--
-- Name: experiment_properties; Type: TABLE; Schema: public; Owner: -; Tablespace: 
--

CREATE TABLE experiment_properties (
    id tech_id NOT NULL,
    expe_id tech_id NOT NULL,
    etpt_id tech_id NOT NULL,
    value text_value,
    cvte_id tech_id,
    mate_prop_id tech_id,
    pers_id_registerer tech_id NOT NULL,
    registration_timestamp time_stamp_dfl DEFAULT now() NOT NULL,
    modification_timestamp time_stamp DEFAULT now(),
    CONSTRAINT expr_ck CHECK ((((((value IS NOT NULL) AND (cvte_id IS NULL)) AND (mate_prop_id IS NULL)) OR (((value IS NULL) AND (cvte_id IS NOT NULL)) AND (mate_prop_id IS NULL))) OR (((value IS NULL) AND (cvte_id IS NULL)) AND (mate_prop_id IS NOT NULL))))
);


--
-- Name: experiment_property_id_seq; Type: SEQUENCE; Schema: public; Owner: -
--

CREATE SEQUENCE experiment_property_id_seq
    START WITH 1
    INCREMENT BY 1
    NO MAXVALUE
    NO MINVALUE
    CACHE 1;


--
-- Name: experiment_property_id_seq; Type: SEQUENCE SET; Schema: public; Owner: -
--

SELECT pg_catalog.setval('experiment_property_id_seq', 3, true);


--
-- Name: experiment_type_id_seq; Type: SEQUENCE; Schema: public; Owner: -
--

CREATE SEQUENCE experiment_type_id_seq
    START WITH 1
    INCREMENT BY 1
    NO MAXVALUE
    NO MINVALUE
    CACHE 1;


--
-- Name: experiment_type_id_seq; Type: SEQUENCE SET; Schema: public; Owner: -
--

SELECT pg_catalog.setval('experiment_type_id_seq', 100, true);


--
-- Name: experiment_type_property_types; Type: TABLE; Schema: public; Owner: -; Tablespace: 
--

CREATE TABLE experiment_type_property_types (
    id tech_id NOT NULL,
    exty_id tech_id NOT NULL,
    prty_id tech_id NOT NULL,
    is_mandatory boolean_char DEFAULT false NOT NULL,
    is_managed_internally boolean_char DEFAULT false NOT NULL,
    pers_id_registerer tech_id NOT NULL,
    registration_timestamp time_stamp_dfl DEFAULT now() NOT NULL,
    ordinal ordinal_int NOT NULL,
    section description_2000,
    is_dynamic boolean DEFAULT false NOT NULL,
    script_id tech_id,
    CONSTRAINT etpt_ck CHECK ((((is_dynamic IS TRUE) AND (script_id IS NOT NULL)) OR ((is_dynamic IS FALSE) AND (script_id IS NULL))))
);


--
-- Name: experiment_types; Type: TABLE; Schema: public; Owner: -; Tablespace: 
--

CREATE TABLE experiment_types (
    id tech_id NOT NULL,
    code code NOT NULL,
    description description_2000,
    dbin_id tech_id NOT NULL,
    modification_timestamp time_stamp DEFAULT now()
);


--
-- Name: experiments; Type: TABLE; Schema: public; Owner: -; Tablespace: 
--

CREATE TABLE experiments (
    id tech_id NOT NULL,
    perm_id code NOT NULL,
    code code NOT NULL,
    exty_id tech_id NOT NULL,
    mate_id_study_object tech_id,
    pers_id_registerer tech_id NOT NULL,
    registration_timestamp time_stamp_dfl DEFAULT now() NOT NULL,
    modification_timestamp time_stamp DEFAULT now(),
    proj_id tech_id NOT NULL,
    inva_id tech_id,
    is_public boolean_char DEFAULT false NOT NULL
);


--
-- Name: external_data; Type: TABLE; Schema: public; Owner: -; Tablespace: 
--

CREATE TABLE external_data (
    data_id tech_id NOT NULL,
    location character varying(1024) NOT NULL,
    ffty_id tech_id NOT NULL,
    loty_id tech_id NOT NULL,
    cvte_id_stor_fmt tech_id NOT NULL,
    is_complete boolean_char_or_unknown DEFAULT 'U'::bpchar NOT NULL,
    cvte_id_store tech_id,
    status archiving_status DEFAULT 'AVAILABLE'::character varying NOT NULL
);


--
-- Name: file_format_type_id_seq; Type: SEQUENCE; Schema: public; Owner: -
--

CREATE SEQUENCE file_format_type_id_seq
    START WITH 1
    INCREMENT BY 1
    NO MAXVALUE
    NO MINVALUE
    CACHE 1;


--
-- Name: file_format_type_id_seq; Type: SEQUENCE SET; Schema: public; Owner: -
--

SELECT pg_catalog.setval('file_format_type_id_seq', 100, true);


--
-- Name: file_format_types; Type: TABLE; Schema: public; Owner: -; Tablespace: 
--

CREATE TABLE file_format_types (
    id tech_id NOT NULL,
    code code NOT NULL,
    description description_2000,
    dbin_id tech_id NOT NULL
);


--
-- Name: filter_id_seq; Type: SEQUENCE; Schema: public; Owner: -
--

CREATE SEQUENCE filter_id_seq
    START WITH 1
    INCREMENT BY 1
    NO MAXVALUE
    NO MINVALUE
    CACHE 1;


--
-- Name: filter_id_seq; Type: SEQUENCE SET; Schema: public; Owner: -
--

SELECT pg_catalog.setval('filter_id_seq', 101, true);


--
-- Name: filters; Type: TABLE; Schema: public; Owner: -; Tablespace: 
--

CREATE TABLE filters (
    id tech_id NOT NULL,
    dbin_id tech_id NOT NULL,
    name character varying(200) NOT NULL,
    description description_2000,
    registration_timestamp time_stamp_dfl DEFAULT now() NOT NULL,
    pers_id_registerer tech_id NOT NULL,
    modification_timestamp time_stamp DEFAULT now(),
    expression character varying(2000) NOT NULL,
    is_public boolean NOT NULL,
    grid_id character varying(200) NOT NULL
);


--
-- Name: grid_custom_columns; Type: TABLE; Schema: public; Owner: -; Tablespace: 
--

CREATE TABLE grid_custom_columns (
    id tech_id NOT NULL,
    dbin_id tech_id NOT NULL,
    code character varying(200) NOT NULL,
    label column_label NOT NULL,
    description description_2000,
    registration_timestamp time_stamp_dfl DEFAULT now() NOT NULL,
    pers_id_registerer tech_id NOT NULL,
    modification_timestamp time_stamp DEFAULT now(),
    expression grid_expression NOT NULL,
    is_public boolean NOT NULL,
    grid_id grid_id NOT NULL
);


--
-- Name: grid_custom_columns_id_seq; Type: SEQUENCE; Schema: public; Owner: -
--

CREATE SEQUENCE grid_custom_columns_id_seq
    START WITH 1
    INCREMENT BY 1
    NO MAXVALUE
    NO MINVALUE
    CACHE 1;


--
-- Name: grid_custom_columns_id_seq; Type: SEQUENCE SET; Schema: public; Owner: -
--

SELECT pg_catalog.setval('grid_custom_columns_id_seq', 101, true);


--
-- Name: group_id_seq; Type: SEQUENCE; Schema: public; Owner: -
--

CREATE SEQUENCE group_id_seq
    START WITH 1
    INCREMENT BY 1
    NO MAXVALUE
    NO MINVALUE
    CACHE 1;


--
-- Name: group_id_seq; Type: SEQUENCE SET; Schema: public; Owner: -
--

SELECT pg_catalog.setval('group_id_seq', 1, true);


--
-- Name: groups; Type: TABLE; Schema: public; Owner: -; Tablespace: 
--

CREATE TABLE groups (
    id tech_id NOT NULL,
    code code NOT NULL,
    dbin_id tech_id NOT NULL,
    description description_2000,
    registration_timestamp time_stamp_dfl DEFAULT now() NOT NULL,
    pers_id_registerer tech_id NOT NULL
);


--
-- Name: invalidation_id_seq; Type: SEQUENCE; Schema: public; Owner: -
--

CREATE SEQUENCE invalidation_id_seq
    START WITH 1
    INCREMENT BY 1
    NO MAXVALUE
    NO MINVALUE
    CACHE 1;


--
-- Name: invalidation_id_seq; Type: SEQUENCE SET; Schema: public; Owner: -
--

SELECT pg_catalog.setval('invalidation_id_seq', 1, false);


--
-- Name: invalidations; Type: TABLE; Schema: public; Owner: -; Tablespace: 
--

CREATE TABLE invalidations (
    id tech_id NOT NULL,
    pers_id_registerer tech_id NOT NULL,
    registration_timestamp time_stamp_dfl DEFAULT now() NOT NULL,
    reason description_2000
);


--
-- Name: locator_type_id_seq; Type: SEQUENCE; Schema: public; Owner: -
--

CREATE SEQUENCE locator_type_id_seq
    START WITH 1
    INCREMENT BY 1
    NO MAXVALUE
    NO MINVALUE
    CACHE 1;


--
-- Name: locator_type_id_seq; Type: SEQUENCE SET; Schema: public; Owner: -
--

SELECT pg_catalog.setval('locator_type_id_seq', 1, true);


--
-- Name: locator_types; Type: TABLE; Schema: public; Owner: -; Tablespace: 
--

CREATE TABLE locator_types (
    id tech_id NOT NULL,
    code code NOT NULL,
    description description_2000
);


--
-- Name: material_id_seq; Type: SEQUENCE; Schema: public; Owner: -
--

CREATE SEQUENCE material_id_seq
    START WITH 1
    INCREMENT BY 1
    NO MAXVALUE
    NO MINVALUE
    CACHE 1;


--
-- Name: material_id_seq; Type: SEQUENCE SET; Schema: public; Owner: -
--

SELECT pg_catalog.setval('material_id_seq', 1588, true);


--
-- Name: material_properties; Type: TABLE; Schema: public; Owner: -; Tablespace: 
--

CREATE TABLE material_properties (
    id tech_id NOT NULL,
    mate_id tech_id NOT NULL,
    mtpt_id tech_id NOT NULL,
    value text_value,
    registration_timestamp time_stamp_dfl DEFAULT now() NOT NULL,
    modification_timestamp time_stamp DEFAULT now(),
    pers_id_registerer tech_id NOT NULL,
    cvte_id tech_id,
    mate_prop_id tech_id,
    CONSTRAINT mapr_ck CHECK ((((((value IS NOT NULL) AND (cvte_id IS NULL)) AND (mate_prop_id IS NULL)) OR (((value IS NULL) AND (cvte_id IS NOT NULL)) AND (mate_prop_id IS NULL))) OR (((value IS NULL) AND (cvte_id IS NULL)) AND (mate_prop_id IS NOT NULL))))
);


--
-- Name: material_property_id_seq; Type: SEQUENCE; Schema: public; Owner: -
--

CREATE SEQUENCE material_property_id_seq
    START WITH 1
    INCREMENT BY 1
    NO MAXVALUE
    NO MINVALUE
    CACHE 1;


--
-- Name: material_property_id_seq; Type: SEQUENCE SET; Schema: public; Owner: -
--

SELECT pg_catalog.setval('material_property_id_seq', 3176, true);


--
-- Name: material_type_id_seq; Type: SEQUENCE; Schema: public; Owner: -
--

CREATE SEQUENCE material_type_id_seq
    START WITH 1
    INCREMENT BY 1
    NO MAXVALUE
    NO MINVALUE
    CACHE 1;


--
-- Name: material_type_id_seq; Type: SEQUENCE SET; Schema: public; Owner: -
--

SELECT pg_catalog.setval('material_type_id_seq', 100, true);


--
-- Name: material_type_property_types; Type: TABLE; Schema: public; Owner: -; Tablespace: 
--

CREATE TABLE material_type_property_types (
    id tech_id NOT NULL,
    maty_id tech_id NOT NULL,
    prty_id tech_id NOT NULL,
    is_mandatory boolean_char DEFAULT false NOT NULL,
    is_managed_internally boolean_char DEFAULT false NOT NULL,
    registration_timestamp time_stamp_dfl DEFAULT now() NOT NULL,
    pers_id_registerer tech_id NOT NULL,
    ordinal ordinal_int NOT NULL,
    section description_2000,
    is_dynamic boolean DEFAULT false NOT NULL,
    script_id tech_id,
    CONSTRAINT mtpt_ck CHECK ((((is_dynamic IS TRUE) AND (script_id IS NOT NULL)) OR ((is_dynamic IS FALSE) AND (script_id IS NULL))))
);


--
-- Name: material_types; Type: TABLE; Schema: public; Owner: -; Tablespace: 
--

CREATE TABLE material_types (
    id tech_id NOT NULL,
    code code NOT NULL,
    description description_2000,
    dbin_id tech_id NOT NULL,
    modification_timestamp time_stamp DEFAULT now()
);


--
-- Name: materials; Type: TABLE; Schema: public; Owner: -; Tablespace: 
--

CREATE TABLE materials (
    id tech_id NOT NULL,
    code code NOT NULL,
    maty_id tech_id NOT NULL,
    pers_id_registerer tech_id NOT NULL,
    registration_timestamp time_stamp_dfl DEFAULT now() NOT NULL,
    modification_timestamp time_stamp DEFAULT now(),
    dbin_id tech_id NOT NULL
);


--
-- Name: mtpt_id_seq; Type: SEQUENCE; Schema: public; Owner: -
--

CREATE SEQUENCE mtpt_id_seq
    START WITH 1
    INCREMENT BY 1
    NO MAXVALUE
    NO MINVALUE
    CACHE 1;


--
-- Name: mtpt_id_seq; Type: SEQUENCE SET; Schema: public; Owner: -
--

SELECT pg_catalog.setval('mtpt_id_seq', 103, true);


--
-- Name: perm_id_seq; Type: SEQUENCE; Schema: public; Owner: -
--

CREATE SEQUENCE perm_id_seq
    START WITH 1
    INCREMENT BY 1
    NO MAXVALUE
    NO MINVALUE
    CACHE 1;


--
-- Name: perm_id_seq; Type: SEQUENCE SET; Schema: public; Owner: -
--

SELECT pg_catalog.setval('perm_id_seq', 3, true);


--
-- Name: person_id_seq; Type: SEQUENCE; Schema: public; Owner: -
--

CREATE SEQUENCE person_id_seq
    START WITH 1
    INCREMENT BY 1
    NO MAXVALUE
    NO MINVALUE
    CACHE 1;


--
-- Name: person_id_seq; Type: SEQUENCE SET; Schema: public; Owner: -
--

SELECT pg_catalog.setval('person_id_seq', 3, true);


--
-- Name: persons; Type: TABLE; Schema: public; Owner: -; Tablespace: 
--

CREATE TABLE persons (
    id tech_id NOT NULL,
    first_name character varying(30),
    last_name character varying(30),
    user_id user_id NOT NULL,
    email object_name,
    dbin_id tech_id NOT NULL,
    grou_id tech_id,
    registration_timestamp time_stamp_dfl DEFAULT now() NOT NULL,
    pers_id_registerer tech_id,
    display_settings file
);


--
-- Name: project_id_seq; Type: SEQUENCE; Schema: public; Owner: -
--

CREATE SEQUENCE project_id_seq
    START WITH 1
    INCREMENT BY 1
    NO MAXVALUE
    NO MINVALUE
    CACHE 1;


--
-- Name: project_id_seq; Type: SEQUENCE SET; Schema: public; Owner: -
--

SELECT pg_catalog.setval('project_id_seq', 1, true);


--
-- Name: projects; Type: TABLE; Schema: public; Owner: -; Tablespace: 
--

CREATE TABLE projects (
    id tech_id NOT NULL,
    code code NOT NULL,
    grou_id tech_id NOT NULL,
    pers_id_leader tech_id,
    description description_2000,
    pers_id_registerer tech_id NOT NULL,
    registration_timestamp time_stamp_dfl DEFAULT now() NOT NULL,
    modification_timestamp time_stamp DEFAULT now()
);


--
-- Name: property_type_id_seq; Type: SEQUENCE; Schema: public; Owner: -
--

CREATE SEQUENCE property_type_id_seq
    START WITH 1
    INCREMENT BY 1
    NO MAXVALUE
    NO MINVALUE
    CACHE 1;


--
-- Name: property_type_id_seq; Type: SEQUENCE SET; Schema: public; Owner: -
--

SELECT pg_catalog.setval('property_type_id_seq', 103, true);


--
-- Name: property_types; Type: TABLE; Schema: public; Owner: -; Tablespace: 
--

CREATE TABLE property_types (
    id tech_id NOT NULL,
    code code NOT NULL,
    description description_2000 NOT NULL,
    label column_label NOT NULL,
    daty_id tech_id NOT NULL,
    registration_timestamp time_stamp_dfl DEFAULT now() NOT NULL,
    pers_id_registerer tech_id NOT NULL,
    covo_id tech_id,
    is_managed_internally boolean_char DEFAULT false NOT NULL,
    is_internal_namespace boolean_char DEFAULT false NOT NULL,
    dbin_id tech_id NOT NULL,
    maty_prop_id tech_id,
    schema text_value,
    transformation text_value
);


--
-- Name: queries; Type: TABLE; Schema: public; Owner: -; Tablespace: 
--

CREATE TABLE queries (
    id tech_id NOT NULL,
    dbin_id tech_id NOT NULL,
    name character varying(200) NOT NULL,
    description description_2000,
    registration_timestamp time_stamp_dfl DEFAULT now() NOT NULL,
    pers_id_registerer tech_id NOT NULL,
    modification_timestamp time_stamp DEFAULT now(),
    expression character varying(2000) NOT NULL,
    is_public boolean NOT NULL,
    query_type query_type NOT NULL,
    db_key code DEFAULT '1'::character varying NOT NULL,
    entity_type_code code
);


--
-- Name: query_id_seq; Type: SEQUENCE; Schema: public; Owner: -
--

CREATE SEQUENCE query_id_seq
    START WITH 1
    INCREMENT BY 1
    NO MAXVALUE
    NO MINVALUE
    CACHE 1;


--
-- Name: query_id_seq; Type: SEQUENCE SET; Schema: public; Owner: -
--

SELECT pg_catalog.setval('query_id_seq', 101, true);


--
-- Name: relationship_type_id_seq; Type: SEQUENCE; Schema: public; Owner: -
--

CREATE SEQUENCE relationship_type_id_seq
    START WITH 1
    INCREMENT BY 1
    NO MAXVALUE
    NO MINVALUE
    CACHE 1;


--
-- Name: relationship_type_id_seq; Type: SEQUENCE SET; Schema: public; Owner: -
--

SELECT pg_catalog.setval('relationship_type_id_seq', 2, true);


--
-- Name: relationship_types; Type: TABLE; Schema: public; Owner: -; Tablespace: 
--

CREATE TABLE relationship_types (
    id tech_id NOT NULL,
    code code NOT NULL,
    label column_label,
    parent_label column_label,
    child_label column_label,
    description description_2000,
    registration_timestamp time_stamp_dfl DEFAULT now() NOT NULL,
    pers_id_registerer tech_id NOT NULL,
    is_managed_internally boolean_char DEFAULT false NOT NULL,
    is_internal_namespace boolean_char DEFAULT false NOT NULL,
    dbin_id tech_id NOT NULL
);


--
-- Name: role_assignment_id_seq; Type: SEQUENCE; Schema: public; Owner: -
--

CREATE SEQUENCE role_assignment_id_seq
    START WITH 1
    INCREMENT BY 1
    NO MAXVALUE
    NO MINVALUE
    CACHE 1;


--
-- Name: role_assignment_id_seq; Type: SEQUENCE SET; Schema: public; Owner: -
--

SELECT pg_catalog.setval('role_assignment_id_seq', 1, true);


--
-- Name: role_assignments; Type: TABLE; Schema: public; Owner: -; Tablespace: 
--

CREATE TABLE role_assignments (
    id tech_id NOT NULL,
    role_code authorization_role NOT NULL,
    grou_id tech_id,
    dbin_id tech_id,
    pers_id_grantee tech_id,
    ag_id_grantee tech_id,
    pers_id_registerer tech_id NOT NULL,
    registration_timestamp time_stamp_dfl DEFAULT now() NOT NULL,
    CONSTRAINT roas_ag_pers_arc_ck CHECK ((((ag_id_grantee IS NOT NULL) AND (pers_id_grantee IS NULL)) OR ((ag_id_grantee IS NULL) AND (pers_id_grantee IS NOT NULL)))),
    CONSTRAINT roas_dbin_grou_arc_ck CHECK ((((dbin_id IS NOT NULL) AND (grou_id IS NULL)) OR ((dbin_id IS NULL) AND (grou_id IS NOT NULL))))
);


--
-- Name: sample_id_seq; Type: SEQUENCE; Schema: public; Owner: -
--

CREATE SEQUENCE sample_id_seq
    START WITH 1
    INCREMENT BY 1
    NO MAXVALUE
    NO MINVALUE
    CACHE 1;


--
-- Name: sample_id_seq; Type: SEQUENCE SET; Schema: public; Owner: -
--

SELECT pg_catalog.setval('sample_id_seq', 1, true);


--
-- Name: sample_properties; Type: TABLE; Schema: public; Owner: -; Tablespace: 
--

CREATE TABLE sample_properties (
    id tech_id NOT NULL,
    samp_id tech_id NOT NULL,
    stpt_id tech_id NOT NULL,
    value text_value,
    cvte_id tech_id,
    mate_prop_id tech_id,
    pers_id_registerer tech_id NOT NULL,
    registration_timestamp time_stamp_dfl DEFAULT now() NOT NULL,
    modification_timestamp time_stamp DEFAULT now(),
    CONSTRAINT sapr_ck CHECK ((((((value IS NOT NULL) AND (cvte_id IS NULL)) AND (mate_prop_id IS NULL)) OR (((value IS NULL) AND (cvte_id IS NOT NULL)) AND (mate_prop_id IS NULL))) OR (((value IS NULL) AND (cvte_id IS NULL)) AND (mate_prop_id IS NOT NULL))))
);


--
-- Name: sample_property_id_seq; Type: SEQUENCE; Schema: public; Owner: -
--

CREATE SEQUENCE sample_property_id_seq
    START WITH 1
    INCREMENT BY 1
    NO MAXVALUE
    NO MINVALUE
    CACHE 1;


--
-- Name: sample_property_id_seq; Type: SEQUENCE SET; Schema: public; Owner: -
--

SELECT pg_catalog.setval('sample_property_id_seq', 1, false);


--
-- Name: sample_relationship_id_seq; Type: SEQUENCE; Schema: public; Owner: -
--

CREATE SEQUENCE sample_relationship_id_seq
    START WITH 1
    INCREMENT BY 1
    NO MAXVALUE
    NO MINVALUE
    CACHE 1;


--
-- Name: sample_relationship_id_seq; Type: SEQUENCE SET; Schema: public; Owner: -
--

SELECT pg_catalog.setval('sample_relationship_id_seq', 1, false);


--
-- Name: sample_relationships; Type: TABLE; Schema: public; Owner: -; Tablespace: 
--

CREATE TABLE sample_relationships (
    id tech_id NOT NULL,
    sample_id_parent tech_id NOT NULL,
    relationship_id tech_id NOT NULL,
    sample_id_child tech_id NOT NULL
);


--
-- Name: sample_type_id_seq; Type: SEQUENCE; Schema: public; Owner: -
--

CREATE SEQUENCE sample_type_id_seq
    START WITH 1
    INCREMENT BY 1
    NO MAXVALUE
    NO MINVALUE
    CACHE 1;


--
-- Name: sample_type_id_seq; Type: SEQUENCE SET; Schema: public; Owner: -
--

SELECT pg_catalog.setval('sample_type_id_seq', 100, true);


--
-- Name: sample_type_property_types; Type: TABLE; Schema: public; Owner: -; Tablespace: 
--

CREATE TABLE sample_type_property_types (
    id tech_id NOT NULL,
    saty_id tech_id NOT NULL,
    prty_id tech_id NOT NULL,
    is_mandatory boolean_char DEFAULT false NOT NULL,
    is_managed_internally boolean_char DEFAULT false NOT NULL,
    pers_id_registerer tech_id NOT NULL,
    registration_timestamp time_stamp_dfl DEFAULT now() NOT NULL,
    is_displayed boolean_char DEFAULT true NOT NULL,
    ordinal ordinal_int NOT NULL,
    section description_2000,
    is_dynamic boolean DEFAULT false NOT NULL,
    script_id tech_id,
    CONSTRAINT stpt_ck CHECK ((((is_dynamic IS TRUE) AND (script_id IS NOT NULL)) OR ((is_dynamic IS FALSE) AND (script_id IS NULL))))
);


--
-- Name: sample_types; Type: TABLE; Schema: public; Owner: -; Tablespace: 
--

CREATE TABLE sample_types (
    id tech_id NOT NULL,
    code code NOT NULL,
    description description_2000,
    dbin_id tech_id NOT NULL,
    is_listable boolean_char DEFAULT true NOT NULL,
    generated_from_depth integer DEFAULT 0 NOT NULL,
    part_of_depth integer DEFAULT 0 NOT NULL,
    modification_timestamp time_stamp DEFAULT now(),
    is_auto_generated_code boolean_char DEFAULT false NOT NULL,
    generated_code_prefix code DEFAULT 'S'::character varying NOT NULL,
    is_subcode_unique boolean_char DEFAULT false NOT NULL
);


--
-- Name: samples; Type: TABLE; Schema: public; Owner: -; Tablespace: 
--

CREATE TABLE samples (
    id tech_id NOT NULL,
    perm_id code NOT NULL,
    code code NOT NULL,
    expe_id tech_id,
    saty_id tech_id NOT NULL,
    registration_timestamp time_stamp_dfl DEFAULT now() NOT NULL,
    modification_timestamp time_stamp DEFAULT now(),
    pers_id_registerer tech_id NOT NULL,
    inva_id tech_id,
    dbin_id tech_id,
    grou_id tech_id,
    samp_id_part_of tech_id,
    CONSTRAINT samp_dbin_grou_arc_ck CHECK ((((dbin_id IS NOT NULL) AND (grou_id IS NULL)) OR ((dbin_id IS NULL) AND (grou_id IS NOT NULL))))
);


--
-- Name: script_id_seq; Type: SEQUENCE; Schema: public; Owner: -
--

CREATE SEQUENCE script_id_seq
    START WITH 1
    INCREMENT BY 1
    NO MAXVALUE
    NO MINVALUE
    CACHE 1;


--
-- Name: script_id_seq; Type: SEQUENCE SET; Schema: public; Owner: -
--

SELECT pg_catalog.setval('script_id_seq', 1, false);


--
-- Name: scripts; Type: TABLE; Schema: public; Owner: -; Tablespace: 
--

CREATE TABLE scripts (
    id tech_id NOT NULL,
    dbin_id tech_id NOT NULL,
    name character varying(200) NOT NULL,
    description description_2000,
    script text_value NOT NULL,
    registration_timestamp time_stamp_dfl DEFAULT now() NOT NULL,
    pers_id_registerer tech_id NOT NULL
);


--
-- Name: stpt_id_seq; Type: SEQUENCE; Schema: public; Owner: -
--

CREATE SEQUENCE stpt_id_seq
    START WITH 1
    INCREMENT BY 1
    NO MAXVALUE
    NO MINVALUE
    CACHE 1;


--
-- Name: stpt_id_seq; Type: SEQUENCE SET; Schema: public; Owner: -
--

SELECT pg_catalog.setval('stpt_id_seq', 101, true);


--
-- Data for Name: controlled_vocabularies; Type: TABLE DATA; Schema: public; Owner: -
--

COPY controlled_vocabularies (id, code, description, registration_timestamp, pers_id_registerer, is_managed_internally, is_internal_namespace, dbin_id, modification_timestamp, is_chosen_from_list, source_uri) FROM stdin;
1	STORAGE_FORMAT	The on-disk storage format of a data set	2010-05-10 17:57:14.310868+02	1	t	t	1	2010-05-10 17:57:14.310868+02	t	\N
2	PLATE_GEOMETRY	The geometry or dimensions of a plate	2008-06-17 16:38:30.723292+02	1	t	t	1	2009-11-27 16:02:26.451046+01	t	\N
3	MICROSCOPE	Microscope used in an experiment.	2009-11-29 23:55:18.978884+01	1	f	f	1	2009-12-17 01:50:54.68+01	t	\N
\.


--
-- Data for Name: controlled_vocabulary_terms; Type: TABLE DATA; Schema: public; Owner: -
--

COPY controlled_vocabulary_terms (id, code, registration_timestamp, covo_id, pers_id_registerer, label, description, ordinal) FROM stdin;
1	PROPRIETARY	2010-05-10 17:57:14.310868+02	1	1	\N	\N	1
2	BDS_DIRECTORY	2010-05-10 17:57:14.310868+02	1	1	\N	\N	2
3	384_WELLS_16X24	2008-06-17 16:38:30.723292+02	2	1	384 Wells, 16x24	\N	1
4	96_WELLS_8X12	2008-06-17 16:38:31.101031+02	2	1	96 Wells, 8x12	\N	2
5	1536_WELLS_32X48	2008-06-17 16:38:31.101031+02	2	1	1536 Wells, 32x48	\N	3
6	BD_PATHWAY_855	2009-11-29 23:55:18.978884+01	3	1	\N	\N	1
7	MD_IMAGEXPRESS_MICROLIVE	2009-11-29 23:55:18.978884+01	3	1	\N	\N	2
8	MD_IMAGEXPRESS_MICRO_2	2009-11-29 23:55:18.978884+01	3	1	\N	\N	3
\.

--
-- Data for Name: data_stores; Type: TABLE DATA; Schema: public; Owner: -
--

COPY data_stores (id, dbin_id, code, download_url, remote_url, session_token, registration_timestamp, modification_timestamp, is_archiver_configured) FROM stdin;
1	1	STANDARD				2010-05-10 17:57:14.310868+02	2010-05-10 17:57:14.310868+02	f
\.


--
-- Data for Name: data_types; Type: TABLE DATA; Schema: public; Owner: -
--

COPY data_types (id, code, description) FROM stdin;
1	VARCHAR	Short text
2	MULTILINE_VARCHAR	Long text
3	INTEGER	Integer number
4	REAL	Real number, i.e. an inexact, variable-precision numeric type
5	BOOLEAN	True or False
6	TIMESTAMP	Both date and time. Format: yyyy-mm-dd hh:mm:ss
7	CONTROLLEDVOCABULARY	Controlled Vocabulary
8	MATERIAL	Reference to a material
9	HYPERLINK	Address of a web page
10	XML	XML document
\.


--
-- Data for Name: database_instances; Type: TABLE DATA; Schema: public; Owner: -
--

COPY database_instances (id, code, uuid, is_original_source, registration_timestamp) FROM stdin;
1	DEMO	678243C3-BD97-42E4-B04B-34DA0C43564D	t	2010-05-10 17:57:14.310868+02
\.

--
-- Data for Name: data_set_types; Type: TABLE DATA; Schema: public; Owner: -
--

insert into data_set_types(
	id, 
	code, description, 
	dbin_id)
values(
		nextval('data_set_type_id_seq'), 
		'UNKNOWN',
		'Unknown',
		(select id from database_instances where is_original_source = 'T')
	);
	
insert into data_set_types(
	id, 
	code, description, 
	dbin_id)
values(
		nextval('data_set_type_id_seq'), 
		'HCS_IMAGE_RAW',
		'Raw High Content Screening Images',
		(select id from database_instances where is_original_source = 'T')
	);

insert into data_set_types(
	id, 
	code, description, 
	dbin_id)
values(
		nextval('data_set_type_id_seq'), 
		'HCS_IMAGE_OVERVIEW',
		'Overview High Content Screening Images. Generated from raw images.',
		(select id from database_instances where is_original_source = 'T')
	);
	
insert into data_set_types(
	id, 
	code, description, 
	dbin_id)
values(
		nextval('data_set_type_id_seq'), 
		'HCS_IMAGE_SEGMENTATION',
		'HCS Segmentation Images (overlays).',
		(select id from database_instances where is_original_source = 'T')
	);
	
insert into data_set_types(
	id, 
	code, description, 
	dbin_id)
values(
		nextval('data_set_type_id_seq'), 
		'HCS_ANALYSIS_WELL_FEATURES',
		'HCS image analysis well feature vectors.',
		(select id from database_instances where is_original_source = 'T')
	);
	
insert into data_set_types(
	id, 
	code, description, 
	dbin_id)
values(
		nextval('data_set_type_id_seq'), 
		'HCS_ANALYSIS_CELL_SEGMENTATION',
		'HCS image analysis cell segmentation',
		(select id from database_instances where is_original_source = 'T')
	);		

insert into data_set_types(
	id, 
	code, description, 
	dbin_id)
values(
		nextval('data_set_type_id_seq'), 
		'HCS_ANALYSIS_CELL_FEATURES',
		'HCS image analysis cell feature vectors',
		(select id from database_instances where is_original_source = 'T')
	);
			
insert into data_set_types(
	id, 
	code, description, 
	dbin_id)
values(
		nextval('data_set_type_id_seq'), 
		'HCS_ANALYSIS_CELL_CLASS',
		'HCS image analysis cell classification',
		(select id from database_instances where is_original_source = 'T')
	);

--
-- Data for Name: database_version_logs; Type: TABLE DATA; Schema: public; Owner: -
--

COPY database_version_logs (db_version, module_name, run_status, run_status_timestamp, module_code, run_exception) FROM stdin;
060	./sql/postgresql/migration/migration-059-060.sql	SUCCESS	2010-10-29 13:39:26.04	-- Migration from 059 to 060\\012\\012------------------------------------------------------------------------------------\\012--  Drop trigger on queries.entity_type_code column to enable storing a regexp there.\\012------------------------------------------------------------------------------------\\012\\012DROP TRIGGER query_entity_type_code_check ON queries;\\012DROP FUNCTION query_entity_type_code_check();\\012\\012------------------------------------------------------------------------------------\\012-- Dynamic properties\\012------------------------------------------------------------------------------------\\012\\012-- Create SCRIPTS table\\012\\012CREATE TABLE SCRIPTS (ID TECH_ID NOT NULL,DBIN_ID TECH_ID NOT NULL,NAME VARCHAR(200) NOT NULL,DESCRIPTION DESCRIPTION_2000,SCRIPT TEXT_VALUE NOT NULL,REGISTRATION_TIMESTAMP TIME_STAMP_DFL NOT NULL DEFAULT CURRENT_TIMESTAMP,PERS_ID_REGISTERER TECH_ID NOT NULL);\\012CREATE SEQUENCE SCRIPT_ID_SEQ;\\012ALTER TABLE SCRIPTS ADD CONSTRAINT SCRI_PK PRIMARY KEY(ID);\\012ALTER TABLE SCRIPTS ADD CONSTRAINT SCRI_UK UNIQUE(NAME,DBIN_ID);\\012ALTER TABLE SCRIPTS ADD CONSTRAINT SCRI_DBIN_FK FOREIGN KEY (DBIN_ID) REFERENCES DATABASE_INSTANCES(ID);\\012ALTER TABLE SCRIPTS ADD CONSTRAINT SCRI_PERS_FK FOREIGN KEY (PERS_ID_REGISTERER) REFERENCES PERSONS(ID);\\012CREATE INDEX SCRIPT_PERS_FK_I ON SCRIPTS (PERS_ID_REGISTERER);\\012CREATE INDEX SCRIPT_DBIN_FK_I ON SCRIPTS (DBIN_ID);\\012\\012-- Add IS_DYNAMIC column to *_PROPERTY_TYPES tables \\012\\012ALTER TABLE MATERIAL_TYPE_PROPERTY_TYPES ADD COLUMN IS_DYNAMIC BOOLEAN NOT NULL DEFAULT FALSE;\\012ALTER TABLE SAMPLE_TYPE_PROPERTY_TYPES ADD COLUMN IS_DYNAMIC BOOLEAN NOT NULL DEFAULT FALSE;\\012ALTER TABLE EXPERIMENT_TYPE_PROPERTY_TYPES ADD COLUMN IS_DYNAMIC BOOLEAN NOT NULL DEFAULT FALSE;\\012ALTER TABLE DATA_SET_TYPE_PROPERTY_TYPES ADD COLUMN IS_DYNAMIC BOOLEAN NOT NULL DEFAULT FALSE;\\012\\012-- Add SCRIPT_ID column to *_PROPERTY_TYPES tables \\012\\012ALTER TABLE MATERIAL_TYPE_PROPERTY_TYPES ADD COLUMN SCRIPT_ID TECH_ID;\\012ALTER TABLE SAMPLE_TYPE_PROPERTY_TYPES ADD COLUMN SCRIPT_ID TECH_ID;\\012ALTER TABLE EXPERIMENT_TYPE_PROPERTY_TYPES ADD COLUMN SCRIPT_ID TECH_ID;\\012ALTER TABLE DATA_SET_TYPE_PROPERTY_TYPES ADD COLUMN SCRIPT_ID TECH_ID;\\012\\012-- Make SCRIPT_ID reference SCRIPTS\\012\\012ALTER TABLE MATERIAL_TYPE_PROPERTY_TYPES ADD CONSTRAINT MTPT_SCRIPT_FK FOREIGN KEY (SCRIPT_ID) REFERENCES SCRIPTS(ID);\\012ALTER TABLE SAMPLE_TYPE_PROPERTY_TYPES ADD CONSTRAINT STPT_SCRIPT_FK FOREIGN KEY (SCRIPT_ID) REFERENCES SCRIPTS(ID);\\012ALTER TABLE EXPERIMENT_TYPE_PROPERTY_TYPES ADD CONSTRAINT ETPT_SCRIPT_FK FOREIGN KEY (SCRIPT_ID) REFERENCES SCRIPTS(ID);\\012ALTER TABLE DATA_SET_TYPE_PROPERTY_TYPES ADD CONSTRAINT DSTPT_SCRIPT_FK FOREIGN KEY (SCRIPT_ID) REFERENCES SCRIPTS(ID);\\012\\012-- Check SCRIPT_ID is filled when IS_DYNAMIC is TRUE\\012\\012ALTER TABLE MATERIAL_TYPE_PROPERTY_TYPES ADD CONSTRAINT MTPT_CK CHECK ((IS_DYNAMIC IS TRUE AND SCRIPT_ID IS NOT NULL) OR (IS_DYNAMIC IS FALSE AND SCRIPT_ID IS NULL));\\012ALTER TABLE SAMPLE_TYPE_PROPERTY_TYPES ADD CONSTRAINT STPT_CK CHECK ((IS_DYNAMIC IS TRUE AND SCRIPT_ID IS NOT NULL) OR (IS_DYNAMIC IS FALSE AND SCRIPT_ID IS NULL));\\012ALTER TABLE EXPERIMENT_TYPE_PROPERTY_TYPES ADD CONSTRAINT ETPT_CK CHECK ((IS_DYNAMIC IS TRUE AND SCRIPT_ID IS NOT NULL) OR (IS_DYNAMIC IS FALSE AND SCRIPT_ID IS NULL));\\012ALTER TABLE DATA_SET_TYPE_PROPERTY_TYPES ADD CONSTRAINT DSTPT_CK CHECK ((IS_DYNAMIC IS TRUE AND SCRIPT_ID IS NOT NULL) OR (IS_DYNAMIC IS FALSE AND SCRIPT_ID IS NULL));\\012\\012	\N
\.


--
-- Data for Name: experiment_properties; Type: TABLE DATA; Schema: public; Owner: -
--

COPY experiment_properties (id, expe_id, etpt_id, value, cvte_id, mate_prop_id, pers_id_registerer, registration_timestamp, modification_timestamp) FROM stdin;
3	2	1	Example experiment	\N	\N	3	2010-05-10 19:15:50.404503+02	2010-05-10 19:15:50.616+02
\.


--
-- Data for Name: experiment_type_property_types; Type: TABLE DATA; Schema: public; Owner: -
--

COPY experiment_type_property_types (id, exty_id, prty_id, is_mandatory, is_managed_internally, pers_id_registerer, registration_timestamp, ordinal, section, is_dynamic, script_id) FROM stdin;
1	1	1	t	t	1	2008-06-17 16:38:49.023295+02	1	\N	f	\N
2	2	1	t	t	1	2008-06-17 16:38:49.301922+02	1	\N	f	\N
5	1	13	f	f	1	2009-12-17 10:54:01.261178+01	2	\N	f	\N
\.


--
-- Data for Name: experiment_types; Type: TABLE DATA; Schema: public; Owner: -
--

COPY experiment_types (id, code, description, dbin_id, modification_timestamp) FROM stdin;
2	COMPOUND_HCS	Compound High Content Screening	1	2009-11-27 16:02:26.451046+01
1	SIRNA_HCS	Small Interfering RNA High Content Screening	1	2009-11-27 16:02:26.451046+01
\.


--
-- Data for Name: experiments; Type: TABLE DATA; Schema: public; Owner: -
--

COPY experiments (id, perm_id, code, exty_id, mate_id_study_object, pers_id_registerer, registration_timestamp, modification_timestamp, proj_id, inva_id, is_public) FROM stdin;
2	20100510191550585-2	E1	1	\N	3	2010-05-10 19:15:50.404503+02	2010-05-10 19:15:50.609+02	1	\N	f
\.


--
-- Data for Name: file_format_types; Type: TABLE DATA; Schema: public; Owner: -
--

COPY file_format_types (id, code, description, dbin_id) FROM stdin;
1	HDF5	Hierarchical Data Format File, version 5	1
2	PROPRIETARY	Proprietary Format File	1
3	SRF	Sequence Read Format File	1
4	TIFF	TIFF File	1
5	TSV	Tab Separated Values File	1
6	XML	XML File	1
7	PNG	\N	1
8	CSV	files with values separated by comma or semicolon	1
9	JPG	\N	1
\.


--
-- Data for Name: filters; Type: TABLE DATA; Schema: public; Owner: -
--

COPY filters (id, dbin_id, name, description, registration_timestamp, pers_id_registerer, modification_timestamp, expression, is_public, grid_id) FROM stdin;
9	1	Infection index	\N	2009-12-16 21:19:19.012657+01	1	2009-12-16 22:41:56.863+01	float(row.col('colIndex_5')) > float(${threshold})	t	data-set-reporting-gridplate-image-analysis-merger
8	1	Total number of cells	\N	2009-12-16 21:18:05.161964+01	1	2009-12-16 22:42:31.707+01	int(row.col('colIndex_3')) > int(${threshold})	t	data-set-reporting-gridplate-image-analysis-merger
7	1	Number of infected cells	\N	2009-12-16 21:17:40.765083+01	1	2009-12-16 22:42:46.052+01	int(row.col('colIndex_4')) > int(${threshold})	t	data-set-reporting-gridplate-image-analysis-merger
\.


--
-- Data for Name: groups; Type: TABLE DATA; Schema: public; Owner: -
--

COPY groups (id, code, dbin_id, description, registration_timestamp, pers_id_registerer) FROM stdin;
1	TEST	1	\N	2010-05-10 18:28:21.87885+02	3
\.


--
-- Data for Name: locator_types; Type: TABLE DATA; Schema: public; Owner: -
--

COPY locator_types (id, code, description) FROM stdin;
1	RELATIVE_LOCATION	Relative Location
\.


--
-- Data for Name: material_type_property_types; Type: TABLE DATA; Schema: public; Owner: -
--

COPY material_type_property_types (id, maty_id, prty_id, is_mandatory, is_managed_internally, registration_timestamp, pers_id_registerer, ordinal, section, is_dynamic, script_id) FROM stdin;
10	4	7	t	f	2009-11-27 16:02:45.060699+01	1	4	\N	f	\N
9	5	1	f	f	2008-02-28 13:03:03.358532+01	1	1	\N	f	\N
8	4	1	f	f	2008-02-28 13:03:03.358532+01	1	3	\N	f	\N
6	4	3	t	f	2008-02-28 13:03:03.358532+01	1	1	\N	f	\N
5	3	1	f	f	2008-02-28 13:03:03.358532+01	1	2	\N	f	\N
3	7	1	t	f	2008-02-28 13:03:03.358532+01	1	1	\N	f	\N
2	6	1	t	f	2008-02-28 13:03:03.358532+01	1	1	\N	f	\N
1	1	1	t	f	2008-02-28 13:03:03.358532+01	1	1	\N	f	\N
102	4	101	f	f	2010-05-10 19:12:07.600654+02	3	5	\N	f	\N
103	3	103	f	f	2010-10-29 13:39:25.611453+02	1	4	\N	f	\N
\.


--
-- Data for Name: material_types; Type: TABLE DATA; Schema: public; Owner: -
--

COPY material_types (id, code, description, dbin_id, modification_timestamp) FROM stdin;
1	VIRUS	Virus	1	2009-11-27 16:02:26.451046+01
2	CELL_LINE	Cell Line or Cell Culture. The growing of cells under controlled conditions.	1	2009-11-27 16:02:26.451046+01
3	GENE	Gene	1	2009-11-27 16:02:26.451046+01
5	CONTROL	Control of a control layout	1	2009-11-27 16:02:26.451046+01
6	BACTERIUM	Bacterium	1	2009-11-27 16:02:26.451046+01
7	COMPOUND	Compound	1	2009-11-27 16:02:26.451046+01
4	SIRNA	Oligo nucleotide	1	2009-11-27 16:02:26.451046+01
\.


--
-- Data for Name: persons; Type: TABLE DATA; Schema: public; Owner: -
--

COPY persons (id, first_name, last_name, user_id, email, dbin_id, grou_id, registration_timestamp, pers_id_registerer, display_settings) FROM stdin;
1		System User	system		1	\N	2010-05-10 17:57:14.310868+02	\N	\N
2	Claude	Levi-Strauss	etlserver	franz-josef.elmer@systemsx.ch	1	\N	2010-05-10 17:57:26.252547+02	1	\\254\\355\\000\\005sr\\000Ach.systemsx.cisd.openbis.generic.shared.basic.dto.DisplaySettings\\000\\000\\000\\000\\000\\000\\000\\001\\002\\000\\005Z\\000)displayCustomColumnDebuggingErrorMessagesZ\\000\\025useWildcardSearchModeL\\000\\016columnSettingst\\000\\017Ljava/util/Map;L\\000\\035realNumberFormatingParameterst\\000QLch/systemsx/cisd/openbis/generic/shared/basic/dto/RealNumberFormatingParameters;L\\000\\017sectionSettingsq\\000~\\000\\001xp\\000\\000sr\\000\\027java.util.LinkedHashMap4\\300N\\\\\\020l\\300\\373\\002\\000\\001Z\\000\\013accessOrderxr\\000\\021java.util.HashMap\\005\\007\\332\\301\\303\\026`\\321\\003\\000\\002F\\000\\012loadFactorI\\000\\011thresholdxp?@\\000\\000\\000\\000\\000\\014w\\010\\000\\000\\000\\020\\000\\000\\000\\000x\\000sr\\000Och.systemsx.cisd.openbis.generic.shared.basic.dto.RealNumberFormatingParameters\\000\\000\\000\\000\\000\\000\\000\\001\\002\\000\\003Z\\000\\020formatingEnabledI\\000\\011precisionZ\\000\\012scientificxp\\001\\000\\000\\000\\004\\000sq\\000~\\000\\005?@\\000\\000\\000\\000\\000\\014w\\010\\000\\000\\000\\020\\000\\000\\000\\000x
3	Gunter	Kapuciski	admin	franz-josef.elmer@systemsx.ch	1	1	2010-05-10 18:23:44.96025+02	1	\\254\\355\\000\\005sr\\000Ach.systemsx.cisd.openbis.generic.shared.basic.dto.DisplaySettings\\000\\000\\000\\000\\000\\000\\000\\001\\002\\000\\005Z\\000)displayCustomColumnDebuggingErrorMessagesZ\\000\\025useWildcardSearchModeL\\000\\016columnSettingst\\000\\017Ljava/util/Map;L\\000\\035realNumberFormatingParameterst\\000QLch/systemsx/cisd/openbis/generic/shared/basic/dto/RealNumberFormatingParameters;L\\000\\017sectionSettingsq\\000~\\000\\001xp\\000\\000sr\\000\\027java.util.LinkedHashMap4\\300N\\\\\\020l\\300\\373\\002\\000\\001Z\\000\\013accessOrderxr\\000\\021java.util.HashMap\\005\\007\\332\\301\\303\\026`\\321\\003\\000\\002F\\000\\012loadFactorI\\000\\011thresholdxp?@\\000\\000\\000\\000\\000\\014w\\010\\000\\000\\000\\020\\000\\000\\000\\010t\\000\\024project-browser-gridsr\\000\\023java.util.ArrayListx\\201\\322\\035\\231\\307a\\235\\003\\000\\001I\\000\\004sizexp\\000\\000\\000\\005w\\004\\000\\000\\000\\012sr\\000?ch.systemsx.cisd.openbis.generic.shared.basic.dto.ColumnSetting\\000\\000\\000\\000\\000\\000\\000\\001\\002\\000\\004Z\\000\\011hasFilterZ\\000\\006hiddenI\\000\\005widthL\\000\\010columnIDt\\000\\022Ljava/lang/String;xp\\001\\000\\000\\000\\000\\226t\\000\\006PERSONsq\\000~\\000\\012\\001\\000\\000\\000\\000\\226t\\000\\023AUTHORIZATION_GROUPsq\\000~\\000\\012\\001\\000\\000\\000\\000\\226t\\000\\005GROUPsq\\000~\\000\\012\\001\\000\\000\\000\\000\\361t\\000\\004ROLEsq\\000~\\000\\012\\001\\000\\000\\000\\000\\226t\\000\\021DATABASE_INSTANCExt\\000*experiment-details-grid-DATA_SET-SIRNA_HCSsq\\000~\\000\\010\\000\\000\\000\\025w\\004\\000\\000\\000\\031sq\\000~\\000\\012\\001\\000\\000\\000\\000\\226t\\000\\004CODEsq\\000~\\000\\012\\000\\001\\000\\000\\000dt\\000\\006SAMPLEsq\\000~\\000\\012\\000\\000\\000\\000\\000\\310t\\000\\021SAMPLE_IDENTIFIERsq\\000~\\000\\012\\000\\001\\000\\000\\000\\226t\\000\\013SAMPLE_TYPEsq\\000~\\000\\012\\000\\001\\000\\000\\000dt\\000\\012EXPERIMENTsq\\000~\\000\\012\\000\\001\\000\\000\\000dt\\000\\025EXPERIMENT_IDENTIFIERsq\\000~\\000\\012\\000\\001\\000\\000\\000xt\\000\\017EXPERIMENT_TYPEsq\\000~\\000\\012\\000\\001\\000\\000\\000\\226t\\000\\007PROJECTsq\\000~\\000\\012\\000\\000\\000\\000\\000\\310t\\000\\021REGISTRATION_DATEsq\\000~\\000\\012\\000\\001\\000\\000\\000\\226t\\000\\012IS_INVALIDsq\\000~\\000\\012\\000\\001\\000\\000\\000\\226t\\000\\013SOURCE_TYPEsq\\000~\\000\\012\\000\\001\\000\\000\\000\\226t\\000\\013IS_COMPLETEsq\\000~\\000\\012\\000\\001\\000\\000\\000\\226t\\000\\010LOCATIONsq\\000~\\000\\012\\000\\001\\000\\000\\000\\310t\\000\\006STATUSsq\\000~\\000\\012\\001\\000\\000\\000\\000\\226t\\000\\020FILE_FORMAT_TYPEsq\\000~\\000\\012\\000\\000\\000\\000\\000\\226t\\000\\015DATA_SET_TYPEsq\\000~\\000\\012\\000\\001\\000\\000\\000\\310t\\000\\017PRODUCTION_DATEsq\\000~\\000\\012\\000\\001\\000\\000\\000\\226t\\000\\022DATA_PRODUCER_CODEsq\\000~\\000\\012\\000\\001\\000\\000\\000\\226t\\000\\017DATA_STORE_CODEsq\\000~\\000\\012\\000\\001\\000\\000\\000\\226t\\000\\007PERM_IDsq\\000~\\000\\012\\000\\001\\000\\000\\000\\226t\\000\\021SHOW_DETAILS_LINKxt\\000\\031plugin-tasks-browser-gridsq\\000~\\000\\010\\000\\000\\000\\002w\\004\\000\\000\\000\\012sq\\000~\\000\\012\\000\\000\\000\\000\\001\\023t\\000\\005labelsq\\000~\\000\\012\\000\\000\\000\\000\\000\\252t\\000\\016data_set_typesxt\\000.experiment-details-grid-SAMPLE-(all)-SIRNA_HCSsq\\000~\\000\\010\\000\\000\\000\\017w\\004\\000\\000\\000\\020sq\\000~\\000\\012\\000\\001\\000\\000\\000\\226q\\000~\\000\\025sq\\000~\\000\\012\\000\\001\\000\\000\\000\\226q\\000~\\000\\021sq\\000~\\000\\012\\001\\000\\000\\000\\000\\226q\\000~\\000\\031sq\\000~\\000\\012\\000\\001\\000\\000\\000\\226t\\000\\007SUBCODEsq\\000~\\000\\012\\000\\001\\000\\000\\000\\226q\\000~\\000\\035sq\\000~\\000\\012\\000\\001\\000\\000\\000\\226q\\000~\\000\\037sq\\000~\\000\\012\\000\\001\\000\\000\\000\\226t\\000\\022IS_INSTANCE_SAMPLEsq\\000~\\000\\012\\000\\001\\000\\000\\000\\226q\\000~\\000+sq\\000~\\000\\012\\000\\001\\000\\000\\000\\226q\\000~\\000!sq\\000~\\000\\012\\000\\001\\000\\000\\000\\310q\\000~\\000#sq\\000~\\000\\012\\000\\001\\000\\000\\000\\226q\\000~\\000'sq\\000~\\000\\012\\000\\000\\000\\000\\000\\226t\\000\\013REGISTRATORsq\\000~\\000\\012\\000\\000\\000\\000\\001,q\\000~\\000)sq\\000~\\000\\012\\000\\001\\000\\000\\000\\226q\\000~\\000?sq\\000~\\000\\012\\000\\001\\000\\000\\000\\226q\\000~\\000Axt\\000"entity-browser-grid-MATERIAL-OLIGOsq\\000~\\000\\010\\000\\000\\000\\011w\\004\\000\\000\\000\\012sq\\000~\\000\\012\\001\\000\\000\\000\\000\\226q\\000~\\000\\031sq\\000~\\000\\012\\000\\001\\000\\000\\000\\226t\\000\\015MATERIAL_TYPEsq\\000~\\000\\012\\000\\001\\000\\000\\000\\226q\\000~\\000\\025sq\\000~\\000\\012\\000\\001\\000\\000\\000\\226q\\000~\\000Xsq\\000~\\000\\012\\000\\001\\000\\000\\000\\310q\\000~\\000)sq\\000~\\000\\012\\001\\000\\000\\000\\0014t\\000!property-USER-NUCLEOTIDE_SEQUENCEsq\\000~\\000\\012\\000\\001\\000\\000\\000xt\\000\\031property-USER-DESCRIPTIONsq\\000~\\000\\012\\001\\000\\000\\000\\000xt\\000\\032property-USER-INHIBITOR_OFsq\\000~\\000\\012\\000\\001\\000\\000\\000xt\\000\\030property-USER-LIBRARY_IDxt\\000!entity-browser-grid-MATERIAL-GENEsq\\000~\\000\\010\\000\\000\\000\\007w\\004\\000\\000\\000\\012sq\\000~\\000\\012\\001\\000\\000\\000\\000\\226q\\000~\\000\\031sq\\000~\\000\\012\\000\\001\\000\\000\\000\\226q\\000~\\000`sq\\000~\\000\\012\\000\\001\\000\\000\\000\\226q\\000~\\000\\025sq\\000~\\000\\012\\000\\001\\000\\000\\000\\226q\\000~\\000Xsq\\000~\\000\\012\\001\\000\\000\\000\\003!q\\000~\\000gsq\\000~\\000\\012\\000\\000\\000\\000\\001(q\\000~\\000)sq\\000~\\000\\012\\000\\001\\000\\000\\000xq\\000~\\000kxt\\000"sample-details-grid-DATA_SET-PLATEsq\\000~\\000\\010\\000\\000\\000\\025w\\004\\000\\000\\000\\031sq\\000~\\000\\012\\001\\000\\000\\000\\000\\226q\\000~\\000\\031sq\\000~\\000\\012\\000\\001\\000\\000\\000dq\\000~\\000\\033sq\\000~\\000\\012\\000\\001\\000\\000\\000\\310q\\000~\\000\\035sq\\000~\\000\\012\\000\\001\\000\\000\\000\\226q\\000~\\000\\037sq\\000~\\000\\012\\000\\001\\000\\000\\000dq\\000~\\000!sq\\000~\\000\\012\\000\\001\\000\\000\\000dq\\000~\\000#sq\\000~\\000\\012\\000\\001\\000\\000\\000xq\\000~\\000%sq\\000~\\000\\012\\000\\001\\000\\000\\000\\226q\\000~\\000'sq\\000~\\000\\012\\000\\000\\000\\000\\000\\310q\\000~\\000)sq\\000~\\000\\012\\000\\001\\000\\000\\000\\226q\\000~\\000+sq\\000~\\000\\012\\000\\001\\000\\000\\000\\226q\\000~\\000-sq\\000~\\000\\012\\000\\001\\000\\000\\000\\226q\\000~\\000/sq\\000~\\000\\012\\000\\001\\000\\000\\000\\226q\\000~\\0001sq\\000~\\000\\012\\000\\001\\000\\000\\000\\310q\\000~\\0003sq\\000~\\000\\012\\001\\000\\000\\000\\000\\226q\\000~\\0005sq\\000~\\000\\012\\000\\000\\000\\000\\000\\226q\\000~\\0007sq\\000~\\000\\012\\000\\001\\000\\000\\000\\310q\\000~\\0009sq\\000~\\000\\012\\000\\001\\000\\000\\000\\226q\\000~\\000;sq\\000~\\000\\012\\000\\001\\000\\000\\000\\226q\\000~\\000=sq\\000~\\000\\012\\000\\001\\000\\000\\000\\226q\\000~\\000?sq\\000~\\000\\012\\000\\001\\000\\000\\000\\226q\\000~\\000Axt\\000&sample-details-grid-SAMPLE-(all)-PLATEsq\\000~\\000\\010\\000\\000\\000\\017w\\004\\000\\000\\000\\020sq\\000~\\000\\012\\000\\001\\000\\000\\000\\226q\\000~\\000\\025sq\\000~\\000\\012\\000\\001\\000\\000\\000\\226q\\000~\\000\\021sq\\000~\\000\\012\\001\\000\\000\\000\\000\\226q\\000~\\000\\031sq\\000~\\000\\012\\000\\001\\000\\000\\000\\226q\\000~\\000Nsq\\000~\\000\\012\\000\\001\\000\\000\\000\\226q\\000~\\000\\035sq\\000~\\000\\012\\000\\001\\000\\000\\000\\226q\\000~\\000\\037sq\\000~\\000\\012\\000\\001\\000\\000\\000\\226q\\000~\\000Rsq\\000~\\000\\012\\000\\001\\000\\000\\000\\226q\\000~\\000+sq\\000~\\000\\012\\000\\001\\000\\000\\000\\226q\\000~\\000!sq\\000~\\000\\012\\000\\001\\000\\000\\000\\310q\\000~\\000#sq\\000~\\000\\012\\000\\001\\000\\000\\000\\226q\\000~\\000'sq\\000~\\000\\012\\000\\001\\000\\000\\000\\226q\\000~\\000Xsq\\000~\\000\\012\\000\\001\\000\\000\\001,q\\000~\\000)sq\\000~\\000\\012\\000\\001\\000\\000\\000\\226q\\000~\\000?sq\\000~\\000\\012\\000\\001\\000\\000\\000\\226q\\000~\\000Axx\\000sr\\000Och.systemsx.cisd.openbis.generic.shared.basic.dto.RealNumberFormatingParameters\\000\\000\\000\\000\\000\\000\\000\\001\\002\\000\\003Z\\000\\020formatingEnabledI\\000\\011precisionZ\\000\\012scientificxp\\001\\000\\000\\000\\004\\000sq\\000~\\000\\005?@\\000\\000\\000\\000\\000\\014w\\010\\000\\000\\000\\020\\000\\000\\000\\005t\\0003data-set-sectiongeneric-experiment-viewer-SIRNA_HCSsr\\000\\021java.lang.Boolean\\315 r\\200\\325\\234\\372\\356\\002\\000\\001Z\\000\\005valuexp\\001t\\000+data-set-sectiongeneric-sample-viewer-PLATEsq\\000~\\000\\241\\000t\\000)sample-sectiongeneric-sample-viewer-PLATEq\\000~\\000\\244t\\000-attachment-sectiongeneric-sample-viewer-PLATEq\\000~\\000\\244t\\0005attachment-sectiongeneric-experiment-viewer-SIRNA_HCSq\\000~\\000\\244x
\.


--
-- Data for Name: projects; Type: TABLE DATA; Schema: public; Owner: -
--

COPY projects (id, code, grou_id, pers_id_leader, description, pers_id_registerer, registration_timestamp, modification_timestamp) FROM stdin;
1	TEST-PROJECT	1	\N	\N	3	2010-05-10 18:38:39.168462+02	2010-05-10 19:15:50.619+02
\.


--
-- Data for Name: property_types; Type: TABLE DATA; Schema: public; Owner: -
--

COPY property_types (id, code, description, label, daty_id, registration_timestamp, pers_id_registerer, covo_id, is_managed_internally, is_internal_namespace, dbin_id, maty_prop_id, schema, transformation) FROM stdin;
1	DESCRIPTION	A Description	Description	1	2010-05-10 17:57:14.310868+02	1	\N	f	f	1	\N	\N	\N
3	NUCLEOTIDE_SEQUENCE	A sequence of nucleotides	Nucleotide Sequence	1	2008-02-28 13:03:03.358532+01	1	\N	f	f	1	\N	\N	\N
4	REFSEQ	NCBI Reference Sequence code, applicable to sequences of type: DNA, RNA, protein	RefSeq	1	2008-02-28 13:03:03.358532+01	1	\N	f	f	1	\N	\N	\N
13	MICROSCOPE	 	Microscope	7	2009-11-29 23:57:05.85618+01	1	3	f	f	1	\N	\N	\N
7	INHIBITOR_OF	Inhibitor Of	Inhibitor Of	8	2009-11-27 16:02:45.060699+01	1	\N	f	f	1	3	\N	\N
12	CONTROL	Control	Control	8	2009-11-29 23:56:37.355313+01	1	\N	f	f	1	5	\N	\N
6	PLATE_GEOMETRY	Plate Geometry	Plate Geometry	7	2008-06-17 16:38:30.723292+02	1	2	t	t	1	\N	\N	\N
15	NUMBER_OF_CHANNEL	 	Channels	3	2009-12-17 10:56:17.239319+01	1	\N	f	f	1	\N	\N	\N
101	LIBRARY_ID	ID in the library	Library ID	1	2010-05-10 19:11:46.382687+02	3	\N	f	f	1	\N	\N	\N
102	GENE	Inhibited gene	Gene	8	2010-10-29 13:39:25.49557+02	1	\N	f	f	1	3	\N	\N
103	GENE_SYMBOLS	Gene symbols	Gene symbols	1	2010-10-29 13:39:25.611453+02	1	\N	f	f	1	\N	\N	\N
11	SIRNA	Oligo	siRNA	8	2009-11-29 23:56:19.39967+01	1	\N	f	f	1	4	\N	\N
\.


--
-- Data for Name: relationship_types; Type: TABLE DATA; Schema: public; Owner: -
--

COPY relationship_types (id, code, label, parent_label, child_label, description, registration_timestamp, pers_id_registerer, is_managed_internally, is_internal_namespace, dbin_id) FROM stdin;
1	PARENT_CHILD	Parent - Child	Parent	Child	Parent - Child relationship	2010-10-29 13:39:25.49557+02	1	t	t	1
2	PLATE_CONTROL_LAYOUT	Plate - Control Layout	Plate	Control Layout	Plate - Control Layout relationship	2010-10-29 13:39:25.49557+02	1	t	t	1
\.


--
-- Data for Name: role_assignments; Type: TABLE DATA; Schema: public; Owner: -
--

COPY role_assignments (id, role_code, grou_id, dbin_id, pers_id_grantee, ag_id_grantee, pers_id_registerer, registration_timestamp) FROM stdin;
2	ETL_SERVER	\N	1	2	\N	1	2010-05-10 18:26:28.944973+02
1	ADMIN	\N	1	3	\N	1	2010-05-10 17:57:26.252547+02
\.

--
-- Data for Name: sample_type_property_types; Type: TABLE DATA; Schema: public; Owner: -
--

COPY sample_type_property_types (id, saty_id, prty_id, is_mandatory, is_managed_internally, pers_id_registerer, registration_timestamp, is_displayed, ordinal, section, is_dynamic, script_id) FROM stdin;
8	7	11	f	f	1	2009-11-29 23:57:38.268212+01	t	1	\N	f	\N
9	8	12	f	f	1	2009-11-29 23:57:49.098187+01	t	1	\N	f	\N
10	3	6	f	f	1	2009-11-30 01:28:20.972263+01	t	1	\N	f	\N
101	7	102	f	f	1	2010-10-29 13:39:25.49557+02	t	2	\N	f	\N
\.


--
-- Data for Name: sample_types; Type: TABLE DATA; Schema: public; Owner: -
--

COPY sample_types (id, code, description, dbin_id, is_listable, generated_from_depth, part_of_depth, modification_timestamp, is_auto_generated_code, generated_code_prefix, is_subcode_unique) FROM stdin;
8	CONTROL_WELL	\N	1	f	0	1	2009-11-27 19:42:25.791288+01	f	C	f
9	LIBRARY	\N	1	f	0	0	2009-11-27 19:42:25.791288+01	f	L	f
3	PLATE	Cell Plate	1	t	1	0	2009-11-27 16:02:26.451046+01	f	S	f
7	SIRNA_WELL	\N	1	f	0	1	2009-11-27 19:42:03.483115+01	f	O	f
\.


--
-- Name: ag_bk_uk; Type: CONSTRAINT; Schema: public; Owner: -; Tablespace: 
--

ALTER TABLE ONLY authorization_groups
    ADD CONSTRAINT ag_bk_uk UNIQUE (code, dbin_id);


--
-- Name: ag_pk; Type: CONSTRAINT; Schema: public; Owner: -; Tablespace: 
--

ALTER TABLE ONLY authorization_groups
    ADD CONSTRAINT ag_pk PRIMARY KEY (id);


--
-- Name: agp_pk; Type: CONSTRAINT; Schema: public; Owner: -; Tablespace: 
--

ALTER TABLE ONLY authorization_group_persons
    ADD CONSTRAINT agp_pk PRIMARY KEY (pers_id, ag_id);


--
-- Name: atta_expe_bk_uk; Type: CONSTRAINT; Schema: public; Owner: -; Tablespace: 
--

ALTER TABLE ONLY attachments
    ADD CONSTRAINT atta_expe_bk_uk UNIQUE (expe_id, file_name, version);


--
-- Name: atta_pk; Type: CONSTRAINT; Schema: public; Owner: -; Tablespace: 
--

ALTER TABLE ONLY attachments
    ADD CONSTRAINT atta_pk PRIMARY KEY (id);


--
-- Name: atta_proj_bk_uk; Type: CONSTRAINT; Schema: public; Owner: -; Tablespace: 
--

ALTER TABLE ONLY attachments
    ADD CONSTRAINT atta_proj_bk_uk UNIQUE (proj_id, file_name, version);


--
-- Name: atta_samp_bk_uk; Type: CONSTRAINT; Schema: public; Owner: -; Tablespace: 
--

ALTER TABLE ONLY attachments
    ADD CONSTRAINT atta_samp_bk_uk UNIQUE (samp_id, file_name, version);


--
-- Name: covo_bk_uk; Type: CONSTRAINT; Schema: public; Owner: -; Tablespace: 
--

ALTER TABLE ONLY controlled_vocabularies
    ADD CONSTRAINT covo_bk_uk UNIQUE (code, is_internal_namespace, dbin_id);


--
-- Name: covo_pk; Type: CONSTRAINT; Schema: public; Owner: -; Tablespace: 
--

ALTER TABLE ONLY controlled_vocabularies
    ADD CONSTRAINT covo_pk PRIMARY KEY (id);


--
-- Name: cvte_bk_uk; Type: CONSTRAINT; Schema: public; Owner: -; Tablespace: 
--

ALTER TABLE ONLY controlled_vocabulary_terms
    ADD CONSTRAINT cvte_bk_uk UNIQUE (code, covo_id);


--
-- Name: cvte_pk; Type: CONSTRAINT; Schema: public; Owner: -; Tablespace: 
--

ALTER TABLE ONLY controlled_vocabulary_terms
    ADD CONSTRAINT cvte_pk PRIMARY KEY (id);


--
-- Name: dast_bk_uk; Type: CONSTRAINT; Schema: public; Owner: -; Tablespace: 
--

ALTER TABLE ONLY data_stores
    ADD CONSTRAINT dast_bk_uk UNIQUE (code, dbin_id);


--
-- Name: dast_pk; Type: CONSTRAINT; Schema: public; Owner: -; Tablespace: 
--

ALTER TABLE ONLY data_stores
    ADD CONSTRAINT dast_pk PRIMARY KEY (id);


--
-- Name: data_bk_uk; Type: CONSTRAINT; Schema: public; Owner: -; Tablespace: 
--

ALTER TABLE ONLY data
    ADD CONSTRAINT data_bk_uk UNIQUE (code);


--
-- Name: data_pk; Type: CONSTRAINT; Schema: public; Owner: -; Tablespace: 
--

ALTER TABLE ONLY data
    ADD CONSTRAINT data_pk PRIMARY KEY (id);


--
-- Name: daty_bk_uk; Type: CONSTRAINT; Schema: public; Owner: -; Tablespace: 
--

ALTER TABLE ONLY data_types
    ADD CONSTRAINT daty_bk_uk UNIQUE (code);


--
-- Name: daty_pk; Type: CONSTRAINT; Schema: public; Owner: -; Tablespace: 
--

ALTER TABLE ONLY data_types
    ADD CONSTRAINT daty_pk PRIMARY KEY (id);


--
-- Name: dbin_bk_uk; Type: CONSTRAINT; Schema: public; Owner: -; Tablespace: 
--

ALTER TABLE ONLY database_instances
    ADD CONSTRAINT dbin_bk_uk UNIQUE (code);


--
-- Name: dbin_pk; Type: CONSTRAINT; Schema: public; Owner: -; Tablespace: 
--

ALTER TABLE ONLY database_instances
    ADD CONSTRAINT dbin_pk PRIMARY KEY (id);


--
-- Name: dbin_uuid_uk; Type: CONSTRAINT; Schema: public; Owner: -; Tablespace: 
--

ALTER TABLE ONLY database_instances
    ADD CONSTRAINT dbin_uuid_uk UNIQUE (uuid);


--
-- Name: dspr_bk_uk; Type: CONSTRAINT; Schema: public; Owner: -; Tablespace: 
--

ALTER TABLE ONLY data_set_properties
    ADD CONSTRAINT dspr_bk_uk UNIQUE (ds_id, dstpt_id);


--
-- Name: dspr_pk; Type: CONSTRAINT; Schema: public; Owner: -; Tablespace: 
--

ALTER TABLE ONLY data_set_properties
    ADD CONSTRAINT dspr_pk PRIMARY KEY (id);


--
-- Name: dsre_bk_uk; Type: CONSTRAINT; Schema: public; Owner: -; Tablespace: 
--

ALTER TABLE ONLY data_set_relationships
    ADD CONSTRAINT dsre_bk_uk UNIQUE (data_id_child, data_id_parent);


--
-- Name: dssdst_bk_uk; Type: CONSTRAINT; Schema: public; Owner: -; Tablespace: 
--

ALTER TABLE ONLY data_store_service_data_set_types
    ADD CONSTRAINT dssdst_bk_uk UNIQUE (data_store_service_id, data_set_type_id);


--
-- Name: dsse_bk_uk; Type: CONSTRAINT; Schema: public; Owner: -; Tablespace: 
--

ALTER TABLE ONLY data_store_services
    ADD CONSTRAINT dsse_bk_uk UNIQUE (key, data_store_id);


--
-- Name: dsse_pk; Type: CONSTRAINT; Schema: public; Owner: -; Tablespace: 
--

ALTER TABLE ONLY data_store_services
    ADD CONSTRAINT dsse_pk PRIMARY KEY (id);


--
-- Name: dstpt_bk_uk; Type: CONSTRAINT; Schema: public; Owner: -; Tablespace: 
--

ALTER TABLE ONLY data_set_type_property_types
    ADD CONSTRAINT dstpt_bk_uk UNIQUE (dsty_id, prty_id);


--
-- Name: dstpt_pk; Type: CONSTRAINT; Schema: public; Owner: -; Tablespace: 
--

ALTER TABLE ONLY data_set_type_property_types
    ADD CONSTRAINT dstpt_pk PRIMARY KEY (id);


--
-- Name: dsty_bk_uk; Type: CONSTRAINT; Schema: public; Owner: -; Tablespace: 
--

ALTER TABLE ONLY data_set_types
    ADD CONSTRAINT dsty_bk_uk UNIQUE (code, dbin_id);


--
-- Name: dsty_pk; Type: CONSTRAINT; Schema: public; Owner: -; Tablespace: 
--

ALTER TABLE ONLY data_set_types
    ADD CONSTRAINT dsty_pk PRIMARY KEY (id);


--
-- Name: etpt_bk_uk; Type: CONSTRAINT; Schema: public; Owner: -; Tablespace: 
--

ALTER TABLE ONLY experiment_type_property_types
    ADD CONSTRAINT etpt_bk_uk UNIQUE (exty_id, prty_id);


--
-- Name: etpt_pk; Type: CONSTRAINT; Schema: public; Owner: -; Tablespace: 
--

ALTER TABLE ONLY experiment_type_property_types
    ADD CONSTRAINT etpt_pk PRIMARY KEY (id);


--
-- Name: evnt_pk; Type: CONSTRAINT; Schema: public; Owner: -; Tablespace: 
--

ALTER TABLE ONLY events
    ADD CONSTRAINT evnt_pk PRIMARY KEY (id);


--
-- Name: exac_pk; Type: CONSTRAINT; Schema: public; Owner: -; Tablespace: 
--

ALTER TABLE ONLY attachment_contents
    ADD CONSTRAINT exac_pk PRIMARY KEY (id);


--
-- Name: exda_bk_uk; Type: CONSTRAINT; Schema: public; Owner: -; Tablespace: 
--

ALTER TABLE ONLY external_data
    ADD CONSTRAINT exda_bk_uk UNIQUE (location, loty_id);


--
-- Name: exda_pk; Type: CONSTRAINT; Schema: public; Owner: -; Tablespace: 
--

ALTER TABLE ONLY external_data
    ADD CONSTRAINT exda_pk PRIMARY KEY (data_id);


--
-- Name: expe_bk_uk; Type: CONSTRAINT; Schema: public; Owner: -; Tablespace: 
--

ALTER TABLE ONLY experiments
    ADD CONSTRAINT expe_bk_uk UNIQUE (code, proj_id);


--
-- Name: expe_pi_uk; Type: CONSTRAINT; Schema: public; Owner: -; Tablespace: 
--

ALTER TABLE ONLY experiments
    ADD CONSTRAINT expe_pi_uk UNIQUE (perm_id);


--
-- Name: expe_pk; Type: CONSTRAINT; Schema: public; Owner: -; Tablespace: 
--

ALTER TABLE ONLY experiments
    ADD CONSTRAINT expe_pk PRIMARY KEY (id);


--
-- Name: expr_bk_uk; Type: CONSTRAINT; Schema: public; Owner: -; Tablespace: 
--

ALTER TABLE ONLY experiment_properties
    ADD CONSTRAINT expr_bk_uk UNIQUE (expe_id, etpt_id);


--
-- Name: expr_pk; Type: CONSTRAINT; Schema: public; Owner: -; Tablespace: 
--

ALTER TABLE ONLY experiment_properties
    ADD CONSTRAINT expr_pk PRIMARY KEY (id);


--
-- Name: exty_bk_uk; Type: CONSTRAINT; Schema: public; Owner: -; Tablespace: 
--

ALTER TABLE ONLY experiment_types
    ADD CONSTRAINT exty_bk_uk UNIQUE (code, dbin_id);


--
-- Name: exty_pk; Type: CONSTRAINT; Schema: public; Owner: -; Tablespace: 
--

ALTER TABLE ONLY experiment_types
    ADD CONSTRAINT exty_pk PRIMARY KEY (id);


--
-- Name: ffty_bk_uk; Type: CONSTRAINT; Schema: public; Owner: -; Tablespace: 
--

ALTER TABLE ONLY file_format_types
    ADD CONSTRAINT ffty_bk_uk UNIQUE (code, dbin_id);


--
-- Name: ffty_pk; Type: CONSTRAINT; Schema: public; Owner: -; Tablespace: 
--

ALTER TABLE ONLY file_format_types
    ADD CONSTRAINT ffty_pk PRIMARY KEY (id);


--
-- Name: filt_bk_uk; Type: CONSTRAINT; Schema: public; Owner: -; Tablespace: 
--

ALTER TABLE ONLY filters
    ADD CONSTRAINT filt_bk_uk UNIQUE (name, dbin_id, grid_id);


--
-- Name: filt_pk; Type: CONSTRAINT; Schema: public; Owner: -; Tablespace: 
--

ALTER TABLE ONLY filters
    ADD CONSTRAINT filt_pk PRIMARY KEY (id);


--
-- Name: grid_custom_columns_bk_uk; Type: CONSTRAINT; Schema: public; Owner: -; Tablespace: 
--

ALTER TABLE ONLY grid_custom_columns
    ADD CONSTRAINT grid_custom_columns_bk_uk UNIQUE (code, dbin_id, grid_id);


--
-- Name: grid_custom_columns_pk; Type: CONSTRAINT; Schema: public; Owner: -; Tablespace: 
--

ALTER TABLE ONLY grid_custom_columns
    ADD CONSTRAINT grid_custom_columns_pk PRIMARY KEY (id);


--
-- Name: grou_bk_uk; Type: CONSTRAINT; Schema: public; Owner: -; Tablespace: 
--

ALTER TABLE ONLY groups
    ADD CONSTRAINT grou_bk_uk UNIQUE (code, dbin_id);


--
-- Name: grou_pk; Type: CONSTRAINT; Schema: public; Owner: -; Tablespace: 
--

ALTER TABLE ONLY groups
    ADD CONSTRAINT grou_pk PRIMARY KEY (id);


--
-- Name: inva_pk; Type: CONSTRAINT; Schema: public; Owner: -; Tablespace: 
--

ALTER TABLE ONLY invalidations
    ADD CONSTRAINT inva_pk PRIMARY KEY (id);


--
-- Name: loty_bk_uk; Type: CONSTRAINT; Schema: public; Owner: -; Tablespace: 
--

ALTER TABLE ONLY locator_types
    ADD CONSTRAINT loty_bk_uk UNIQUE (code);


--
-- Name: loty_pk; Type: CONSTRAINT; Schema: public; Owner: -; Tablespace: 
--

ALTER TABLE ONLY locator_types
    ADD CONSTRAINT loty_pk PRIMARY KEY (id);


--
-- Name: mapr_bk_uk; Type: CONSTRAINT; Schema: public; Owner: -; Tablespace: 
--

ALTER TABLE ONLY material_properties
    ADD CONSTRAINT mapr_bk_uk UNIQUE (mate_id, mtpt_id);


--
-- Name: mapr_pk; Type: CONSTRAINT; Schema: public; Owner: -; Tablespace: 
--

ALTER TABLE ONLY material_properties
    ADD CONSTRAINT mapr_pk PRIMARY KEY (id);


--
-- Name: mate_bk_uk; Type: CONSTRAINT; Schema: public; Owner: -; Tablespace: 
--

ALTER TABLE ONLY materials
    ADD CONSTRAINT mate_bk_uk UNIQUE (code, maty_id, dbin_id);


--
-- Name: mate_pk; Type: CONSTRAINT; Schema: public; Owner: -; Tablespace: 
--

ALTER TABLE ONLY materials
    ADD CONSTRAINT mate_pk PRIMARY KEY (id);


--
-- Name: maty_bk_uk; Type: CONSTRAINT; Schema: public; Owner: -; Tablespace: 
--

ALTER TABLE ONLY material_types
    ADD CONSTRAINT maty_bk_uk UNIQUE (code, dbin_id);


--
-- Name: maty_pk; Type: CONSTRAINT; Schema: public; Owner: -; Tablespace: 
--

ALTER TABLE ONLY material_types
    ADD CONSTRAINT maty_pk PRIMARY KEY (id);


--
-- Name: mtpt_bk_uk; Type: CONSTRAINT; Schema: public; Owner: -; Tablespace: 
--

ALTER TABLE ONLY material_type_property_types
    ADD CONSTRAINT mtpt_bk_uk UNIQUE (maty_id, prty_id);


--
-- Name: mtpt_pk; Type: CONSTRAINT; Schema: public; Owner: -; Tablespace: 
--

ALTER TABLE ONLY material_type_property_types
    ADD CONSTRAINT mtpt_pk PRIMARY KEY (id);


--
-- Name: pers_bk_uk; Type: CONSTRAINT; Schema: public; Owner: -; Tablespace: 
--

ALTER TABLE ONLY persons
    ADD CONSTRAINT pers_bk_uk UNIQUE (dbin_id, user_id);


--
-- Name: pers_pk; Type: CONSTRAINT; Schema: public; Owner: -; Tablespace: 
--

ALTER TABLE ONLY persons
    ADD CONSTRAINT pers_pk PRIMARY KEY (id);


--
-- Name: proj_bk_uk; Type: CONSTRAINT; Schema: public; Owner: -; Tablespace: 
--

ALTER TABLE ONLY projects
    ADD CONSTRAINT proj_bk_uk UNIQUE (code, grou_id);


--
-- Name: proj_pk; Type: CONSTRAINT; Schema: public; Owner: -; Tablespace: 
--

ALTER TABLE ONLY projects
    ADD CONSTRAINT proj_pk PRIMARY KEY (id);


--
-- Name: prty_bk_uk; Type: CONSTRAINT; Schema: public; Owner: -; Tablespace: 
--

ALTER TABLE ONLY property_types
    ADD CONSTRAINT prty_bk_uk UNIQUE (code, is_internal_namespace, dbin_id);


--
-- Name: prty_pk; Type: CONSTRAINT; Schema: public; Owner: -; Tablespace: 
--

ALTER TABLE ONLY property_types
    ADD CONSTRAINT prty_pk PRIMARY KEY (id);


--
-- Name: quer_bk_uk; Type: CONSTRAINT; Schema: public; Owner: -; Tablespace: 
--

ALTER TABLE ONLY queries
    ADD CONSTRAINT quer_bk_uk UNIQUE (name, dbin_id);


--
-- Name: quer_pk; Type: CONSTRAINT; Schema: public; Owner: -; Tablespace: 
--

ALTER TABLE ONLY queries
    ADD CONSTRAINT quer_pk PRIMARY KEY (id);


--
-- Name: rety_pk; Type: CONSTRAINT; Schema: public; Owner: -; Tablespace: 
--

ALTER TABLE ONLY relationship_types
    ADD CONSTRAINT rety_pk PRIMARY KEY (id);


--
-- Name: rety_uk; Type: CONSTRAINT; Schema: public; Owner: -; Tablespace: 
--

ALTER TABLE ONLY relationship_types
    ADD CONSTRAINT rety_uk UNIQUE (code, dbin_id);


--
-- Name: roas_ag_group_bk_uk; Type: CONSTRAINT; Schema: public; Owner: -; Tablespace: 
--

ALTER TABLE ONLY role_assignments
    ADD CONSTRAINT roas_ag_group_bk_uk UNIQUE (ag_id_grantee, role_code, grou_id);


--
-- Name: roas_ag_instance_bk_uk; Type: CONSTRAINT; Schema: public; Owner: -; Tablespace: 
--

ALTER TABLE ONLY role_assignments
    ADD CONSTRAINT roas_ag_instance_bk_uk UNIQUE (ag_id_grantee, role_code, dbin_id);


--
-- Name: roas_pe_group_bk_uk; Type: CONSTRAINT; Schema: public; Owner: -; Tablespace: 
--

ALTER TABLE ONLY role_assignments
    ADD CONSTRAINT roas_pe_group_bk_uk UNIQUE (pers_id_grantee, role_code, grou_id);


--
-- Name: roas_pe_instance_bk_uk; Type: CONSTRAINT; Schema: public; Owner: -; Tablespace: 
--

ALTER TABLE ONLY role_assignments
    ADD CONSTRAINT roas_pe_instance_bk_uk UNIQUE (pers_id_grantee, role_code, dbin_id);


--
-- Name: roas_pk; Type: CONSTRAINT; Schema: public; Owner: -; Tablespace: 
--

ALTER TABLE ONLY role_assignments
    ADD CONSTRAINT roas_pk PRIMARY KEY (id);


--
-- Name: samp_pi_uk; Type: CONSTRAINT; Schema: public; Owner: -; Tablespace: 
--

ALTER TABLE ONLY samples
    ADD CONSTRAINT samp_pi_uk UNIQUE (perm_id);


--
-- Name: samp_pk; Type: CONSTRAINT; Schema: public; Owner: -; Tablespace: 
--

ALTER TABLE ONLY samples
    ADD CONSTRAINT samp_pk PRIMARY KEY (id);


--
-- Name: sapr_bk_uk; Type: CONSTRAINT; Schema: public; Owner: -; Tablespace: 
--

ALTER TABLE ONLY sample_properties
    ADD CONSTRAINT sapr_bk_uk UNIQUE (samp_id, stpt_id);


--
-- Name: sapr_pk; Type: CONSTRAINT; Schema: public; Owner: -; Tablespace: 
--

ALTER TABLE ONLY sample_properties
    ADD CONSTRAINT sapr_pk PRIMARY KEY (id);


--
-- Name: sare_bk_uk; Type: CONSTRAINT; Schema: public; Owner: -; Tablespace: 
--

ALTER TABLE ONLY sample_relationships
    ADD CONSTRAINT sare_bk_uk UNIQUE (sample_id_child, sample_id_parent, relationship_id);


--
-- Name: sare_pk; Type: CONSTRAINT; Schema: public; Owner: -; Tablespace: 
--

ALTER TABLE ONLY sample_relationships
    ADD CONSTRAINT sare_pk PRIMARY KEY (id);


--
-- Name: saty_bk_uk; Type: CONSTRAINT; Schema: public; Owner: -; Tablespace: 
--

ALTER TABLE ONLY sample_types
    ADD CONSTRAINT saty_bk_uk UNIQUE (code, dbin_id);


--
-- Name: saty_pk; Type: CONSTRAINT; Schema: public; Owner: -; Tablespace: 
--

ALTER TABLE ONLY sample_types
    ADD CONSTRAINT saty_pk PRIMARY KEY (id);


--
-- Name: scri_pk; Type: CONSTRAINT; Schema: public; Owner: -; Tablespace: 
--

ALTER TABLE ONLY scripts
    ADD CONSTRAINT scri_pk PRIMARY KEY (id);


--
-- Name: scri_uk; Type: CONSTRAINT; Schema: public; Owner: -; Tablespace: 
--

ALTER TABLE ONLY scripts
    ADD CONSTRAINT scri_uk UNIQUE (name, dbin_id);


--
-- Name: stpt_bk_uk; Type: CONSTRAINT; Schema: public; Owner: -; Tablespace: 
--

ALTER TABLE ONLY sample_type_property_types
    ADD CONSTRAINT stpt_bk_uk UNIQUE (saty_id, prty_id);


--
-- Name: stpt_pk; Type: CONSTRAINT; Schema: public; Owner: -; Tablespace: 
--

ALTER TABLE ONLY sample_type_property_types
    ADD CONSTRAINT stpt_pk PRIMARY KEY (id);


--
-- Name: atta_exac_fk_i; Type: INDEX; Schema: public; Owner: -; Tablespace: 
--

CREATE INDEX atta_exac_fk_i ON attachments USING btree (exac_id);


--
-- Name: atta_expe_fk_i; Type: INDEX; Schema: public; Owner: -; Tablespace: 
--

CREATE INDEX atta_expe_fk_i ON attachments USING btree (expe_id);


--
-- Name: atta_pers_fk_i; Type: INDEX; Schema: public; Owner: -; Tablespace: 
--

CREATE INDEX atta_pers_fk_i ON attachments USING btree (pers_id_registerer);


--
-- Name: atta_proj_fk_i; Type: INDEX; Schema: public; Owner: -; Tablespace: 
--

CREATE INDEX atta_proj_fk_i ON attachments USING btree (proj_id);


--
-- Name: atta_samp_fk_i; Type: INDEX; Schema: public; Owner: -; Tablespace: 
--

CREATE INDEX atta_samp_fk_i ON attachments USING btree (samp_id);


--
-- Name: covo_pers_fk_i; Type: INDEX; Schema: public; Owner: -; Tablespace: 
--

CREATE INDEX covo_pers_fk_i ON controlled_vocabularies USING btree (pers_id_registerer);


--
-- Name: cvte_covo_fk_i; Type: INDEX; Schema: public; Owner: -; Tablespace: 
--

CREATE INDEX cvte_covo_fk_i ON controlled_vocabulary_terms USING btree (covo_id);


--
-- Name: cvte_pers_fk_i; Type: INDEX; Schema: public; Owner: -; Tablespace: 
--

CREATE INDEX cvte_pers_fk_i ON controlled_vocabulary_terms USING btree (pers_id_registerer);


--
-- Name: dast_dbin_fk_i; Type: INDEX; Schema: public; Owner: -; Tablespace: 
--

CREATE INDEX dast_dbin_fk_i ON data_stores USING btree (dbin_id);


--
-- Name: data_dsty_fk_i; Type: INDEX; Schema: public; Owner: -; Tablespace: 
--

CREATE INDEX data_dsty_fk_i ON data USING btree (dsty_id);


--
-- Name: data_expe_fk_i; Type: INDEX; Schema: public; Owner: -; Tablespace: 
--

CREATE INDEX data_expe_fk_i ON data USING btree (expe_id);


--
-- Name: data_samp_fk_i; Type: INDEX; Schema: public; Owner: -; Tablespace: 
--

CREATE INDEX data_samp_fk_i ON data USING btree (samp_id);


--
-- Name: dspr_cvte_fk_i; Type: INDEX; Schema: public; Owner: -; Tablespace: 
--

CREATE INDEX dspr_cvte_fk_i ON data_set_properties USING btree (cvte_id);


--
-- Name: dspr_ds_fk_i; Type: INDEX; Schema: public; Owner: -; Tablespace: 
--

CREATE INDEX dspr_ds_fk_i ON data_set_properties USING btree (ds_id);


--
-- Name: dspr_dstpt_fk_i; Type: INDEX; Schema: public; Owner: -; Tablespace: 
--

CREATE INDEX dspr_dstpt_fk_i ON data_set_properties USING btree (dstpt_id);


--
-- Name: dspr_pers_fk_i; Type: INDEX; Schema: public; Owner: -; Tablespace: 
--

CREATE INDEX dspr_pers_fk_i ON data_set_properties USING btree (pers_id_registerer);


--
-- Name: dsre_data_fk_i_child; Type: INDEX; Schema: public; Owner: -; Tablespace: 
--

CREATE INDEX dsre_data_fk_i_child ON data_set_relationships USING btree (data_id_child);


--
-- Name: dsre_data_fk_i_parent; Type: INDEX; Schema: public; Owner: -; Tablespace: 
--

CREATE INDEX dsre_data_fk_i_parent ON data_set_relationships USING btree (data_id_parent);


--
-- Name: dssdst_ds_fk_i; Type: INDEX; Schema: public; Owner: -; Tablespace: 
--

CREATE INDEX dssdst_ds_fk_i ON data_store_service_data_set_types USING btree (data_store_service_id);


--
-- Name: dssdst_dst_fk_i; Type: INDEX; Schema: public; Owner: -; Tablespace: 
--

CREATE INDEX dssdst_dst_fk_i ON data_store_service_data_set_types USING btree (data_set_type_id);


--
-- Name: dsse_ds_fk_i; Type: INDEX; Schema: public; Owner: -; Tablespace: 
--

CREATE INDEX dsse_ds_fk_i ON data_store_services USING btree (data_store_id);


--
-- Name: dstpt_dsty_fk_i; Type: INDEX; Schema: public; Owner: -; Tablespace: 
--

CREATE INDEX dstpt_dsty_fk_i ON data_set_type_property_types USING btree (dsty_id);


--
-- Name: dstpt_pers_fk_i; Type: INDEX; Schema: public; Owner: -; Tablespace: 
--

CREATE INDEX dstpt_pers_fk_i ON data_set_type_property_types USING btree (pers_id_registerer);


--
-- Name: dstpt_prty_fk_i; Type: INDEX; Schema: public; Owner: -; Tablespace: 
--

CREATE INDEX dstpt_prty_fk_i ON data_set_type_property_types USING btree (prty_id);


--
-- Name: etpt_exty_fk_i; Type: INDEX; Schema: public; Owner: -; Tablespace: 
--

CREATE INDEX etpt_exty_fk_i ON experiment_type_property_types USING btree (exty_id);


--
-- Name: etpt_pers_fk_i; Type: INDEX; Schema: public; Owner: -; Tablespace: 
--

CREATE INDEX etpt_pers_fk_i ON experiment_type_property_types USING btree (pers_id_registerer);


--
-- Name: etpt_prty_fk_i; Type: INDEX; Schema: public; Owner: -; Tablespace: 
--

CREATE INDEX etpt_prty_fk_i ON experiment_type_property_types USING btree (prty_id);


--
-- Name: evnt_pers_fk_i; Type: INDEX; Schema: public; Owner: -; Tablespace: 
--

CREATE INDEX evnt_pers_fk_i ON events USING btree (pers_id_registerer);


--
-- Name: exda_cvte_fk_i; Type: INDEX; Schema: public; Owner: -; Tablespace: 
--

CREATE INDEX exda_cvte_fk_i ON external_data USING btree (cvte_id_stor_fmt);


--
-- Name: exda_cvte_stored_on_fk_i; Type: INDEX; Schema: public; Owner: -; Tablespace: 
--

CREATE INDEX exda_cvte_stored_on_fk_i ON external_data USING btree (cvte_id_store);


--
-- Name: exda_ffty_fk_i; Type: INDEX; Schema: public; Owner: -; Tablespace: 
--

CREATE INDEX exda_ffty_fk_i ON external_data USING btree (ffty_id);


--
-- Name: exda_loty_fk_i; Type: INDEX; Schema: public; Owner: -; Tablespace: 
--

CREATE INDEX exda_loty_fk_i ON external_data USING btree (loty_id);


--
-- Name: expe_exty_fk_i; Type: INDEX; Schema: public; Owner: -; Tablespace: 
--

CREATE INDEX expe_exty_fk_i ON experiments USING btree (exty_id);


--
-- Name: expe_inva_fk_i; Type: INDEX; Schema: public; Owner: -; Tablespace: 
--

CREATE INDEX expe_inva_fk_i ON experiments USING btree (inva_id);


--
-- Name: expe_mate_fk_i; Type: INDEX; Schema: public; Owner: -; Tablespace: 
--

CREATE INDEX expe_mate_fk_i ON experiments USING btree (mate_id_study_object);


--
-- Name: expe_pers_fk_i; Type: INDEX; Schema: public; Owner: -; Tablespace: 
--

CREATE INDEX expe_pers_fk_i ON experiments USING btree (pers_id_registerer);


--
-- Name: expe_proj_fk_i; Type: INDEX; Schema: public; Owner: -; Tablespace: 
--

CREATE INDEX expe_proj_fk_i ON experiments USING btree (proj_id);


--
-- Name: expr_cvte_fk_i; Type: INDEX; Schema: public; Owner: -; Tablespace: 
--

CREATE INDEX expr_cvte_fk_i ON experiment_properties USING btree (cvte_id);


--
-- Name: expr_etpt_fk_i; Type: INDEX; Schema: public; Owner: -; Tablespace: 
--

CREATE INDEX expr_etpt_fk_i ON experiment_properties USING btree (etpt_id);


--
-- Name: expr_expe_fk_i; Type: INDEX; Schema: public; Owner: -; Tablespace: 
--

CREATE INDEX expr_expe_fk_i ON experiment_properties USING btree (expe_id);


--
-- Name: expr_pers_fk_i; Type: INDEX; Schema: public; Owner: -; Tablespace: 
--

CREATE INDEX expr_pers_fk_i ON experiment_properties USING btree (pers_id_registerer);


--
-- Name: filt_dbin_fk_i; Type: INDEX; Schema: public; Owner: -; Tablespace: 
--

CREATE INDEX filt_dbin_fk_i ON filters USING btree (dbin_id);


--
-- Name: filt_pers_fk_i; Type: INDEX; Schema: public; Owner: -; Tablespace: 
--

CREATE INDEX filt_pers_fk_i ON filters USING btree (pers_id_registerer);


--
-- Name: grid_custom_columns_dbin_fk_i; Type: INDEX; Schema: public; Owner: -; Tablespace: 
--

CREATE INDEX grid_custom_columns_dbin_fk_i ON grid_custom_columns USING btree (dbin_id);


--
-- Name: grid_custom_columns_pers_fk_i; Type: INDEX; Schema: public; Owner: -; Tablespace: 
--

CREATE INDEX grid_custom_columns_pers_fk_i ON grid_custom_columns USING btree (pers_id_registerer);


--
-- Name: grou_dbin_fk_i; Type: INDEX; Schema: public; Owner: -; Tablespace: 
--

CREATE INDEX grou_dbin_fk_i ON groups USING btree (dbin_id);


--
-- Name: grou_pers_registered_by_fk_i; Type: INDEX; Schema: public; Owner: -; Tablespace: 
--

CREATE INDEX grou_pers_registered_by_fk_i ON groups USING btree (pers_id_registerer);


--
-- Name: inva_pers_fk_i; Type: INDEX; Schema: public; Owner: -; Tablespace: 
--

CREATE INDEX inva_pers_fk_i ON invalidations USING btree (pers_id_registerer);


--
-- Name: mapr_cvte_fk_i; Type: INDEX; Schema: public; Owner: -; Tablespace: 
--

CREATE INDEX mapr_cvte_fk_i ON material_properties USING btree (cvte_id);


--
-- Name: mapr_mate_fk_i; Type: INDEX; Schema: public; Owner: -; Tablespace: 
--

CREATE INDEX mapr_mate_fk_i ON material_properties USING btree (mate_id);


--
-- Name: mapr_mtpt_fk_i; Type: INDEX; Schema: public; Owner: -; Tablespace: 
--

CREATE INDEX mapr_mtpt_fk_i ON material_properties USING btree (mtpt_id);


--
-- Name: mapr_pers_fk_i; Type: INDEX; Schema: public; Owner: -; Tablespace: 
--

CREATE INDEX mapr_pers_fk_i ON material_properties USING btree (pers_id_registerer);


--
-- Name: mate_maty_fk_i; Type: INDEX; Schema: public; Owner: -; Tablespace: 
--

CREATE INDEX mate_maty_fk_i ON materials USING btree (maty_id);


--
-- Name: mate_pers_fk_i; Type: INDEX; Schema: public; Owner: -; Tablespace: 
--

CREATE INDEX mate_pers_fk_i ON materials USING btree (pers_id_registerer);


--
-- Name: mtpt_maty_fk_i; Type: INDEX; Schema: public; Owner: -; Tablespace: 
--

CREATE INDEX mtpt_maty_fk_i ON material_type_property_types USING btree (maty_id);


--
-- Name: mtpt_pers_fk_i; Type: INDEX; Schema: public; Owner: -; Tablespace: 
--

CREATE INDEX mtpt_pers_fk_i ON material_type_property_types USING btree (pers_id_registerer);


--
-- Name: mtpt_prty_fk_i; Type: INDEX; Schema: public; Owner: -; Tablespace: 
--

CREATE INDEX mtpt_prty_fk_i ON material_type_property_types USING btree (prty_id);


--
-- Name: pers_grou_fk_i; Type: INDEX; Schema: public; Owner: -; Tablespace: 
--

CREATE INDEX pers_grou_fk_i ON persons USING btree (grou_id);


--
-- Name: proj_grou_fk_i; Type: INDEX; Schema: public; Owner: -; Tablespace: 
--

CREATE INDEX proj_grou_fk_i ON projects USING btree (grou_id);


--
-- Name: proj_pers_fk_i_leader; Type: INDEX; Schema: public; Owner: -; Tablespace: 
--

CREATE INDEX proj_pers_fk_i_leader ON projects USING btree (pers_id_leader);


--
-- Name: proj_pers_fk_i_registerer; Type: INDEX; Schema: public; Owner: -; Tablespace: 
--

CREATE INDEX proj_pers_fk_i_registerer ON projects USING btree (pers_id_registerer);


--
-- Name: prty_covo_fk_i; Type: INDEX; Schema: public; Owner: -; Tablespace: 
--

CREATE INDEX prty_covo_fk_i ON property_types USING btree (covo_id);


--
-- Name: prty_daty_fk_i; Type: INDEX; Schema: public; Owner: -; Tablespace: 
--

CREATE INDEX prty_daty_fk_i ON property_types USING btree (daty_id);


--
-- Name: prty_pers_fk_i; Type: INDEX; Schema: public; Owner: -; Tablespace: 
--

CREATE INDEX prty_pers_fk_i ON property_types USING btree (pers_id_registerer);


--
-- Name: roas_ag_fk_i_grantee; Type: INDEX; Schema: public; Owner: -; Tablespace: 
--

CREATE INDEX roas_ag_fk_i_grantee ON role_assignments USING btree (ag_id_grantee);


--
-- Name: roas_dbin_fk_i; Type: INDEX; Schema: public; Owner: -; Tablespace: 
--

CREATE INDEX roas_dbin_fk_i ON role_assignments USING btree (dbin_id);


--
-- Name: roas_grou_fk_i; Type: INDEX; Schema: public; Owner: -; Tablespace: 
--

CREATE INDEX roas_grou_fk_i ON role_assignments USING btree (grou_id);


--
-- Name: roas_pers_fk_i_grantee; Type: INDEX; Schema: public; Owner: -; Tablespace: 
--

CREATE INDEX roas_pers_fk_i_grantee ON role_assignments USING btree (pers_id_grantee);


--
-- Name: roas_pers_fk_i_registerer; Type: INDEX; Schema: public; Owner: -; Tablespace: 
--

CREATE INDEX roas_pers_fk_i_registerer ON role_assignments USING btree (pers_id_registerer);


--
-- Name: samp_code_i; Type: INDEX; Schema: public; Owner: -; Tablespace: 
--

CREATE INDEX samp_code_i ON samples USING btree (code);


--
-- Name: samp_expe_fk_i; Type: INDEX; Schema: public; Owner: -; Tablespace: 
--

CREATE INDEX samp_expe_fk_i ON samples USING btree (expe_id);


--
-- Name: samp_inva_fk_i; Type: INDEX; Schema: public; Owner: -; Tablespace: 
--

CREATE INDEX samp_inva_fk_i ON samples USING btree (inva_id);


--
-- Name: samp_pers_fk_i; Type: INDEX; Schema: public; Owner: -; Tablespace: 
--

CREATE INDEX samp_pers_fk_i ON samples USING btree (pers_id_registerer);


--
-- Name: samp_samp_fk_i_part_of; Type: INDEX; Schema: public; Owner: -; Tablespace: 
--

CREATE INDEX samp_samp_fk_i_part_of ON samples USING btree (samp_id_part_of);


--
-- Name: samp_saty_fk_i; Type: INDEX; Schema: public; Owner: -; Tablespace: 
--

CREATE INDEX samp_saty_fk_i ON samples USING btree (saty_id);


--
-- Name: sapr_cvte_fk_i; Type: INDEX; Schema: public; Owner: -; Tablespace: 
--

CREATE INDEX sapr_cvte_fk_i ON sample_properties USING btree (cvte_id);


--
-- Name: sapr_pers_fk_i; Type: INDEX; Schema: public; Owner: -; Tablespace: 
--

CREATE INDEX sapr_pers_fk_i ON sample_properties USING btree (pers_id_registerer);


--
-- Name: sapr_samp_fk_i; Type: INDEX; Schema: public; Owner: -; Tablespace: 
--

CREATE INDEX sapr_samp_fk_i ON sample_properties USING btree (samp_id);


--
-- Name: sapr_stpt_fk_i; Type: INDEX; Schema: public; Owner: -; Tablespace: 
--

CREATE INDEX sapr_stpt_fk_i ON sample_properties USING btree (stpt_id);


--
-- Name: sare_data_fk_i_child; Type: INDEX; Schema: public; Owner: -; Tablespace: 
--

CREATE INDEX sare_data_fk_i_child ON sample_relationships USING btree (sample_id_child);


--
-- Name: sare_data_fk_i_parent; Type: INDEX; Schema: public; Owner: -; Tablespace: 
--

CREATE INDEX sare_data_fk_i_parent ON sample_relationships USING btree (sample_id_parent);


--
-- Name: sare_data_fk_i_relationship; Type: INDEX; Schema: public; Owner: -; Tablespace: 
--

CREATE INDEX sare_data_fk_i_relationship ON sample_relationships USING btree (relationship_id);


--
-- Name: script_dbin_fk_i; Type: INDEX; Schema: public; Owner: -; Tablespace: 
--

CREATE INDEX script_dbin_fk_i ON scripts USING btree (dbin_id);


--
-- Name: script_pers_fk_i; Type: INDEX; Schema: public; Owner: -; Tablespace: 
--

CREATE INDEX script_pers_fk_i ON scripts USING btree (pers_id_registerer);


--
-- Name: stpt_pers_fk_i; Type: INDEX; Schema: public; Owner: -; Tablespace: 
--

CREATE INDEX stpt_pers_fk_i ON sample_type_property_types USING btree (pers_id_registerer);


--
-- Name: stpt_prty_fk_i; Type: INDEX; Schema: public; Owner: -; Tablespace: 
--

CREATE INDEX stpt_prty_fk_i ON sample_type_property_types USING btree (prty_id);


--
-- Name: stpt_saty_fk_i; Type: INDEX; Schema: public; Owner: -; Tablespace: 
--

CREATE INDEX stpt_saty_fk_i ON sample_type_property_types USING btree (saty_id);


--
-- Name: controlled_vocabulary_check; Type: TRIGGER; Schema: public; Owner: -
--

CREATE TRIGGER controlled_vocabulary_check
    BEFORE INSERT OR UPDATE ON property_types
    FOR EACH ROW
    EXECUTE PROCEDURE controlled_vocabulary_check();


--
-- Name: data_set_property_with_material_data_type_check; Type: TRIGGER; Schema: public; Owner: -
--

CREATE TRIGGER data_set_property_with_material_data_type_check
    BEFORE INSERT OR UPDATE ON data_set_properties
    FOR EACH ROW
    EXECUTE PROCEDURE data_set_property_with_material_data_type_check();


--
-- Name: experiment_property_with_material_data_type_check; Type: TRIGGER; Schema: public; Owner: -
--

CREATE TRIGGER experiment_property_with_material_data_type_check
    BEFORE INSERT OR UPDATE ON experiment_properties
    FOR EACH ROW
    EXECUTE PROCEDURE experiment_property_with_material_data_type_check();


--
-- Name: external_data_storage_format_check; Type: TRIGGER; Schema: public; Owner: -
--

CREATE TRIGGER external_data_storage_format_check
    BEFORE INSERT OR UPDATE ON external_data
    FOR EACH ROW
    EXECUTE PROCEDURE external_data_storage_format_check();


--
-- Name: material_property_with_material_data_type_check; Type: TRIGGER; Schema: public; Owner: -
--

CREATE TRIGGER material_property_with_material_data_type_check
    BEFORE INSERT OR UPDATE ON material_properties
    FOR EACH ROW
    EXECUTE PROCEDURE material_property_with_material_data_type_check();


--
-- Name: sample_code_uniqueness_check; Type: TRIGGER; Schema: public; Owner: -
--

CREATE TRIGGER sample_code_uniqueness_check
    BEFORE INSERT OR UPDATE ON samples
    FOR EACH ROW
    EXECUTE PROCEDURE sample_code_uniqueness_check();


--
-- Name: sample_property_with_material_data_type_check; Type: TRIGGER; Schema: public; Owner: -
--

CREATE TRIGGER sample_property_with_material_data_type_check
    BEFORE INSERT OR UPDATE ON sample_properties
    FOR EACH ROW
    EXECUTE PROCEDURE sample_property_with_material_data_type_check();


--
-- Name: sample_subcode_uniqueness_check; Type: TRIGGER; Schema: public; Owner: -
--

CREATE TRIGGER sample_subcode_uniqueness_check
    BEFORE INSERT OR UPDATE ON samples
    FOR EACH ROW
    EXECUTE PROCEDURE sample_subcode_uniqueness_check();


--
-- Name: ag_dbin_fk; Type: FK CONSTRAINT; Schema: public; Owner: -
--

ALTER TABLE ONLY authorization_groups
    ADD CONSTRAINT ag_dbin_fk FOREIGN KEY (dbin_id) REFERENCES database_instances(id);


--
-- Name: ag_pers_fk; Type: FK CONSTRAINT; Schema: public; Owner: -
--

ALTER TABLE ONLY authorization_groups
    ADD CONSTRAINT ag_pers_fk FOREIGN KEY (pers_id_registerer) REFERENCES persons(id);


--
-- Name: agp_ag_fk; Type: FK CONSTRAINT; Schema: public; Owner: -
--

ALTER TABLE ONLY authorization_group_persons
    ADD CONSTRAINT agp_ag_fk FOREIGN KEY (ag_id) REFERENCES authorization_groups(id);


--
-- Name: agp_pers_fk; Type: FK CONSTRAINT; Schema: public; Owner: -
--

ALTER TABLE ONLY authorization_group_persons
    ADD CONSTRAINT agp_pers_fk FOREIGN KEY (pers_id) REFERENCES persons(id);


--
-- Name: atta_cont_fk; Type: FK CONSTRAINT; Schema: public; Owner: -
--

ALTER TABLE ONLY attachments
    ADD CONSTRAINT atta_cont_fk FOREIGN KEY (exac_id) REFERENCES attachment_contents(id);


--
-- Name: atta_expe_fk; Type: FK CONSTRAINT; Schema: public; Owner: -
--

ALTER TABLE ONLY attachments
    ADD CONSTRAINT atta_expe_fk FOREIGN KEY (expe_id) REFERENCES experiments(id);


--
-- Name: atta_pers_fk; Type: FK CONSTRAINT; Schema: public; Owner: -
--

ALTER TABLE ONLY attachments
    ADD CONSTRAINT atta_pers_fk FOREIGN KEY (pers_id_registerer) REFERENCES persons(id);


--
-- Name: atta_proj_fk; Type: FK CONSTRAINT; Schema: public; Owner: -
--

ALTER TABLE ONLY attachments
    ADD CONSTRAINT atta_proj_fk FOREIGN KEY (proj_id) REFERENCES projects(id);


--
-- Name: atta_samp_fk; Type: FK CONSTRAINT; Schema: public; Owner: -
--

ALTER TABLE ONLY attachments
    ADD CONSTRAINT atta_samp_fk FOREIGN KEY (samp_id) REFERENCES samples(id);


--
-- Name: covo_dbin_fk; Type: FK CONSTRAINT; Schema: public; Owner: -
--

ALTER TABLE ONLY controlled_vocabularies
    ADD CONSTRAINT covo_dbin_fk FOREIGN KEY (dbin_id) REFERENCES database_instances(id);


--
-- Name: covo_pers_fk; Type: FK CONSTRAINT; Schema: public; Owner: -
--

ALTER TABLE ONLY controlled_vocabularies
    ADD CONSTRAINT covo_pers_fk FOREIGN KEY (pers_id_registerer) REFERENCES persons(id);


--
-- Name: cvte_covo_fk; Type: FK CONSTRAINT; Schema: public; Owner: -
--

ALTER TABLE ONLY controlled_vocabulary_terms
    ADD CONSTRAINT cvte_covo_fk FOREIGN KEY (covo_id) REFERENCES controlled_vocabularies(id);


--
-- Name: cvte_pers_fk; Type: FK CONSTRAINT; Schema: public; Owner: -
--

ALTER TABLE ONLY controlled_vocabulary_terms
    ADD CONSTRAINT cvte_pers_fk FOREIGN KEY (pers_id_registerer) REFERENCES persons(id);


--
-- Name: dast_dbin_fk; Type: FK CONSTRAINT; Schema: public; Owner: -
--

ALTER TABLE ONLY data_stores
    ADD CONSTRAINT dast_dbin_fk FOREIGN KEY (dbin_id) REFERENCES database_instances(id);


--
-- Name: data_dast_fk; Type: FK CONSTRAINT; Schema: public; Owner: -
--

ALTER TABLE ONLY data
    ADD CONSTRAINT data_dast_fk FOREIGN KEY (dast_id) REFERENCES data_stores(id);


--
-- Name: data_dsty_fk; Type: FK CONSTRAINT; Schema: public; Owner: -
--

ALTER TABLE ONLY data
    ADD CONSTRAINT data_dsty_fk FOREIGN KEY (dsty_id) REFERENCES data_set_types(id);


--
-- Name: data_expe_fk; Type: FK CONSTRAINT; Schema: public; Owner: -
--

ALTER TABLE ONLY data
    ADD CONSTRAINT data_expe_fk FOREIGN KEY (expe_id) REFERENCES experiments(id);


--
-- Name: data_pers_fk; Type: FK CONSTRAINT; Schema: public; Owner: -
--

ALTER TABLE ONLY data
    ADD CONSTRAINT data_pers_fk FOREIGN KEY (pers_id_registerer) REFERENCES persons(id);


--
-- Name: data_samp_fk; Type: FK CONSTRAINT; Schema: public; Owner: -
--

ALTER TABLE ONLY data
    ADD CONSTRAINT data_samp_fk FOREIGN KEY (samp_id) REFERENCES samples(id);


--
-- Name: dspr_cvte_fk; Type: FK CONSTRAINT; Schema: public; Owner: -
--

ALTER TABLE ONLY data_set_properties
    ADD CONSTRAINT dspr_cvte_fk FOREIGN KEY (cvte_id) REFERENCES controlled_vocabulary_terms(id);


--
-- Name: dspr_ds_fk; Type: FK CONSTRAINT; Schema: public; Owner: -
--

ALTER TABLE ONLY data_set_properties
    ADD CONSTRAINT dspr_ds_fk FOREIGN KEY (ds_id) REFERENCES data(id);


--
-- Name: dspr_dstpt_fk; Type: FK CONSTRAINT; Schema: public; Owner: -
--

ALTER TABLE ONLY data_set_properties
    ADD CONSTRAINT dspr_dstpt_fk FOREIGN KEY (dstpt_id) REFERENCES data_set_type_property_types(id) ON DELETE CASCADE;


--
-- Name: dspr_mapr_fk; Type: FK CONSTRAINT; Schema: public; Owner: -
--

ALTER TABLE ONLY data_set_properties
    ADD CONSTRAINT dspr_mapr_fk FOREIGN KEY (mate_prop_id) REFERENCES materials(id);


--
-- Name: dspr_pers_fk; Type: FK CONSTRAINT; Schema: public; Owner: -
--

ALTER TABLE ONLY data_set_properties
    ADD CONSTRAINT dspr_pers_fk FOREIGN KEY (pers_id_registerer) REFERENCES persons(id);


--
-- Name: dsre_data_fk_child; Type: FK CONSTRAINT; Schema: public; Owner: -
--

ALTER TABLE ONLY data_set_relationships
    ADD CONSTRAINT dsre_data_fk_child FOREIGN KEY (data_id_child) REFERENCES data(id);


--
-- Name: dsre_data_fk_parent; Type: FK CONSTRAINT; Schema: public; Owner: -
--

ALTER TABLE ONLY data_set_relationships
    ADD CONSTRAINT dsre_data_fk_parent FOREIGN KEY (data_id_parent) REFERENCES data(id);


--
-- Name: dssdst_ds_fk; Type: FK CONSTRAINT; Schema: public; Owner: -
--

ALTER TABLE ONLY data_store_service_data_set_types
    ADD CONSTRAINT dssdst_ds_fk FOREIGN KEY (data_store_service_id) REFERENCES data_store_services(id) ON DELETE CASCADE;


--
-- Name: dssdst_dst_fk; Type: FK CONSTRAINT; Schema: public; Owner: -
--

ALTER TABLE ONLY data_store_service_data_set_types
    ADD CONSTRAINT dssdst_dst_fk FOREIGN KEY (data_set_type_id) REFERENCES data_set_types(id) ON DELETE CASCADE;


--
-- Name: dsse_ds_fk; Type: FK CONSTRAINT; Schema: public; Owner: -
--

ALTER TABLE ONLY data_store_services
    ADD CONSTRAINT dsse_ds_fk FOREIGN KEY (data_store_id) REFERENCES data_stores(id) ON DELETE CASCADE;


--
-- Name: dstpt_dsty_fk; Type: FK CONSTRAINT; Schema: public; Owner: -
--

ALTER TABLE ONLY data_set_type_property_types
    ADD CONSTRAINT dstpt_dsty_fk FOREIGN KEY (dsty_id) REFERENCES data_set_types(id) ON DELETE CASCADE;


--
-- Name: dstpt_pers_fk; Type: FK CONSTRAINT; Schema: public; Owner: -
--

ALTER TABLE ONLY data_set_type_property_types
    ADD CONSTRAINT dstpt_pers_fk FOREIGN KEY (pers_id_registerer) REFERENCES persons(id);


--
-- Name: dstpt_prty_fk; Type: FK CONSTRAINT; Schema: public; Owner: -
--

ALTER TABLE ONLY data_set_type_property_types
    ADD CONSTRAINT dstpt_prty_fk FOREIGN KEY (prty_id) REFERENCES property_types(id) ON DELETE CASCADE;


--
-- Name: dstpt_script_fk; Type: FK CONSTRAINT; Schema: public; Owner: -
--

ALTER TABLE ONLY data_set_type_property_types
    ADD CONSTRAINT dstpt_script_fk FOREIGN KEY (script_id) REFERENCES scripts(id);


--
-- Name: dsty_dbin_fk; Type: FK CONSTRAINT; Schema: public; Owner: -
--

ALTER TABLE ONLY data_set_types
    ADD CONSTRAINT dsty_dbin_fk FOREIGN KEY (dbin_id) REFERENCES database_instances(id);


--
-- Name: etpt_exty_fk; Type: FK CONSTRAINT; Schema: public; Owner: -
--

ALTER TABLE ONLY experiment_type_property_types
    ADD CONSTRAINT etpt_exty_fk FOREIGN KEY (exty_id) REFERENCES experiment_types(id) ON DELETE CASCADE;


--
-- Name: etpt_pers_fk; Type: FK CONSTRAINT; Schema: public; Owner: -
--

ALTER TABLE ONLY experiment_type_property_types
    ADD CONSTRAINT etpt_pers_fk FOREIGN KEY (pers_id_registerer) REFERENCES persons(id);


--
-- Name: etpt_prty_fk; Type: FK CONSTRAINT; Schema: public; Owner: -
--

ALTER TABLE ONLY experiment_type_property_types
    ADD CONSTRAINT etpt_prty_fk FOREIGN KEY (prty_id) REFERENCES property_types(id) ON DELETE CASCADE;


--
-- Name: etpt_script_fk; Type: FK CONSTRAINT; Schema: public; Owner: -
--

ALTER TABLE ONLY experiment_type_property_types
    ADD CONSTRAINT etpt_script_fk FOREIGN KEY (script_id) REFERENCES scripts(id);


--
-- Name: evnt_pers_fk; Type: FK CONSTRAINT; Schema: public; Owner: -
--

ALTER TABLE ONLY events
    ADD CONSTRAINT evnt_pers_fk FOREIGN KEY (pers_id_registerer) REFERENCES persons(id);


--
-- Name: exda_cvte_fk; Type: FK CONSTRAINT; Schema: public; Owner: -
--

ALTER TABLE ONLY external_data
    ADD CONSTRAINT exda_cvte_fk FOREIGN KEY (cvte_id_stor_fmt) REFERENCES controlled_vocabulary_terms(id);


--
-- Name: exda_cvte_stored_on_fk; Type: FK CONSTRAINT; Schema: public; Owner: -
--

ALTER TABLE ONLY external_data
    ADD CONSTRAINT exda_cvte_stored_on_fk FOREIGN KEY (cvte_id_store) REFERENCES controlled_vocabulary_terms(id);


--
-- Name: exda_data_fk; Type: FK CONSTRAINT; Schema: public; Owner: -
--

ALTER TABLE ONLY external_data
    ADD CONSTRAINT exda_data_fk FOREIGN KEY (data_id) REFERENCES data(id);


--
-- Name: exda_ffty_fk; Type: FK CONSTRAINT; Schema: public; Owner: -
--

ALTER TABLE ONLY external_data
    ADD CONSTRAINT exda_ffty_fk FOREIGN KEY (ffty_id) REFERENCES file_format_types(id);


--
-- Name: exda_loty_fk; Type: FK CONSTRAINT; Schema: public; Owner: -
--

ALTER TABLE ONLY external_data
    ADD CONSTRAINT exda_loty_fk FOREIGN KEY (loty_id) REFERENCES locator_types(id);


--
-- Name: expe_exty_fk; Type: FK CONSTRAINT; Schema: public; Owner: -
--

ALTER TABLE ONLY experiments
    ADD CONSTRAINT expe_exty_fk FOREIGN KEY (exty_id) REFERENCES experiment_types(id);


--
-- Name: expe_inva_fk; Type: FK CONSTRAINT; Schema: public; Owner: -
--

ALTER TABLE ONLY experiments
    ADD CONSTRAINT expe_inva_fk FOREIGN KEY (inva_id) REFERENCES invalidations(id);


--
-- Name: expe_mate_fk; Type: FK CONSTRAINT; Schema: public; Owner: -
--

ALTER TABLE ONLY experiments
    ADD CONSTRAINT expe_mate_fk FOREIGN KEY (mate_id_study_object) REFERENCES materials(id);


--
-- Name: expe_pers_fk; Type: FK CONSTRAINT; Schema: public; Owner: -
--

ALTER TABLE ONLY experiments
    ADD CONSTRAINT expe_pers_fk FOREIGN KEY (pers_id_registerer) REFERENCES persons(id);


--
-- Name: expe_proj_fk; Type: FK CONSTRAINT; Schema: public; Owner: -
--

ALTER TABLE ONLY experiments
    ADD CONSTRAINT expe_proj_fk FOREIGN KEY (proj_id) REFERENCES projects(id);


--
-- Name: expr_cvte_fk; Type: FK CONSTRAINT; Schema: public; Owner: -
--

ALTER TABLE ONLY experiment_properties
    ADD CONSTRAINT expr_cvte_fk FOREIGN KEY (cvte_id) REFERENCES controlled_vocabulary_terms(id);


--
-- Name: expr_etpt_fk; Type: FK CONSTRAINT; Schema: public; Owner: -
--

ALTER TABLE ONLY experiment_properties
    ADD CONSTRAINT expr_etpt_fk FOREIGN KEY (etpt_id) REFERENCES experiment_type_property_types(id) ON DELETE CASCADE;


--
-- Name: expr_expe_fk; Type: FK CONSTRAINT; Schema: public; Owner: -
--

ALTER TABLE ONLY experiment_properties
    ADD CONSTRAINT expr_expe_fk FOREIGN KEY (expe_id) REFERENCES experiments(id);


--
-- Name: expr_mapr_fk; Type: FK CONSTRAINT; Schema: public; Owner: -
--

ALTER TABLE ONLY experiment_properties
    ADD CONSTRAINT expr_mapr_fk FOREIGN KEY (mate_prop_id) REFERENCES materials(id);


--
-- Name: expr_pers_fk; Type: FK CONSTRAINT; Schema: public; Owner: -
--

ALTER TABLE ONLY experiment_properties
    ADD CONSTRAINT expr_pers_fk FOREIGN KEY (pers_id_registerer) REFERENCES persons(id);


--
-- Name: exty_dbin_fk; Type: FK CONSTRAINT; Schema: public; Owner: -
--

ALTER TABLE ONLY experiment_types
    ADD CONSTRAINT exty_dbin_fk FOREIGN KEY (dbin_id) REFERENCES database_instances(id);


--
-- Name: ffty_dbin_fk; Type: FK CONSTRAINT; Schema: public; Owner: -
--

ALTER TABLE ONLY file_format_types
    ADD CONSTRAINT ffty_dbin_fk FOREIGN KEY (dbin_id) REFERENCES database_instances(id);


--
-- Name: filt_dbin_fk; Type: FK CONSTRAINT; Schema: public; Owner: -
--

ALTER TABLE ONLY filters
    ADD CONSTRAINT filt_dbin_fk FOREIGN KEY (dbin_id) REFERENCES database_instances(id);


--
-- Name: filt_pers_fk; Type: FK CONSTRAINT; Schema: public; Owner: -
--

ALTER TABLE ONLY filters
    ADD CONSTRAINT filt_pers_fk FOREIGN KEY (pers_id_registerer) REFERENCES persons(id);


--
-- Name: grid_custom_columns_dbin_fk; Type: FK CONSTRAINT; Schema: public; Owner: -
--

ALTER TABLE ONLY grid_custom_columns
    ADD CONSTRAINT grid_custom_columns_dbin_fk FOREIGN KEY (dbin_id) REFERENCES database_instances(id);


--
-- Name: grid_custom_columns_pers_fk; Type: FK CONSTRAINT; Schema: public; Owner: -
--

ALTER TABLE ONLY grid_custom_columns
    ADD CONSTRAINT grid_custom_columns_pers_fk FOREIGN KEY (pers_id_registerer) REFERENCES persons(id);


--
-- Name: grou_dbin_fk; Type: FK CONSTRAINT; Schema: public; Owner: -
--

ALTER TABLE ONLY groups
    ADD CONSTRAINT grou_dbin_fk FOREIGN KEY (dbin_id) REFERENCES database_instances(id);


--
-- Name: grou_pers_fk_registerer; Type: FK CONSTRAINT; Schema: public; Owner: -
--

ALTER TABLE ONLY groups
    ADD CONSTRAINT grou_pers_fk_registerer FOREIGN KEY (pers_id_registerer) REFERENCES persons(id);


--
-- Name: inva_pers_fk; Type: FK CONSTRAINT; Schema: public; Owner: -
--

ALTER TABLE ONLY invalidations
    ADD CONSTRAINT inva_pers_fk FOREIGN KEY (pers_id_registerer) REFERENCES persons(id);


--
-- Name: mapr_cvte_fk; Type: FK CONSTRAINT; Schema: public; Owner: -
--

ALTER TABLE ONLY material_properties
    ADD CONSTRAINT mapr_cvte_fk FOREIGN KEY (cvte_id) REFERENCES controlled_vocabulary_terms(id);


--
-- Name: mapr_mapr_fk; Type: FK CONSTRAINT; Schema: public; Owner: -
--

ALTER TABLE ONLY material_properties
    ADD CONSTRAINT mapr_mapr_fk FOREIGN KEY (mate_prop_id) REFERENCES materials(id);


--
-- Name: mapr_mate_fk; Type: FK CONSTRAINT; Schema: public; Owner: -
--

ALTER TABLE ONLY material_properties
    ADD CONSTRAINT mapr_mate_fk FOREIGN KEY (mate_id) REFERENCES materials(id);


--
-- Name: mapr_mtpt_fk; Type: FK CONSTRAINT; Schema: public; Owner: -
--

ALTER TABLE ONLY material_properties
    ADD CONSTRAINT mapr_mtpt_fk FOREIGN KEY (mtpt_id) REFERENCES material_type_property_types(id) ON DELETE CASCADE;


--
-- Name: mapr_pers_fk; Type: FK CONSTRAINT; Schema: public; Owner: -
--

ALTER TABLE ONLY material_properties
    ADD CONSTRAINT mapr_pers_fk FOREIGN KEY (pers_id_registerer) REFERENCES persons(id);


--
-- Name: mate_dbin_fk; Type: FK CONSTRAINT; Schema: public; Owner: -
--

ALTER TABLE ONLY materials
    ADD CONSTRAINT mate_dbin_fk FOREIGN KEY (dbin_id) REFERENCES database_instances(id);


--
-- Name: mate_maty_fk; Type: FK CONSTRAINT; Schema: public; Owner: -
--

ALTER TABLE ONLY materials
    ADD CONSTRAINT mate_maty_fk FOREIGN KEY (maty_id) REFERENCES material_types(id);


--
-- Name: mate_pers_fk; Type: FK CONSTRAINT; Schema: public; Owner: -
--

ALTER TABLE ONLY materials
    ADD CONSTRAINT mate_pers_fk FOREIGN KEY (pers_id_registerer) REFERENCES persons(id);


--
-- Name: maty_dbin_fk; Type: FK CONSTRAINT; Schema: public; Owner: -
--

ALTER TABLE ONLY material_types
    ADD CONSTRAINT maty_dbin_fk FOREIGN KEY (dbin_id) REFERENCES database_instances(id);


--
-- Name: mtpt_maty_fk; Type: FK CONSTRAINT; Schema: public; Owner: -
--

ALTER TABLE ONLY material_type_property_types
    ADD CONSTRAINT mtpt_maty_fk FOREIGN KEY (maty_id) REFERENCES material_types(id) ON DELETE CASCADE;


--
-- Name: mtpt_pers_fk; Type: FK CONSTRAINT; Schema: public; Owner: -
--

ALTER TABLE ONLY material_type_property_types
    ADD CONSTRAINT mtpt_pers_fk FOREIGN KEY (pers_id_registerer) REFERENCES persons(id);


--
-- Name: mtpt_prty_fk; Type: FK CONSTRAINT; Schema: public; Owner: -
--

ALTER TABLE ONLY material_type_property_types
    ADD CONSTRAINT mtpt_prty_fk FOREIGN KEY (prty_id) REFERENCES property_types(id) ON DELETE CASCADE;


--
-- Name: mtpt_script_fk; Type: FK CONSTRAINT; Schema: public; Owner: -
--

ALTER TABLE ONLY material_type_property_types
    ADD CONSTRAINT mtpt_script_fk FOREIGN KEY (script_id) REFERENCES scripts(id);


--
-- Name: pers_dbin_fk; Type: FK CONSTRAINT; Schema: public; Owner: -
--

ALTER TABLE ONLY persons
    ADD CONSTRAINT pers_dbin_fk FOREIGN KEY (dbin_id) REFERENCES database_instances(id);


--
-- Name: pers_grou_fk; Type: FK CONSTRAINT; Schema: public; Owner: -
--

ALTER TABLE ONLY persons
    ADD CONSTRAINT pers_grou_fk FOREIGN KEY (grou_id) REFERENCES groups(id);


--
-- Name: pers_pers_fk; Type: FK CONSTRAINT; Schema: public; Owner: -
--

ALTER TABLE ONLY persons
    ADD CONSTRAINT pers_pers_fk FOREIGN KEY (pers_id_registerer) REFERENCES persons(id);


--
-- Name: proj_grou_fk; Type: FK CONSTRAINT; Schema: public; Owner: -
--

ALTER TABLE ONLY projects
    ADD CONSTRAINT proj_grou_fk FOREIGN KEY (grou_id) REFERENCES groups(id);


--
-- Name: proj_pers_fk_leader; Type: FK CONSTRAINT; Schema: public; Owner: -
--

ALTER TABLE ONLY projects
    ADD CONSTRAINT proj_pers_fk_leader FOREIGN KEY (pers_id_leader) REFERENCES persons(id);


--
-- Name: proj_pers_fk_registerer; Type: FK CONSTRAINT; Schema: public; Owner: -
--

ALTER TABLE ONLY projects
    ADD CONSTRAINT proj_pers_fk_registerer FOREIGN KEY (pers_id_registerer) REFERENCES persons(id);


--
-- Name: prty_covo_fk; Type: FK CONSTRAINT; Schema: public; Owner: -
--

ALTER TABLE ONLY property_types
    ADD CONSTRAINT prty_covo_fk FOREIGN KEY (covo_id) REFERENCES controlled_vocabularies(id);


--
-- Name: prty_daty_fk; Type: FK CONSTRAINT; Schema: public; Owner: -
--

ALTER TABLE ONLY property_types
    ADD CONSTRAINT prty_daty_fk FOREIGN KEY (daty_id) REFERENCES data_types(id);


--
-- Name: prty_dbin_fk; Type: FK CONSTRAINT; Schema: public; Owner: -
--

ALTER TABLE ONLY property_types
    ADD CONSTRAINT prty_dbin_fk FOREIGN KEY (dbin_id) REFERENCES database_instances(id);


--
-- Name: prty_maty_fk; Type: FK CONSTRAINT; Schema: public; Owner: -
--

ALTER TABLE ONLY property_types
    ADD CONSTRAINT prty_maty_fk FOREIGN KEY (maty_prop_id) REFERENCES material_types(id) ON DELETE CASCADE;


--
-- Name: prty_pers_fk; Type: FK CONSTRAINT; Schema: public; Owner: -
--

ALTER TABLE ONLY property_types
    ADD CONSTRAINT prty_pers_fk FOREIGN KEY (pers_id_registerer) REFERENCES persons(id);


--
-- Name: quer_dbin_fk; Type: FK CONSTRAINT; Schema: public; Owner: -
--

ALTER TABLE ONLY queries
    ADD CONSTRAINT quer_dbin_fk FOREIGN KEY (dbin_id) REFERENCES database_instances(id);


--
-- Name: quer_pers_fk; Type: FK CONSTRAINT; Schema: public; Owner: -
--

ALTER TABLE ONLY queries
    ADD CONSTRAINT quer_pers_fk FOREIGN KEY (pers_id_registerer) REFERENCES persons(id);


--
-- Name: roas_ag_fk_grantee; Type: FK CONSTRAINT; Schema: public; Owner: -
--

ALTER TABLE ONLY role_assignments
    ADD CONSTRAINT roas_ag_fk_grantee FOREIGN KEY (ag_id_grantee) REFERENCES authorization_groups(id);


--
-- Name: roas_dbin_fk; Type: FK CONSTRAINT; Schema: public; Owner: -
--

ALTER TABLE ONLY role_assignments
    ADD CONSTRAINT roas_dbin_fk FOREIGN KEY (dbin_id) REFERENCES database_instances(id);


--
-- Name: roas_grou_fk; Type: FK CONSTRAINT; Schema: public; Owner: -
--

ALTER TABLE ONLY role_assignments
    ADD CONSTRAINT roas_grou_fk FOREIGN KEY (grou_id) REFERENCES groups(id);


--
-- Name: roas_pers_fk_grantee; Type: FK CONSTRAINT; Schema: public; Owner: -
--

ALTER TABLE ONLY role_assignments
    ADD CONSTRAINT roas_pers_fk_grantee FOREIGN KEY (pers_id_grantee) REFERENCES persons(id);


--
-- Name: roas_pers_fk_registerer; Type: FK CONSTRAINT; Schema: public; Owner: -
--

ALTER TABLE ONLY role_assignments
    ADD CONSTRAINT roas_pers_fk_registerer FOREIGN KEY (pers_id_registerer) REFERENCES persons(id);


--
-- Name: samp_dbin_fk; Type: FK CONSTRAINT; Schema: public; Owner: -
--

ALTER TABLE ONLY samples
    ADD CONSTRAINT samp_dbin_fk FOREIGN KEY (dbin_id) REFERENCES database_instances(id);


--
-- Name: samp_expe_fk; Type: FK CONSTRAINT; Schema: public; Owner: -
--

ALTER TABLE ONLY samples
    ADD CONSTRAINT samp_expe_fk FOREIGN KEY (expe_id) REFERENCES experiments(id);


--
-- Name: samp_grou_fk; Type: FK CONSTRAINT; Schema: public; Owner: -
--

ALTER TABLE ONLY samples
    ADD CONSTRAINT samp_grou_fk FOREIGN KEY (grou_id) REFERENCES groups(id);


--
-- Name: samp_inva_fk; Type: FK CONSTRAINT; Schema: public; Owner: -
--

ALTER TABLE ONLY samples
    ADD CONSTRAINT samp_inva_fk FOREIGN KEY (inva_id) REFERENCES invalidations(id);


--
-- Name: samp_pers_fk; Type: FK CONSTRAINT; Schema: public; Owner: -
--

ALTER TABLE ONLY samples
    ADD CONSTRAINT samp_pers_fk FOREIGN KEY (pers_id_registerer) REFERENCES persons(id);


--
-- Name: samp_samp_fk_part_of; Type: FK CONSTRAINT; Schema: public; Owner: -
--

ALTER TABLE ONLY samples
    ADD CONSTRAINT samp_samp_fk_part_of FOREIGN KEY (samp_id_part_of) REFERENCES samples(id);


--
-- Name: samp_saty_fk; Type: FK CONSTRAINT; Schema: public; Owner: -
--

ALTER TABLE ONLY samples
    ADD CONSTRAINT samp_saty_fk FOREIGN KEY (saty_id) REFERENCES sample_types(id);


--
-- Name: sapr_cvte_fk; Type: FK CONSTRAINT; Schema: public; Owner: -
--

ALTER TABLE ONLY sample_properties
    ADD CONSTRAINT sapr_cvte_fk FOREIGN KEY (cvte_id) REFERENCES controlled_vocabulary_terms(id);


--
-- Name: sapr_mapr_fk; Type: FK CONSTRAINT; Schema: public; Owner: -
--

ALTER TABLE ONLY sample_properties
    ADD CONSTRAINT sapr_mapr_fk FOREIGN KEY (mate_prop_id) REFERENCES materials(id);


--
-- Name: sapr_pers_fk; Type: FK CONSTRAINT; Schema: public; Owner: -
--

ALTER TABLE ONLY sample_properties
    ADD CONSTRAINT sapr_pers_fk FOREIGN KEY (pers_id_registerer) REFERENCES persons(id);


--
-- Name: sapr_samp_fk; Type: FK CONSTRAINT; Schema: public; Owner: -
--

ALTER TABLE ONLY sample_properties
    ADD CONSTRAINT sapr_samp_fk FOREIGN KEY (samp_id) REFERENCES samples(id);


--
-- Name: sapr_stpt_fk; Type: FK CONSTRAINT; Schema: public; Owner: -
--

ALTER TABLE ONLY sample_properties
    ADD CONSTRAINT sapr_stpt_fk FOREIGN KEY (stpt_id) REFERENCES sample_type_property_types(id) ON DELETE CASCADE;


--
-- Name: sare_data_fk_child; Type: FK CONSTRAINT; Schema: public; Owner: -
--

ALTER TABLE ONLY sample_relationships
    ADD CONSTRAINT sare_data_fk_child FOREIGN KEY (sample_id_child) REFERENCES samples(id) ON DELETE CASCADE;


--
-- Name: sare_data_fk_parent; Type: FK CONSTRAINT; Schema: public; Owner: -
--

ALTER TABLE ONLY sample_relationships
    ADD CONSTRAINT sare_data_fk_parent FOREIGN KEY (sample_id_parent) REFERENCES samples(id) ON DELETE CASCADE;


--
-- Name: sare_data_fk_relationship; Type: FK CONSTRAINT; Schema: public; Owner: -
--

ALTER TABLE ONLY sample_relationships
    ADD CONSTRAINT sare_data_fk_relationship FOREIGN KEY (relationship_id) REFERENCES relationship_types(id);


--
-- Name: saty_dbin_fk; Type: FK CONSTRAINT; Schema: public; Owner: -
--

ALTER TABLE ONLY sample_types
    ADD CONSTRAINT saty_dbin_fk FOREIGN KEY (dbin_id) REFERENCES database_instances(id);


--
-- Name: scri_dbin_fk; Type: FK CONSTRAINT; Schema: public; Owner: -
--

ALTER TABLE ONLY scripts
    ADD CONSTRAINT scri_dbin_fk FOREIGN KEY (dbin_id) REFERENCES database_instances(id);


--
-- Name: scri_pers_fk; Type: FK CONSTRAINT; Schema: public; Owner: -
--

ALTER TABLE ONLY scripts
    ADD CONSTRAINT scri_pers_fk FOREIGN KEY (pers_id_registerer) REFERENCES persons(id);


--
-- Name: stpt_pers_fk; Type: FK CONSTRAINT; Schema: public; Owner: -
--

ALTER TABLE ONLY sample_type_property_types
    ADD CONSTRAINT stpt_pers_fk FOREIGN KEY (pers_id_registerer) REFERENCES persons(id);


--
-- Name: stpt_prty_fk; Type: FK CONSTRAINT; Schema: public; Owner: -
--

ALTER TABLE ONLY sample_type_property_types
    ADD CONSTRAINT stpt_prty_fk FOREIGN KEY (prty_id) REFERENCES property_types(id) ON DELETE CASCADE;


--
-- Name: stpt_saty_fk; Type: FK CONSTRAINT; Schema: public; Owner: -
--

ALTER TABLE ONLY sample_type_property_types
    ADD CONSTRAINT stpt_saty_fk FOREIGN KEY (saty_id) REFERENCES sample_types(id) ON DELETE CASCADE;


--
-- Name: stpt_script_fk; Type: FK CONSTRAINT; Schema: public; Owner: -
--

ALTER TABLE ONLY sample_type_property_types
    ADD CONSTRAINT stpt_script_fk FOREIGN KEY (script_id) REFERENCES scripts(id);

-- Granting SELECT privilege to group OPENBIS_READONLY

GRANT SELECT ON SEQUENCE attachment_content_id_seq TO GROUP OPENBIS_READONLY;
GRANT SELECT ON SEQUENCE attachment_id_seq TO GROUP OPENBIS_READONLY;
GRANT SELECT ON SEQUENCE code_seq TO GROUP OPENBIS_READONLY;
GRANT SELECT ON SEQUENCE controlled_vocabulary_id_seq TO GROUP OPENBIS_READONLY;
GRANT SELECT ON SEQUENCE cvte_id_seq TO GROUP OPENBIS_READONLY;
GRANT SELECT ON SEQUENCE data_id_seq TO GROUP OPENBIS_READONLY;
GRANT SELECT ON SEQUENCE data_set_property_id_seq TO GROUP OPENBIS_READONLY;
GRANT SELECT ON SEQUENCE data_set_relationship_id_seq TO GROUP OPENBIS_READONLY;
GRANT SELECT ON SEQUENCE data_set_type_id_seq TO GROUP OPENBIS_READONLY;
GRANT SELECT ON SEQUENCE data_store_id_seq TO GROUP OPENBIS_READONLY;
GRANT SELECT ON SEQUENCE DATA_STORE_SERVICES_ID_SEQ TO GROUP OPENBIS_READONLY;
GRANT SELECT ON SEQUENCE data_type_id_seq TO GROUP OPENBIS_READONLY;
GRANT SELECT ON SEQUENCE database_instance_id_seq TO GROUP OPENBIS_READONLY;
GRANT SELECT ON SEQUENCE dstpt_id_seq TO GROUP OPENBIS_READONLY;
GRANT SELECT ON SEQUENCE etpt_id_seq TO GROUP OPENBIS_READONLY;
GRANT SELECT ON SEQUENCE event_id_seq TO GROUP OPENBIS_READONLY;
GRANT SELECT ON SEQUENCE experiment_id_seq TO GROUP OPENBIS_READONLY;
GRANT SELECT ON SEQUENCE experiment_property_id_seq TO GROUP OPENBIS_READONLY;
GRANT SELECT ON SEQUENCE experiment_type_id_seq TO GROUP OPENBIS_READONLY;
GRANT SELECT ON SEQUENCE file_format_type_id_seq TO GROUP OPENBIS_READONLY;
GRANT SELECT ON SEQUENCE group_id_seq TO GROUP OPENBIS_READONLY;
GRANT SELECT ON SEQUENCE invalidation_id_seq TO GROUP OPENBIS_READONLY;
GRANT SELECT ON SEQUENCE locator_type_id_seq TO GROUP OPENBIS_READONLY;
GRANT SELECT ON SEQUENCE material_id_seq TO GROUP OPENBIS_READONLY;
GRANT SELECT ON SEQUENCE material_property_id_seq TO GROUP OPENBIS_READONLY;
GRANT SELECT ON SEQUENCE material_type_id_seq TO GROUP OPENBIS_READONLY;
GRANT SELECT ON SEQUENCE mtpt_id_seq TO GROUP OPENBIS_READONLY;
GRANT SELECT ON SEQUENCE perm_id_seq TO GROUP OPENBIS_READONLY;
GRANT SELECT ON SEQUENCE person_id_seq TO GROUP OPENBIS_READONLY;
GRANT SELECT ON SEQUENCE project_id_seq TO GROUP OPENBIS_READONLY;
GRANT SELECT ON SEQUENCE property_type_id_seq TO GROUP OPENBIS_READONLY;
GRANT SELECT ON SEQUENCE role_assignment_id_seq TO GROUP OPENBIS_READONLY;
GRANT SELECT ON SEQUENCE sample_id_seq TO GROUP OPENBIS_READONLY;
GRANT SELECT ON SEQUENCE sample_property_id_seq TO GROUP OPENBIS_READONLY;
GRANT SELECT ON SEQUENCE sample_type_id_seq TO GROUP OPENBIS_READONLY;
GRANT SELECT ON SEQUENCE stpt_id_seq TO GROUP OPENBIS_READONLY;
GRANT SELECT ON SEQUENCE authorization_group_id_seq TO GROUP OPENBIS_READONLY;
GRANT SELECT ON SEQUENCE filter_id_seq TO GROUP OPENBIS_READONLY;
GRANT SELECT ON SEQUENCE query_id_seq TO GROUP OPENBIS_READONLY;
GRANT SELECT ON TABLE attachment_contents TO GROUP OPENBIS_READONLY;
GRANT SELECT ON TABLE attachments TO GROUP OPENBIS_READONLY;
GRANT SELECT ON TABLE controlled_vocabularies TO GROUP OPENBIS_READONLY;
GRANT SELECT ON TABLE controlled_vocabulary_terms TO GROUP OPENBIS_READONLY;
GRANT SELECT ON TABLE data TO GROUP OPENBIS_READONLY;
GRANT SELECT ON TABLE data_set_properties TO GROUP OPENBIS_READONLY;
GRANT SELECT ON TABLE data_set_relationships TO GROUP OPENBIS_READONLY;
GRANT SELECT ON TABLE data_set_type_property_types TO GROUP OPENBIS_READONLY;
GRANT SELECT ON TABLE data_set_types TO GROUP OPENBIS_READONLY;
GRANT SELECT ON TABLE data_stores TO GROUP OPENBIS_READONLY;
GRANT SELECT ON TABLE data_types TO GROUP OPENBIS_READONLY;
GRANT SELECT ON TABLE DATA_STORE_SERVICES TO GROUP OPENBIS_READONLY;
GRANT SELECT ON TABLE DATA_STORE_SERVICE_DATA_SET_TYPES TO GROUP OPENBIS_READONLY;
GRANT SELECT ON TABLE database_instances TO GROUP OPENBIS_READONLY;
GRANT SELECT ON TABLE database_version_logs TO GROUP OPENBIS_READONLY;
GRANT SELECT ON TABLE events TO GROUP OPENBIS_READONLY;
GRANT SELECT ON TABLE experiment_properties TO GROUP OPENBIS_READONLY;
GRANT SELECT ON TABLE experiment_type_property_types TO GROUP OPENBIS_READONLY;
GRANT SELECT ON TABLE experiment_types TO GROUP OPENBIS_READONLY;
GRANT SELECT ON TABLE experiments TO GROUP OPENBIS_READONLY;
GRANT SELECT ON TABLE external_data TO GROUP OPENBIS_READONLY;
GRANT SELECT ON TABLE file_format_types TO GROUP OPENBIS_READONLY;
GRANT SELECT ON TABLE groups TO GROUP OPENBIS_READONLY;
GRANT SELECT ON TABLE invalidations TO GROUP OPENBIS_READONLY;
GRANT SELECT ON TABLE locator_types TO GROUP OPENBIS_READONLY;
GRANT SELECT ON TABLE material_properties TO GROUP OPENBIS_READONLY;
GRANT SELECT ON TABLE material_type_property_types TO GROUP OPENBIS_READONLY;
GRANT SELECT ON TABLE material_types TO GROUP OPENBIS_READONLY;
GRANT SELECT ON TABLE materials TO GROUP OPENBIS_READONLY;
GRANT SELECT ON TABLE persons TO GROUP OPENBIS_READONLY;
GRANT SELECT ON TABLE projects TO GROUP OPENBIS_READONLY;
GRANT SELECT ON TABLE property_types TO GROUP OPENBIS_READONLY;
GRANT SELECT ON TABLE role_assignments TO GROUP OPENBIS_READONLY;
GRANT SELECT ON TABLE sample_properties TO GROUP OPENBIS_READONLY;
GRANT SELECT ON TABLE sample_type_property_types TO GROUP OPENBIS_READONLY;
GRANT SELECT ON TABLE sample_types TO GROUP OPENBIS_READONLY;
GRANT SELECT ON TABLE samples TO GROUP OPENBIS_READONLY;
GRANT SELECT ON TABLE authorization_groups TO GROUP OPENBIS_READONLY;
GRANT SELECT ON TABLE authorization_group_persons TO GROUP OPENBIS_READONLY;
GRANT SELECT ON TABLE filters TO GROUP OPENBIS_READONLY;
GRANT SELECT ON TABLE queries TO GROUP OPENBIS_READONLY;
GRANT SELECT ON TABLE scripts TO GROUP OPENBIS_READONLY;

--
-- PostgreSQL database dump complete
--

