WellName;TotalCells;InfectedCells;InfectionIndex;RelativeInfectionIndex;Log2RelativeInfectionIndex;Log2RelativeCellNumber;ZScore;MAD;Images;OligoNumber;PlateNumber;ReplicaNumber;BatchNumber;GeneData;GeneID;WellRow;WellCol;Path;ImageIndices;RawImages
A01;2825.000000;27.000000;0.009558;0.279527;-1.838942;-0.411522;-1.401718;-2.641069;9.000000;2.000000;37.000000;6.000000;0.000000;Blank;Blank;1.000000;1.000000; ; ;9.000000
A02;5544.000000;206.000000;0.037157;1.086731;0.119995;0.561154;0.126354;0.172351;9.000000;2.000000;37.000000;6.000000;0.000000;Blank;Blank;1.000000;2.000000; ; ;9.000000
A03;2206.000000;48.000000;0.021759;0.636376;-0.652049;-0.768340;-0.475880;-0.936456;9.000000;2.000000;37.000000;6.000000;0.000000;HSPC150;29089.000000;1.000000;3.000000; ; ;9.000000
A04;4940.000000;162.000000;0.032794;0.959105;-0.060240;0.394738;-0.014238;-0.086501;9.000000;2.000000;37.000000;6.000000;0.000000;SOST;50964.000000;1.000000;4.000000; ; ;9.000000
A05;3928.000000;50.000000;0.012729;0.372286;-1.425517;0.064022;-1.079225;-2.047310;9.000000;2.000000;37.000000;6.000000;0.000000;PDCD1LG1;29126.000000;1.000000;5.000000; ; ;9.000000
A06;4374.000000;410.000000;0.093736;2.741467;1.454948;0.219180;1.167687;2.089608;9.000000;2.000000;37.000000;6.000000;0.000000;TXNDC11;51061.000000;1.000000;6.000000; ; ;9.000000
A07;1640.000000;265.000000;0.161585;4.725851;2.240574;-1.196077;1.780516;3.217922;9.000000;2.000000;37.000000;6.000000;0.000000;NPC1L1;29881.000000;1.000000;7.000000; ; ;9.000000
A08;4496.000000;150.000000;0.033363;0.975760;-0.035402;0.258869;0.005137;-0.050829;8.000000;2.000000;37.000000;6.000000;0.000000;APH-1A;51107.000000;1.000000;8.000000; ; ;9.000000
A09;5129.000000;102.000000;0.019887;0.581628;-0.781831;0.448904;-0.577116;-1.122849;9.000000;2.000000;37.000000;6.000000;0.000000;RPA4;29935.000000;1.000000;9.000000; ; ;9.000000
A10;5953.000000;226.000000;0.037964;1.110326;0.150983;0.663844;0.150527;0.216857;9.000000;2.000000;37.000000;6.000000;0.000000;LOC51136;51136.000000;1.000000;10.000000; ; ;9.000000
A11;4461.000000;146.000000;0.032728;0.957191;-0.063121;0.247594;-0.016485;-0.090640;9.000000;2.000000;37.000000;6.000000;0.000000;UBQLN2;29978.000000;1.000000;11.000000; ; ;9.000000
A12;3119.000000;259.000000;0.083039;2.428636;1.280146;-0.268690;1.031333;1.838557;9.000000;2.000000;37.000000;6.000000;0.000000;DHRS10;51171.000000;1.000000;12.000000; ; ;9.000000
A13;3825.000000;137.000000;0.035817;1.047532;0.066994;0.025687;0.085011;0.096231;9.000000;2.000000;37.000000;6.000000;0.000000;EFEMP2;30008.000000;1.000000;13.000000; ; ;9.000000
A14;2855.000000;61.000000;0.021366;0.624887;-0.678332;-0.396282;-0.496382;-0.974204;9.000000;2.000000;37.000000;6.000000;0.000000;RAPGEFL1;51195.000000;1.000000;14.000000; ; ;9.000000
A15;4486.000000;187.000000;0.041685;1.219159;0.285886;0.255657;0.255758;0.410604;9.000000;2.000000;37.000000;6.000000;0.000000;CXXC1;30827.000000;1.000000;15.000000; ; ;9.000000
A16;2719.000000;69.000000;0.025377;0.742195;-0.430130;-0.466697;-0.302772;-0.617737;9.000000;2.000000;37.000000;6.000000;0.000000;LOC51255;51255.000000;1.000000;16.000000; ; ;9.000000
A17;3369.000000;49.000000;0.014544;0.425376;-1.233189;-0.157453;-0.929199;-1.771088;9.000000;2.000000;37.000000;6.000000;0.000000;SMARCAL1;50485.000000;1.000000;17.000000; ; ;9.000000
A18;5528.000000;425.000000;0.076881;2.248531;1.168983;0.556985;0.944620;1.678905;9.000000;2.000000;37.000000;6.000000;0.000000;TLR7;51284.000000;1.000000;18.000000; ; ;9.000000
A19;3795.000000;105.000000;0.027668;0.809199;-0.305433;0.014327;-0.205501;-0.438647;9.000000;2.000000;37.000000;6.000000;0.000000;IL22;50616.000000;1.000000;19.000000; ; ;9.000000
A20;3139.000000;1164.000000;0.370819;10.845252;3.438992;-0.259468;2.715344;4.939086;9.000000;2.000000;37.000000;6.000000;0.000000;SLC22A17;51310.000000;1.000000;20.000000; ; ;9.000000
A21;3632.000000;131.000000;0.036068;1.054881;0.077080;-0.049009;0.092879;0.110717;9.000000;2.000000;37.000000;6.000000;0.000000;DHH;50846.000000;1.000000;21.000000; ; ;9.000000
A22;4558.000000;892.000000;0.195700;5.723590;2.516920;0.278628;1.996081;3.614810;8.000000;2.000000;37.000000;6.000000;0.000000;MS4A4A;51338.000000;1.000000;22.000000; ; ;9.000000
A23;4619.000000;2358.000000;0.510500;14.930481;3.900189;0.297807;3.075102;5.601456;9.000000;2.000000;37.000000;6.000000;0.000000;Blank;Blank;1.000000;23.000000; ; ;9.000000
A24;5758.000000;1473.000000;0.255818;7.481851;2.903395;0.615795;2.297551;4.169864;9.000000;2.000000;37.000000;6.000000;0.000000;Blank;Blank;1.000000;24.000000; ; ;9.000000
B01;5701.000000;6.000000;0.001052;0.030781;-5.021831;0.601442;-3.884536;-7.212327;9.000000;2.000000;37.000000;6.000000;0.000000;Blank;Blank;2.000000;1.000000; ; ;9.000000
B02;5723.000000;155.000000;0.027084;0.792111;-0.336226;0.606999;-0.229521;-0.482872;9.000000;2.000000;37.000000;6.000000;0.000000;Blank;Blank;2.000000;2.000000; ; ;9.000000
B03;3289.000000;510.000000;0.155062;4.535073;2.181126;-0.192124;1.734144;3.132542;7.000000;2.000000;37.000000;6.000000;0.000000;UCHL5;51377.000000;2.000000;3.000000; ; ;9.000000
B04;4525.000000;257.000000;0.056796;1.661088;0.732128;0.268145;0.603850;1.051495;9.000000;2.000000;37.000000;6.000000;0.000000;FXYD5;53827.000000;2.000000;4.000000; ; ;9.000000
B05;4835.000000;110.000000;0.022751;0.665387;-0.587735;0.363743;-0.425711;-0.844088;9.000000;2.000000;37.000000;6.000000;0.000000;POLK;51426.000000;2.000000;5.000000; ; ;9.000000
B06;3388.000000;110.000000;0.032468;0.949571;-0.074653;-0.149339;-0.025481;-0.107201;9.000000;2.000000;37.000000;6.000000;0.000000;RAB24;53917.000000;2.000000;6.000000; ; ;9.000000
B07;5754.000000;101.000000;0.017553;0.513369;-0.961932;0.614792;-0.717605;-1.381510;9.000000;2.000000;37.000000;6.000000;0.000000;EVL;51466.000000;2.000000;7.000000; ; ;9.000000
B08;4214.000000;192.000000;0.045562;1.332554;0.414194;0.165417;0.355845;0.594879;9.000000;2.000000;37.000000;6.000000;0.000000;CYCS;54205.000000;2.000000;8.000000; ; ;9.000000
B09;4883.000000;183.000000;0.037477;1.096080;0.132353;0.377995;0.135995;0.190100;9.000000;2.000000;37.000000;6.000000;0.000000;RAMP;51514.000000;2.000000;9.000000; ; ;9.000000
B10;3192.000000;166.000000;0.052005;1.520979;0.605000;-0.235312;0.504684;0.868915;9.000000;2.000000;37.000000;6.000000;0.000000;SLC38A2;54407.000000;2.000000;10.000000; ; ;9.000000
B11;1553.000000;41.000000;0.026401;0.772130;-0.373085;-1.274715;-0.258273;-0.535808;9.000000;2.000000;37.000000;6.000000;0.000000;RAB6B;51560.000000;2.000000;11.000000; ; ;9.000000
B12;4599.000000;76.000000;0.016525;0.483313;-1.048971;0.291547;-0.785500;-1.506515;9.000000;2.000000;37.000000;6.000000;0.000000;ANKIB1;54467.000000;2.000000;12.000000; ; ;9.000000
B13;5869.000000;84.000000;0.014312;0.418594;-1.256376;0.643342;-0.947286;-1.804389;9.000000;2.000000;37.000000;6.000000;0.000000;KIAA0859;51603.000000;2.000000;13.000000; ; ;9.000000
B14;1349.000000;13.000000;0.009637;0.281844;-1.827029;-1.477883;-1.392425;-2.623960;9.000000;2.000000;37.000000;6.000000;0.000000;PCDH18;54510.000000;2.000000;14.000000; ; ;9.000000
B15;3081.000000;118.000000;0.038299;1.120130;0.163666;-0.286374;0.160420;0.235071;9.000000;2.000000;37.000000;6.000000;0.000000;ASB4;51666.000000;2.000000;15.000000; ; ;9.000000
B16;4054.000000;72.000000;0.017760;0.519430;-0.945000;0.109573;-0.704396;-1.357191;9.000000;2.000000;37.000000;6.000000;0.000000;GNB1L;54584.000000;2.000000;16.000000; ; ;9.000000
B17;5164.000000;77.000000;0.014911;0.436096;-1.197281;0.458716;-0.901189;-1.719517;9.000000;2.000000;37.000000;6.000000;0.000000;CES4;51716.000000;2.000000;17.000000; ; ;9.000000
B18;5080.000000;88.000000;0.017323;0.506637;-0.980976;0.435055;-0.732459;-1.408860;9.000000;2.000000;37.000000;6.000000;0.000000;SLC6A20;54716.000000;2.000000;18.000000; ; ;9.000000
B19;3065.000000;76.000000;0.024796;0.725205;-0.463538;-0.293886;-0.328831;-0.665718;9.000000;2.000000;37.000000;6.000000;0.000000;RAB8B;51762.000000;2.000000;19.000000; ; ;9.000000
B20;5860.000000;787.000000;0.134300;3.927852;1.973740;0.641128;1.572372;2.834696;9.000000;2.000000;37.000000;6.000000;0.000000;ZRANB1;54764.000000;2.000000;20.000000; ; ;9.000000
B21;2484.000000;34.000000;0.013688;0.400318;-1.320781;-0.597108;-0.997525;-1.896888;8.000000;2.000000;37.000000;6.000000;0.000000;NUDT9;53343.000000;2.000000;21.000000; ; ;9.000000
B22;3777.000000;3203.000000;0.848028;24.802070;4.632389;0.007468;3.646256;6.653040;9.000000;2.000000;37.000000;6.000000;0.000000;MPRG;54852.000000;2.000000;22.000000; ; ;9.000000
B23;5818.000000;138.000000;0.023719;0.693719;-0.527578;0.630750;-0.378785;-0.757691;9.000000;2.000000;37.000000;6.000000;0.000000;Blank;Blank;2.000000;23.000000; ; ;9.000000
B24;5355.000000;169.000000;0.031559;0.923007;-0.115586;0.511113;-0.057411;-0.165989;8.000000;2.000000;37.000000;6.000000;0.000000;Blank;Blank;2.000000;24.000000; ; ;9.000000
C01;6397.000000;5.000000;0.000782;0.022860;-5.451046;0.767622;-4.219346;-7.828764;9.000000;2.000000;37.000000;6.000000;0.000000;Blank;Blank;3.000000;1.000000; ; ;9.000000
C02;6118.000000;759.000000;0.124060;3.628359;1.859317;0.703287;1.483116;2.670362;9.000000;2.000000;37.000000;6.000000;0.000000;Blank;Blank;3.000000;2.000000; ; ;9.000000
C03;3887.000000;154.000000;0.039619;1.158735;0.212551;0.048884;0.198553;0.305280;9.000000;2.000000;37.000000;6.000000;0.000000;HSPC182;29101.000000;3.000000;3.000000; ; ;9.000000
C04;4695.000000;168.000000;0.035783;1.046530;0.065614;0.321352;0.083934;0.094249;9.000000;2.000000;37.000000;6.000000;0.000000;COQ6;51004.000000;3.000000;4.000000; ; ;9.000000
C05;3208.000000;28.000000;0.008728;0.255271;-1.969898;-0.228099;-1.503870;-2.829148;9.000000;2.000000;37.000000;6.000000;0.000000;RACGAP1;29127.000000;3.000000;5.000000; ; ;9.000000
C06;3551.000000;125.000000;0.035201;1.029526;0.041980;-0.081548;0.065499;0.060307;9.000000;2.000000;37.000000;6.000000;0.000000;SPG3A;51062.000000;3.000000;6.000000; ; ;9.000000
C07;544.000000;12.000000;0.022059;0.645149;-0.632295;-2.788095;-0.460470;-0.908085;9.000000;2.000000;37.000000;6.000000;0.000000;ANAPC2;29882.000000;3.000000;7.000000; ; ;9.000000
C08;4323.000000;115.000000;0.026602;0.778020;-0.362121;0.202260;-0.249721;-0.520063;9.000000;2.000000;37.000000;6.000000;0.000000;RDH11;51109.000000;3.000000;8.000000; ; ;9.000000
C09;4285.000000;209.000000;0.048775;1.426505;0.512485;0.189522;0.432517;0.736045;9.000000;2.000000;37.000000;6.000000;0.000000;SCIRP10;29937.000000;3.000000;9.000000; ; ;9.000000
C10;2235.000000;149.000000;0.066667;1.949785;0.963315;-0.749498;0.784188;1.383525;9.000000;2.000000;37.000000;6.000000;0.000000;HSD17B12;51144.000000;3.000000;10.000000; ; ;9.000000
C11;5056.000000;39.000000;0.007714;0.225598;-2.148173;0.428223;-1.642934;-3.085186;8.000000;2.000000;37.000000;6.000000;0.000000;UBQLN1;29979.000000;3.000000;11.000000; ; ;9.000000
C12;3711.000000;245.000000;0.066020;1.930870;0.949251;-0.017965;0.773218;1.363327;9.000000;2.000000;37.000000;6.000000;0.000000;TUBD1;51174.000000;3.000000;12.000000; ; ;9.000000
C13;795.000000;16.000000;0.020126;0.588614;-0.764605;-2.240746;-0.563679;-1.098110;9.000000;2.000000;37.000000;6.000000;0.000000;TBX21;30009.000000;3.000000;13.000000; ; ;9.000000
C14;994.000000;5.000000;0.005030;0.147117;-2.764968;-1.918455;-2.124066;-3.971026;9.000000;2.000000;37.000000;6.000000;0.000000;PLCE1;51196.000000;3.000000;14.000000; ; ;9.000000
C15;3488.000000;73.000000;0.020929;0.612103;-0.708154;-0.107373;-0.519645;-1.017034;9.000000;2.000000;37.000000;6.000000;0.000000;CD209;30835.000000;3.000000;15.000000; ; ;9.000000
C16;3561.000000;72.000000;0.020219;0.591342;-0.757936;-0.077491;-0.558477;-1.088531;9.000000;2.000000;37.000000;6.000000;0.000000;MARCH-II;51257.000000;3.000000;16.000000; ; ;9.000000
C17;4939.000000;153.000000;0.030978;0.906005;-0.142410;0.394446;-0.078335;-0.204514;9.000000;2.000000;37.000000;6.000000;0.000000;PLA2G3;50487.000000;3.000000;17.000000; ; ;9.000000
C18;3585.000000;131.000000;0.036541;1.068711;0.095871;-0.067800;0.107537;0.137705;9.000000;2.000000;37.000000;6.000000;0.000000;GMIP;51291.000000;3.000000;18.000000; ; ;9.000000
C19;5894.000000;226.000000;0.038344;1.121441;0.165353;0.649474;0.161737;0.237495;9.000000;2.000000;37.000000;6.000000;0.000000;ITSN2;50618.000000;3.000000;19.000000; ; ;9.000000
C20;3786.000000;366.000000;0.096672;2.827343;1.499447;0.010901;1.202399;2.153517;9.000000;2.000000;37.000000;6.000000;0.000000;TLR8;51311.000000;3.000000;20.000000; ; ;9.000000
C21;4333.000000;153.000000;0.035310;1.032716;0.046443;0.205593;0.068980;0.066716;9.000000;2.000000;37.000000;6.000000;0.000000;F11R;50848.000000;3.000000;21.000000; ; ;9.000000
C22;6120.000000;49.000000;0.008007;0.234165;-2.094400;0.703759;-1.600989;-3.007958;9.000000;2.000000;37.000000;6.000000;0.000000;FZR1;51343.000000;3.000000;22.000000; ; ;9.000000
C23;2397.000000;68.000000;0.028369;0.829696;-0.269346;-0.648543;-0.177351;-0.386819;9.000000;2.000000;37.000000;6.000000;0.000000;Blank;Blank;3.000000;23.000000; ; ;9.000000
C24;5460.000000;118.000000;0.021612;0.632073;-0.661837;0.539128;-0.483514;-0.950513;9.000000;2.000000;37.000000;6.000000;0.000000;Blank;Blank;3.000000;24.000000; ; ;9.000000
D01;5609.000000;8.000000;0.001426;0.041714;-4.583322;0.577970;-3.542477;-6.582541;9.000000;2.000000;37.000000;6.000000;0.000000;Blank;Blank;4.000000;1.000000; ; ;9.000000
D02;6006.000000;104.000000;0.017316;0.506438;-0.981543;0.676631;-0.732902;-1.409675;9.000000;2.000000;37.000000;6.000000;0.000000;Blank;Blank;4.000000;2.000000; ; ;9.000000
D03;3137.000000;140.000000;0.044629;1.305243;0.384319;-0.260388;0.332541;0.551973;9.000000;2.000000;37.000000;6.000000;0.000000;ANGPT4;51378.000000;4.000000;3.000000; ; ;9.000000
D04;1584.000000;46.000000;0.029040;0.849338;-0.235589;-1.246201;-0.151019;-0.338338;9.000000;2.000000;37.000000;6.000000;0.000000;IL20RA;53832.000000;4.000000;4.000000; ; ;9.000000
D05;2433.000000;109.000000;0.044801;1.310275;0.389869;-0.627037;0.336871;0.559944;9.000000;2.000000;37.000000;6.000000;0.000000;DDX41;51428.000000;4.000000;5.000000; ; ;9.000000
D06;5040.000000;126.000000;0.025000;0.731169;-0.451722;0.423651;-0.319615;-0.648748;9.000000;2.000000;37.000000;6.000000;0.000000;PELO;53918.000000;4.000000;6.000000; ; ;9.000000
D07;2295.000000;15.000000;0.006536;0.191155;-2.387182;-0.711279;-1.829373;-3.428450;9.000000;2.000000;37.000000;6.000000;0.000000;ISYNA1;51477.000000;4.000000;7.000000; ; ;9.000000
D08;4224.000000;198.000000;0.046875;1.370943;0.455168;0.168837;0.387807;0.653726;9.000000;2.000000;37.000000;6.000000;0.000000;KCNK10;54207.000000;4.000000;8.000000; ; ;9.000000
D09;3326.000000;210.000000;0.063139;1.846609;0.884879;-0.175985;0.723004;1.270875;9.000000;2.000000;37.000000;6.000000;0.000000;LARS;51520.000000;4.000000;9.000000; ; ;9.000000
D10;3422.000000;94.000000;0.027469;0.803389;-0.315830;-0.134933;-0.213611;-0.453579;9.000000;2.000000;37.000000;6.000000;0.000000;NLGN3;54413.000000;4.000000;10.000000; ; ;9.000000
D11;1924.000000;32.000000;0.016632;0.486433;-1.039687;-0.965664;-0.778258;-1.493182;9.000000;2.000000;37.000000;6.000000;0.000000;IL23A;51561.000000;4.000000;11.000000; ; ;9.000000
D12;4575.000000;214.000000;0.046776;1.368046;0.452117;0.283999;0.385427;0.649344;9.000000;2.000000;37.000000;6.000000;0.000000;TOLLIP;54472.000000;4.000000;12.000000; ; ;9.000000
D13;1256.000000;10.000000;0.007962;0.232856;-2.102487;-1.580937;-1.607296;-3.019572;9.000000;2.000000;37.000000;6.000000;0.000000;HMP19;51617.000000;4.000000;13.000000; ; ;9.000000
D14;2263.000000;43.000000;0.019001;0.555727;-0.847551;-0.731537;-0.628381;-1.217235;9.000000;2.000000;37.000000;6.000000;0.000000;NS3TP1;54529.000000;4.000000;14.000000; ; ;9.000000
D15;3826.000000;122.000000;0.031887;0.932594;-0.100678;0.026064;-0.045782;-0.144579;9.000000;2.000000;37.000000;6.000000;0.000000;NYREN18;51667.000000;4.000000;15.000000; ; ;9.000000
D16;5901.000000;230.000000;0.038976;1.139935;0.188952;0.651186;0.180145;0.271387;9.000000;2.000000;37.000000;6.000000;0.000000;UGT1A9;54600.000000;4.000000;16.000000; ; ;9.000000
D17;4495.000000;170.000000;0.037820;1.106107;0.145491;0.258548;0.146243;0.208969;9.000000;2.000000;37.000000;6.000000;0.000000;RAP80;51720.000000;4.000000;17.000000; ; ;9.000000
D18;1687.000000;68.000000;0.040308;1.178886;0.237424;-1.155313;0.217956;0.341003;9.000000;2.000000;37.000000;6.000000;0.000000;BTN2A3;54718.000000;4.000000;18.000000; ; ;9.000000
D19;4172.000000;113.000000;0.027085;0.792159;-0.336139;0.150966;-0.229453;-0.482747;9.000000;2.000000;37.000000;6.000000;0.000000;GNG13;51764.000000;4.000000;19.000000; ; ;9.000000
D20;4157.000000;318.000000;0.076497;2.237304;1.161762;0.145770;0.938987;1.668534;9.000000;2.000000;37.000000;6.000000;0.000000;RNF111;54778.000000;4.000000;20.000000; ; ;9.000000
D21;2984.000000;46.000000;0.015416;0.450855;-1.149264;-0.332526;-0.863733;-1.650556;9.000000;2.000000;37.000000;6.000000;0.000000;UBASH3A;53347.000000;4.000000;21.000000; ; ;9.000000
D22;3140.000000;181.000000;0.057643;1.685881;0.753503;-0.259009;0.620524;1.082193;9.000000;2.000000;37.000000;6.000000;0.000000;PGPEP1;54858.000000;4.000000;22.000000; ; ;9.000000
D23;5406.000000;105.000000;0.019423;0.568056;-0.815895;0.524788;-0.603688;-1.171771;9.000000;2.000000;37.000000;6.000000;0.000000;Blank;Blank;4.000000;23.000000; ; ;9.000000
D24;6656.000000;93.000000;0.013972;0.408646;-1.291075;0.824882;-0.974353;-1.854224;9.000000;2.000000;37.000000;6.000000;0.000000;Blank;Blank;4.000000;24.000000; ; ;9.000000
E01;5395.000000;60.000000;0.011121;0.325265;-1.620311;0.521850;-1.231174;-2.327072;9.000000;2.000000;37.000000;6.000000;0.000000;Blank;Blank;5.000000;1.000000; ; ;9.000000
E02;5313.000000;203.000000;0.038208;1.117466;0.160231;0.499754;0.157741;0.230138;9.000000;2.000000;37.000000;6.000000;0.000000;Blank;Blank;5.000000;2.000000; ; ;9.000000
E03;4058.000000;127.000000;0.031296;0.915313;-0.127663;0.110996;-0.066831;-0.183334;9.000000;2.000000;37.000000;6.000000;0.000000;C21orf127;29104.000000;5.000000;3.000000; ; ;9.000000
E04;2584.000000;50.000000;0.019350;0.565921;-0.821329;-0.540167;-0.607926;-1.179575;9.000000;2.000000;37.000000;6.000000;0.000000;SLC35C2;51006.000000;5.000000;4.000000; ; ;9.000000
E05;4183.000000;348.000000;0.083194;2.433153;1.282827;0.154765;1.033424;1.842408;8.000000;2.000000;37.000000;6.000000;0.000000;UHRF1;29128.000000;5.000000;5.000000; ; ;9.000000
E06;3102.000000;375.000000;0.120890;3.535635;1.821969;-0.276574;1.453983;2.616723;9.000000;2.000000;37.000000;6.000000;0.000000;CGI-04;51067.000000;5.000000;6.000000; ; ;9.000000
E07;1680.000000;38.000000;0.022619;0.661534;-0.596112;-1.161312;-0.432246;-0.856120;9.000000;2.000000;37.000000;6.000000;0.000000;HUMGT198A;29893.000000;5.000000;7.000000; ; ;9.000000
E08;3762.000000;104.000000;0.027645;0.808523;-0.306639;0.001727;-0.206442;-0.440379;9.000000;2.000000;37.000000;6.000000;0.000000;SUV420H1;51111.000000;5.000000;8.000000; ; ;9.000000
E09;1534.000000;35.000000;0.022816;0.667299;-0.583594;-1.292475;-0.422481;-0.838142;9.000000;2.000000;37.000000;6.000000;0.000000;ANAPC4;29945.000000;5.000000;9.000000; ; ;9.000000
E10;2455.000000;38.000000;0.015479;0.452700;-1.143374;-0.614050;-0.859139;-1.642096;9.000000;2.000000;37.000000;6.000000;0.000000;ING4;51147.000000;5.000000;10.000000; ; ;9.000000
E11;2894.000000;178.000000;0.061507;1.798869;0.847090;-0.376708;0.693526;1.216603;9.000000;2.000000;37.000000;6.000000;0.000000;NRBF2;29982.000000;5.000000;11.000000; ; ;9.000000
E12;2582.000000;75.000000;0.029047;0.849538;-0.235249;-0.541284;-0.150754;-0.337849;9.000000;2.000000;37.000000;6.000000;0.000000;TUBE1;51175.000000;5.000000;12.000000; ; ;9.000000
E13;5572.000000;128.000000;0.022972;0.671857;-0.573774;0.568422;-0.414821;-0.824038;9.000000;2.000000;37.000000;6.000000;0.000000;SLC40A1;30061.000000;5.000000;13.000000; ; ;9.000000
E14;4696.000000;96.000000;0.020443;0.597890;-0.742049;0.321659;-0.546084;-1.065713;9.000000;2.000000;37.000000;6.000000;0.000000;CPA4;51200.000000;5.000000;14.000000; ; ;9.000000
E15;2712.000000;52.000000;0.019174;0.560779;-0.834496;-0.470416;-0.618198;-1.198486;9.000000;2.000000;37.000000;6.000000;0.000000;ERBP;30836.000000;5.000000;15.000000; ; ;9.000000
E16;5183.000000;258.000000;0.049778;1.455849;0.541861;0.464014;0.455432;0.778235;9.000000;2.000000;37.000000;6.000000;0.000000;CLEC2;51266.000000;5.000000;16.000000; ; ;9.000000
E17;5125.000000;210.000000;0.040976;1.198404;0.261115;0.447779;0.236436;0.375027;9.000000;2.000000;37.000000;6.000000;0.000000;CD207;50489.000000;5.000000;17.000000; ; ;9.000000
E18;4243.000000;220.000000;0.051850;1.516448;0.600696;0.175312;0.501327;0.862733;9.000000;2.000000;37.000000;6.000000;0.000000;GMPR2;51292.000000;5.000000;18.000000; ; ;9.000000
E19;5076.000000;733.000000;0.144405;4.223382;2.078399;0.433919;1.654011;2.985006;9.000000;2.000000;37.000000;6.000000;0.000000;DEF6;50619.000000;5.000000;19.000000; ; ;9.000000
E20;5129.000000;299.000000;0.058296;1.704969;0.769745;0.448904;0.633194;1.105521;9.000000;2.000000;37.000000;6.000000;0.000000;TXNDC3;51314.000000;5.000000;20.000000; ; ;9.000000
E21;5119.000000;230.000000;0.044931;1.314077;0.394049;0.446089;0.340131;0.565948;9.000000;2.000000;37.000000;6.000000;0.000000;TCRIM;50852.000000;5.000000;21.000000; ; ;9.000000
E22;3174.000000;85.000000;0.026780;0.783231;-0.352490;-0.243471;-0.242208;-0.506230;9.000000;2.000000;37.000000;6.000000;0.000000;WIT-1;51352.000000;5.000000;22.000000; ; ;9.000000
E23;5502.000000;112.000000;0.020356;0.595354;-0.748180;0.550183;-0.550867;-1.074519;9.000000;2.000000;37.000000;6.000000;0.000000;Blank;Blank;5.000000;23.000000; ; ;9.000000
E24;5791.000000;89.000000;0.015369;0.449484;-1.153658;0.624039;-0.867160;-1.656865;8.000000;2.000000;37.000000;6.000000;0.000000;Blank;Blank;5.000000;24.000000; ; ;9.000000
F01;5702.000000;9.000000;0.001578;0.046163;-4.437122;0.601695;-3.428433;-6.372568;9.000000;2.000000;37.000000;6.000000;0.000000;Blank;Blank;6.000000;1.000000; ; ;9.000000
F02;5922.000000;224.000000;0.037825;1.106261;0.145692;0.656311;0.146400;0.209257;9.000000;2.000000;37.000000;6.000000;0.000000;Blank;Blank;6.000000;2.000000; ; ;9.000000
F03;3594.000000;210.000000;0.058431;1.708910;0.773076;-0.064183;0.635792;1.110305;8.000000;2.000000;37.000000;6.000000;0.000000;CRLF3;51379.000000;6.000000;3.000000; ; ;9.000000
F04;6125.000000;239.000000;0.039020;1.141221;0.190578;0.704937;0.181413;0.273723;9.000000;2.000000;37.000000;6.000000;0.000000;FGFRL1;53834.000000;6.000000;4.000000; ; ;9.000000
F05;2383.000000;29.000000;0.012170;0.355920;-1.490377;-0.656994;-1.129819;-2.140460;9.000000;2.000000;37.000000;6.000000;0.000000;SNX9;51429.000000;6.000000;5.000000; ; ;9.000000
F06;3754.000000;325.000000;0.086574;2.532020;1.340289;-0.001344;1.078247;1.924934;9.000000;2.000000;37.000000;6.000000;0.000000;A4GALT;53947.000000;6.000000;6.000000; ; ;9.000000
F07;1637.000000;21.000000;0.012828;0.375188;-1.414316;-1.198719;-1.070487;-2.031222;9.000000;2.000000;37.000000;6.000000;0.000000;ISYNA1;51477.000000;6.000000;7.000000; ; ;9.000000
F08;4132.000000;43.000000;0.010407;0.304359;-1.716154;0.137067;-1.305937;-2.464721;9.000000;2.000000;37.000000;6.000000;0.000000;TREM2;54209.000000;6.000000;8.000000; ; ;9.000000
F09;851.000000;120.000000;0.141011;4.124104;2.044081;-2.142542;1.627241;2.935719;9.000000;2.000000;37.000000;6.000000;0.000000;ANAPC11;51529.000000;6.000000;9.000000; ; ;9.000000
F10;4118.000000;194.000000;0.047110;1.377823;0.462390;0.132171;0.393441;0.664099;9.000000;2.000000;37.000000;6.000000;0.000000;DNAJC10;54431.000000;6.000000;10.000000; ; ;9.000000
F11;5808.000000;143.000000;0.024621;0.720091;-0.473749;0.628268;-0.336796;-0.680382;9.000000;2.000000;37.000000;6.000000;0.000000;HDAC7A;51564.000000;6.000000;11.000000; ; ;9.000000
F12;3977.000000;86.000000;0.021624;0.632442;-0.660994;0.081907;-0.482858;-0.949304;9.000000;2.000000;37.000000;6.000000;0.000000;FLJ10458;54475.000000;6.000000;12.000000; ; ;9.000000
F13;5011.000000;275.000000;0.054879;1.605041;0.682611;0.415325;0.565224;0.980379;9.000000;2.000000;37.000000;6.000000;0.000000;KLF13;51621.000000;6.000000;13.000000; ; ;9.000000
F14;2877.000000;47.000000;0.016336;0.477789;-1.065555;-0.385208;-0.798436;-1.530333;9.000000;2.000000;37.000000;6.000000;0.000000;ROBO4;54538.000000;6.000000;14.000000; ; ;9.000000
F15;3321.000000;292.000000;0.087925;2.571532;1.362628;-0.178155;1.095673;1.957018;9.000000;2.000000;37.000000;6.000000;0.000000;ASB2;51676.000000;6.000000;15.000000; ; ;9.000000
F16;4736.000000;242.000000;0.051098;1.494451;0.579615;0.333896;0.484883;0.832457;9.000000;2.000000;37.000000;6.000000;0.000000;FBXL19;54620.000000;6.000000;16.000000; ; ;9.000000
F17;4589.000000;221.000000;0.048159;1.408485;0.494144;0.288407;0.418210;0.709703;9.000000;2.000000;37.000000;6.000000;0.000000;FBXO40;51725.000000;6.000000;17.000000; ; ;9.000000
F18;5514.000000;104.000000;0.018861;0.551626;-0.858238;0.553326;-0.636718;-1.232585;9.000000;2.000000;37.000000;6.000000;0.000000;RAB39;54734.000000;6.000000;18.000000; ; ;9.000000
F19;2894.000000;92.000000;0.031790;0.929752;-0.105082;-0.376708;-0.049217;-0.150903;9.000000;2.000000;37.000000;6.000000;0.000000;HBXAP;51773.000000;6.000000;19.000000; ; ;9.000000
F20;4830.000000;460.000000;0.095238;2.785407;1.477888;0.362250;1.185582;2.122554;9.000000;2.000000;37.000000;6.000000;0.000000;TRPM4;54795.000000;6.000000;20.000000; ; ;9.000000
F21;2973.000000;50.000000;0.016818;0.491873;-1.023642;-0.337854;-0.765741;-1.470137;9.000000;2.000000;37.000000;6.000000;0.000000;LRP1B;53353.000000;6.000000;21.000000; ; ;9.000000
F22;4892.000000;217.000000;0.044358;1.297332;0.375548;0.380651;0.325699;0.539376;9.000000;2.000000;37.000000;6.000000;0.000000;MS4A12;54860.000000;6.000000;22.000000; ; ;9.000000
F23;6858.000000;114.000000;0.016623;0.486167;-1.040477;0.868015;-0.778873;-1.494315;9.000000;2.000000;37.000000;6.000000;0.000000;Blank;Blank;6.000000;23.000000; ; ;9.000000
F24;6345.000000;111.000000;0.017494;0.511646;-0.966783;0.755847;-0.721388;-1.388476;9.000000;2.000000;37.000000;6.000000;0.000000;Blank;Blank;6.000000;24.000000; ; ;9.000000
G01;1985.000000;2.000000;0.001008;0.029468;-5.084718;-0.920634;-3.933591;-7.302644;9.000000;2.000000;37.000000;6.000000;0.000000;Blank;Blank;7.000000;1.000000; ; ;9.000000
G02;5243.000000;61.000000;0.011635;0.340273;-1.555234;0.480619;-1.180411;-2.233608;9.000000;2.000000;37.000000;6.000000;0.000000;Blank;Blank;7.000000;2.000000; ; ;9.000000
G03;3485.000000;745.000000;0.213773;6.252180;2.644359;-0.108614;2.095490;3.797837;9.000000;2.000000;37.000000;6.000000;0.000000;SCG3;29106.000000;7.000000;3.000000; ; ;9.000000
G04;1548.000000;2.000000;0.001292;0.037787;-4.725984;-1.279368;-3.653760;-6.787432;9.000000;2.000000;37.000000;6.000000;0.000000;ELA2B;51032.000000;7.000000;4.000000; ; ;9.000000
G05;2809.000000;143.000000;0.050908;1.488889;0.574236;-0.419716;0.480686;0.824731;9.000000;2.000000;37.000000;6.000000;0.000000;BLNK;29760.000000;7.000000;5.000000; ; ;9.000000
G06;4190.000000;215.000000;0.051313;1.500729;0.585664;0.157177;0.489601;0.841144;9.000000;2.000000;37.000000;6.000000;0.000000;DERA;51071.000000;7.000000;6.000000; ; ;9.000000
G07;2574.000000;179.000000;0.069542;2.033867;1.024225;-0.545761;0.831701;1.471004;9.000000;2.000000;37.000000;6.000000;0.000000;GPSM2;29899.000000;7.000000;7.000000; ; ;9.000000
G08;2243.000000;39.000000;0.017387;0.508526;-0.975606;-0.744343;-0.728271;-1.401148;9.000000;2.000000;37.000000;6.000000;0.000000;TRIM17;51127.000000;7.000000;8.000000; ; ;9.000000
G09;2443.000000;49.000000;0.020057;0.586612;-0.769523;-0.621119;-0.567515;-1.105172;9.000000;2.000000;37.000000;6.000000;0.000000;DNMT3L;29947.000000;7.000000;9.000000; ; ;9.000000
G10;3503.000000;234.000000;0.066800;1.953681;0.966195;-0.101182;0.786435;1.387662;9.000000;2.000000;37.000000;6.000000;0.000000;MATP;51151.000000;7.000000;10.000000; ; ;9.000000
G11;3761.000000;55.000000;0.014624;0.427698;-1.225335;0.001343;-0.923073;-1.759809;9.000000;2.000000;37.000000;6.000000;0.000000;PILRB;29990.000000;7.000000;11.000000; ; ;9.000000
G12;2740.000000;151.000000;0.055109;1.611775;0.688650;-0.455597;0.569935;0.989053;9.000000;2.000000;37.000000;6.000000;0.000000;LEF1;51176.000000;7.000000;12.000000; ; ;9.000000
G13;2320.000000;14.000000;0.006034;0.176489;-2.502349;-0.695648;-1.919209;-3.593852;9.000000;2.000000;37.000000;6.000000;0.000000;RAX;30062.000000;7.000000;13.000000; ; ;9.000000
G14;4197.000000;82.000000;0.019538;0.571417;-0.807385;0.159585;-0.597050;-1.159550;9.000000;2.000000;37.000000;6.000000;0.000000;GP6;51206.000000;7.000000;14.000000; ; ;9.000000
G15;4390.000000;279.000000;0.063554;1.858736;0.894322;0.224448;0.730370;1.284437;9.000000;2.000000;37.000000;6.000000;0.000000;SOCS7;30837.000000;7.000000;15.000000; ; ;9.000000
G16;3151.000000;269.000000;0.085370;2.496789;1.320074;-0.253963;1.062479;1.895902;9.000000;2.000000;37.000000;6.000000;0.000000;CLEC1;51267.000000;7.000000;16.000000; ; ;9.000000
G17;4988.000000;131.000000;0.026263;0.768109;-0.380617;0.408688;-0.264149;-0.546627;9.000000;2.000000;37.000000;6.000000;0.000000;DUOX2;50506.000000;7.000000;17.000000; ; ;9.000000
G18;4125.000000;271.000000;0.065697;1.921424;0.942176;0.134621;0.767699;1.353166;9.000000;2.000000;37.000000;6.000000;0.000000;CYP39A1;51302.000000;7.000000;18.000000; ; ;9.000000
G19;2568.000000;36.000000;0.014019;0.410002;-1.286299;-0.549128;-0.970627;-1.847364;9.000000;2.000000;37.000000;6.000000;0.000000;GEMIN4;50628.000000;7.000000;19.000000; ; ;9.000000
G20;3679.000000;69.000000;0.018755;0.548526;-0.866368;-0.030459;-0.643059;-1.244261;9.000000;2.000000;37.000000;6.000000;0.000000;BHC80;51317.000000;7.000000;20.000000; ; ;9.000000
G21;3032.000000;57.000000;0.018799;0.549824;-0.862958;-0.309503;-0.640400;-1.239364;9.000000;2.000000;37.000000;6.000000;0.000000;PARD6A;50855.000000;7.000000;21.000000; ; ;9.000000
G22;3730.000000;120.000000;0.032172;0.940915;-0.087864;-0.010597;-0.035786;-0.126175;9.000000;2.000000;37.000000;6.000000;0.000000;MBTPS2;51360.000000;7.000000;22.000000; ; ;9.000000
G23;5186.000000;51.000000;0.009834;0.287618;-1.797776;0.464849;-1.369606;-2.581946;9.000000;2.000000;37.000000;6.000000;0.000000;Blank;Blank;7.000000;23.000000; ; ;9.000000
G24;2627.000000;12.000000;0.004568;0.133598;-2.904032;-0.516357;-2.232543;-4.170749;9.000000;2.000000;37.000000;6.000000;0.000000;Blank;Blank;7.000000;24.000000; ; ;9.000000
H01;16067.000000;18.000000;0.001120;0.032765;-4.931682;2.096256;-3.814215;-7.082855;9.000000;2.000000;37.000000;6.000000;0.000000;Blank;Blank;8.000000;1.000000; ; ;9.000000
H02;13721.000000;1.000000;0.000073;0.002132;-8.873892;1.868541;-6.889344;-12.744647;9.000000;2.000000;37.000000;6.000000;0.000000;Blank;Blank;8.000000;2.000000; ; ;9.000000
H03;2686.000000;71.000000;0.026433;0.773090;-0.371291;-0.484314;-0.256874;-0.533232;9.000000;2.000000;37.000000;6.000000;0.000000;CSAD;51380.000000;8.000000;3.000000; ; ;9.000000
H04;3565.000000;210.000000;0.058906;1.722811;0.784765;-0.075871;0.644910;1.127092;9.000000;2.000000;37.000000;6.000000;0.000000;C11orf24;53838.000000;8.000000;4.000000; ; ;9.000000
H05;1734.000000;115.000000;0.066321;1.939665;0.955807;-1.115669;0.778332;1.372743;9.000000;2.000000;37.000000;6.000000;0.000000;ANAPC5;51433.000000;8.000000;5.000000; ; ;9.000000
H06;2957.000000;547.000000;0.184985;5.410208;2.435684;-0.345639;1.932712;3.498138;9.000000;2.000000;37.000000;6.000000;0.000000;FAM3B;54097.000000;8.000000;6.000000; ; ;9.000000
H07;4688.000000;316.000000;0.067406;1.971412;0.979229;0.319199;0.796602;1.406382;9.000000;2.000000;37.000000;6.000000;0.000000;HSD17B7;51478.000000;8.000000;7.000000; ; ;9.000000
H08;4040.000000;933.000000;0.230941;6.754267;2.755799;0.104582;2.182419;3.957887;8.000000;2.000000;37.000000;6.000000;0.000000;TREM1;54210.000000;8.000000;8.000000; ; ;9.000000
H09;3629.000000;144.000000;0.039680;1.160522;0.214774;-0.050201;0.200287;0.308473;9.000000;2.000000;37.000000;6.000000;0.000000;PHF7;51533.000000;8.000000;9.000000; ; ;9.000000
H10;3907.000000;179.000000;0.045815;1.339947;0.422176;0.056288;0.362071;0.606343;9.000000;2.000000;37.000000;6.000000;0.000000;SSH1;54434.000000;8.000000;10.000000; ; ;9.000000
H11;5048.000000;273.000000;0.054081;1.581690;0.661467;0.425939;0.548731;0.950011;9.000000;2.000000;37.000000;6.000000;0.000000;TTRAP;51567.000000;8.000000;11.000000; ; ;9.000000
H12;2996.000000;193.000000;0.064419;1.884055;0.913841;-0.326735;0.745596;1.312471;9.000000;2.000000;37.000000;6.000000;0.000000;FLJ10156;54478.000000;8.000000;12.000000; ; ;9.000000
H13;5345.000000;61.000000;0.011413;0.333780;-1.583031;0.508417;-1.202094;-2.273531;9.000000;2.000000;37.000000;6.000000;0.000000;DHRS7;51635.000000;8.000000;13.000000; ; ;9.000000
H14;5994.000000;200.000000;0.033367;0.975868;-0.035242;0.673746;0.005262;-0.050599;9.000000;2.000000;37.000000;6.000000;0.000000;MNAB;54542.000000;8.000000;14.000000; ; ;9.000000
H15;3959.000000;88.000000;0.022228;0.650092;-0.621283;0.075363;-0.451881;-0.892270;9.000000;2.000000;37.000000;6.000000;0.000000;MPP6;51678.000000;8.000000;15.000000; ; ;9.000000
H16;5222.000000;143.000000;0.027384;0.800898;-0.320310;0.474829;-0.217106;-0.460013;9.000000;2.000000;37.000000;6.000000;0.000000;KIAA1164;54629.000000;8.000000;16.000000; ; ;9.000000
H17;1679.000000;33.000000;0.019655;0.574832;-0.798787;-1.162171;-0.590343;-1.147201;9.000000;2.000000;37.000000;6.000000;0.000000;GHRL;51738.000000;8.000000;17.000000; ; ;9.000000
H18;2316.000000;92.000000;0.039724;1.161789;0.216348;-0.698138;0.201515;0.310733;9.000000;2.000000;37.000000;6.000000;0.000000;FEV;54738.000000;8.000000;18.000000; ; ;9.000000
H19;4241.000000;138.000000;0.032539;0.951675;-0.071459;0.174631;-0.022989;-0.102614;9.000000;2.000000;37.000000;6.000000;0.000000;ACCN5;51802.000000;8.000000;19.000000; ; ;9.000000
H20;3441.000000;60.000000;0.017437;0.509970;-0.971516;-0.126945;-0.725080;-1.395274;9.000000;2.000000;37.000000;6.000000;0.000000;DCHS2;54798.000000;8.000000;20.000000; ; ;9.000000
H21;5268.000000;185.000000;0.035118;1.027079;0.038547;0.487482;0.062821;0.055377;9.000000;2.000000;37.000000;6.000000;0.000000;TPCN1;53373.000000;8.000000;21.000000; ; ;9.000000
H22;5648.000000;103.000000;0.018237;0.533360;-0.906818;0.587967;-0.674613;-1.302355;9.000000;2.000000;37.000000;6.000000;0.000000;FLJ20259;54870.000000;8.000000;22.000000; ; ;9.000000
H23;10038.000000;1.000000;0.000100;0.002914;-8.422979;1.417627;-6.537607;-12.097046;9.000000;2.000000;37.000000;6.000000;0.000000;Blank;Blank;8.000000;23.000000; ; ;9.000000
H24;4473.000000;75.000000;0.016767;0.490389;-1.028003;0.251470;-0.769143;-1.476400;9.000000;2.000000;37.000000;6.000000;0.000000;Blank;Blank;8.000000;24.000000; ; ;9.000000
I01;615.000000;3.000000;0.004878;0.142667;-2.809274;-2.611115;-2.158627;-4.034658;9.000000;2.000000;37.000000;6.000000;0.000000;Blank;Blank;9.000000;1.000000; ; ;9.000000
I02;2496.000000;21.000000;0.008413;0.246067;-2.022879;-0.590155;-1.545198;-2.905239;9.000000;2.000000;37.000000;6.000000;0.000000;Blank;Blank;9.000000;2.000000; ; ;9.000000
I03;3678.000000;703.000000;0.191136;5.590126;2.482881;-0.030852;1.969528;3.565922;8.000000;2.000000;37.000000;6.000000;0.000000;PYCARD;29108.000000;9.000000;3.000000; ; ;9.000000
I04;2751.000000;378.000000;0.137405;4.018641;2.006708;-0.449817;1.598088;2.882043;9.000000;2.000000;37.000000;6.000000;0.000000;LOC51035;51035.000000;9.000000;4.000000; ; ;9.000000
I05;4180.000000;138.000000;0.033014;0.965563;-0.050557;0.153730;-0.006685;-0.072595;9.000000;2.000000;37.000000;6.000000;0.000000;CYP2S1;29785.000000;9.000000;5.000000; ; ;9.000000
I06;3584.000000;155.000000;0.043248;1.264858;0.338975;-0.068202;0.297171;0.486850;9.000000;2.000000;37.000000;6.000000;0.000000;TMX2;51075.000000;9.000000;6.000000; ; ;9.000000
I07;4313.000000;91.000000;0.021099;0.617078;-0.696476;0.198919;-0.510535;-1.000262;9.000000;2.000000;37.000000;6.000000;0.000000;ALG6;29929.000000;9.000000;7.000000; ; ;9.000000
I08;3552.000000;129.000000;0.036318;1.062172;0.087017;-0.081142;0.100630;0.124988;9.000000;2.000000;37.000000;6.000000;0.000000;ANGPTL4;51129.000000;9.000000;8.000000; ; ;9.000000
I09;2378.000000;81.000000;0.034062;0.996211;-0.005477;-0.660024;0.028480;-0.007852;9.000000;2.000000;37.000000;6.000000;0.000000;IL19;29949.000000;9.000000;9.000000; ; ;9.000000
I10;3375.000000;109.000000;0.032296;0.944562;-0.082282;-0.154886;-0.031432;-0.118158;9.000000;2.000000;37.000000;6.000000;0.000000;C1orf33;51154.000000;9.000000;10.000000; ; ;9.000000
I11;3471.000000;68.000000;0.019591;0.572971;-0.803467;-0.114422;-0.593994;-1.153923;9.000000;2.000000;37.000000;6.000000;0.000000;PILRA;29992.000000;9.000000;11.000000; ; ;9.000000
I12;4012.000000;175.000000;0.043619;1.275719;0.351311;0.094549;0.306793;0.504567;9.000000;2.000000;37.000000;6.000000;0.000000;DCXR;51181.000000;9.000000;12.000000; ; ;9.000000
I13;3565.000000;18.000000;0.005049;0.147670;-2.759556;-0.075871;-2.119844;-3.963252;9.000000;2.000000;37.000000;6.000000;0.000000;PLA2G2E;30814.000000;9.000000;13.000000; ; ;9.000000
I14;5261.000000;240.000000;0.045619;1.334200;0.415975;0.485564;0.357234;0.597437;9.000000;2.000000;37.000000;6.000000;0.000000;RAB9B;51209.000000;9.000000;14.000000; ; ;9.000000
I15;5166.000000;192.000000;0.037166;1.086988;0.120336;0.459275;0.126621;0.172841;9.000000;2.000000;37.000000;6.000000;0.000000;STOML2;30968.000000;9.000000;15.000000; ; ;9.000000
I16;3030.000000;128.000000;0.042244;1.235507;0.305104;-0.310455;0.270749;0.438204;9.000000;2.000000;37.000000;6.000000;0.000000;FLJ39616;51275.000000;9.000000;16.000000; ; ;9.000000
I17;2256.000000;74.000000;0.032801;0.959336;-0.059892;-0.736006;-0.013967;-0.086002;9.000000;2.000000;37.000000;6.000000;0.000000;NOX4;50507.000000;9.000000;17.000000; ; ;9.000000
I18;3378.000000;78.000000;0.023091;0.675325;-0.566346;-0.153604;-0.409027;-0.813370;9.000000;2.000000;37.000000;6.000000;0.000000;FKBP11;51303.000000;9.000000;18.000000; ; ;9.000000
I19;3456.000000;117.000000;0.033854;0.990125;-0.014317;-0.120670;0.021584;-0.020547;9.000000;2.000000;37.000000;6.000000;0.000000;DRD1IP;50632.000000;9.000000;19.000000; ; ;9.000000
I20;4577.000000;226.000000;0.049377;1.444127;0.530198;0.284629;0.446334;0.761484;9.000000;2.000000;37.000000;6.000000;0.000000;MRPL35;51318.000000;9.000000;20.000000; ; ;9.000000
I21;5899.000000;75.000000;0.012714;0.371844;-1.427230;0.650697;-1.080561;-2.049770;9.000000;2.000000;37.000000;6.000000;0.000000;CLECSF6;50856.000000;9.000000;21.000000; ; ;9.000000
I22;3933.000000;82.000000;0.020849;0.609773;-0.713657;0.065857;-0.523937;-1.024937;9.000000;2.000000;37.000000;6.000000;0.000000;PLA1A;51365.000000;9.000000;22.000000; ; ;9.000000
I23;3124.000000;12.000000;0.003841;0.112344;-3.154011;-0.266379;-2.427539;-4.529767;9.000000;2.000000;37.000000;6.000000;0.000000;Blank;Blank;9.000000;23.000000; ; ;9.000000
I24;4240.000000;72.000000;0.016981;0.496643;-1.009718;0.174291;-0.754880;-1.450140;8.000000;2.000000;37.000000;6.000000;0.000000;Blank;Blank;9.000000;24.000000; ; ;9.000000
J01;5048.000000;21.000000;0.004160;0.121668;-3.038973;0.425939;-2.337804;-4.364551;9.000000;2.000000;37.000000;6.000000;0.000000;Blank;Blank;10.000000;1.000000; ; ;9.000000
J02;5869.000000;158.000000;0.026921;0.787356;-0.344913;0.643342;-0.236297;-0.495348;9.000000;2.000000;37.000000;6.000000;0.000000;Blank;Blank;10.000000;2.000000; ; ;9.000000
J03;3057.000000;57.000000;0.018646;0.545327;-0.874805;-0.297657;-0.649641;-1.256378;9.000000;2.000000;37.000000;6.000000;0.000000;TRPV2;51393.000000;10.000000;3.000000; ; ;9.000000
J04;3608.000000;313.000000;0.086752;2.537206;1.343241;-0.058574;1.080550;1.929174;9.000000;2.000000;37.000000;6.000000;0.000000;TRIM34;53840.000000;10.000000;4.000000; ; ;9.000000
J05;7970.000000;16.000000;0.002008;0.058714;-4.090158;1.084807;-3.157783;-5.874260;9.000000;2.000000;37.000000;6.000000;0.000000;ANAPC7;51434.000000;10.000000;5.000000; ; ;9.000000
J06;5404.000000;106.000000;0.019615;0.573678;-0.801686;0.524255;-0.592604;-1.151364;9.000000;2.000000;37.000000;6.000000;0.000000;CLIC6;54102.000000;10.000000;6.000000; ; ;9.000000
J07;3448.000000;191.000000;0.055394;1.620108;0.696090;-0.124013;0.575739;0.999738;9.000000;2.000000;37.000000;6.000000;0.000000;C9orf114;51490.000000;10.000000;7.000000; ; ;9.000000
J08;6332.000000;252.000000;0.039798;1.163959;0.219040;0.752888;0.203615;0.314600;9.000000;2.000000;37.000000;6.000000;0.000000;GNG2;54331.000000;10.000000;8.000000; ; ;9.000000
J09;5266.000000;155.000000;0.029434;0.860853;-0.216162;0.486934;-0.135865;-0.310436;9.000000;2.000000;37.000000;6.000000;0.000000;SIRT7;51547.000000;10.000000;9.000000; ; ;9.000000
J10;1257.000000;34.000000;0.027049;0.791082;-0.338100;-1.579788;-0.230983;-0.485564;9.000000;2.000000;37.000000;6.000000;0.000000;ANLN;54443.000000;10.000000;10.000000; ; ;9.000000
J11;2284.000000;148.000000;0.064799;1.895150;0.922312;-0.718210;0.752204;1.324637;9.000000;2.000000;37.000000;6.000000;0.000000;OAZIN;51582.000000;10.000000;11.000000; ; ;9.000000
J12;2128.000000;87.000000;0.040883;1.195709;0.257867;-0.820275;0.233902;0.370362;9.000000;2.000000;37.000000;6.000000;0.000000;TXNDC10;54495.000000;10.000000;12.000000; ; ;9.000000
J13;2439.000000;48.000000;0.019680;0.575582;-0.796906;-0.623483;-0.588876;-1.144499;9.000000;2.000000;37.000000;6.000000;0.000000;RASD1;51655.000000;10.000000;13.000000; ; ;9.000000
J14;3570.000000;335.000000;0.093838;2.744445;1.456515;-0.073849;1.168909;2.091857;9.000000;2.000000;37.000000;6.000000;0.000000;FLJ20225;54546.000000;10.000000;14.000000; ; ;9.000000
J15;2610.000000;53.000000;0.020307;0.593900;-0.751708;-0.525723;-0.553619;-1.079586;9.000000;2.000000;37.000000;6.000000;0.000000;SUFU;51684.000000;10.000000;15.000000; ; ;9.000000
J16;2872.000000;133.000000;0.046309;1.354394;0.437648;-0.387717;0.374141;0.628564;9.000000;2.000000;37.000000;6.000000;0.000000;UGT1A1;54658.000000;10.000000;16.000000; ; ;9.000000
J17;5021.000000;165.000000;0.032862;0.961107;-0.057231;0.418202;-0.011891;-0.082180;9.000000;2.000000;37.000000;6.000000;0.000000;WWOX;51741.000000;10.000000;17.000000; ; ;9.000000
J18;17149.000000;2.000000;0.000117;0.003411;-8.195631;2.190279;-6.360265;-11.770530;9.000000;2.000000;37.000000;6.000000;0.000000;LEPROT;54741.000000;10.000000;18.000000; ; ;9.000000
J19;4896.000000;193.000000;0.039420;1.152906;0.205275;0.381830;0.192877;0.294830;8.000000;2.000000;37.000000;6.000000;0.000000;COQ3;51805.000000;10.000000;19.000000; ; ;9.000000
J20;3807.000000;195.000000;0.051221;1.498062;0.583097;0.018881;0.487598;0.837457;7.000000;2.000000;37.000000;6.000000;0.000000;TRPM7;54822.000000;10.000000;20.000000; ; ;9.000000
J21;3826.000000;76.000000;0.019864;0.580960;-0.783488;0.026064;-0.578409;-1.125229;9.000000;2.000000;37.000000;6.000000;0.000000;CLIC5;53405.000000;10.000000;21.000000; ; ;9.000000
J22;4241.000000;234.000000;0.055176;1.613710;0.690382;0.174631;0.571286;0.991539;9.000000;2.000000;37.000000;6.000000;0.000000;DPP8;54878.000000;10.000000;22.000000; ; ;9.000000
J23;2466.000000;130.000000;0.052717;1.541801;0.624616;-0.607600;0.519986;0.897087;9.000000;2.000000;37.000000;6.000000;0.000000;Blank;Blank;10.000000;23.000000; ; ;9.000000
J24;5719.000000;171.000000;0.029900;0.874488;-0.193489;0.605990;-0.118179;-0.277874;9.000000;2.000000;37.000000;6.000000;0.000000;Blank;Blank;10.000000;24.000000; ; ;9.000000
K01;5586.000000;11.000000;0.001969;0.057593;-4.117963;0.572042;-3.179472;-5.914193;9.000000;2.000000;37.000000;6.000000;0.000000;Blank;Blank;11.000000;1.000000; ; ;9.000000
K02;5449.000000;140.000000;0.025693;0.751431;-0.412287;0.536218;-0.288853;-0.592111;9.000000;2.000000;37.000000;6.000000;0.000000;Blank;Blank;11.000000;2.000000; ; ;9.000000
K03;4502.000000;634.000000;0.140826;4.118715;2.042194;0.260793;1.625770;2.933009;8.000000;2.000000;37.000000;6.000000;0.000000;MYLIP;29116.000000;11.000000;3.000000; ; ;9.000000
K04;2540.000000;31.000000;0.012205;0.356949;-1.486211;-0.564945;-1.126569;-2.134477;9.000000;2.000000;37.000000;6.000000;0.000000;GMNN;51053.000000;11.000000;4.000000; ; ;9.000000
K05;3455.000000;87.000000;0.025181;0.736460;-0.441321;-0.121087;-0.311501;-0.633809;9.000000;2.000000;37.000000;6.000000;0.000000;VPREB3;29802.000000;11.000000;5.000000; ; ;9.000000
K06;4202.000000;58.000000;0.013803;0.403692;-1.308674;0.161303;-0.988081;-1.879499;9.000000;2.000000;37.000000;6.000000;0.000000;ADIPOR1;51094.000000;11.000000;6.000000; ; ;9.000000
K07;3751.000000;376.000000;0.100240;2.931695;1.551735;-0.002498;1.243186;2.228613;9.000000;2.000000;37.000000;6.000000;0.000000;PCDHB1;29930.000000;11.000000;7.000000; ; ;9.000000
K08;4757.000000;138.000000;0.029010;0.848445;-0.237106;0.340279;-0.152203;-0.340517;9.000000;2.000000;37.000000;6.000000;0.000000;ASB3;51130.000000;11.000000;8.000000; ; ;9.000000
K09;5631.000000;49.000000;0.008702;0.254500;-1.974260;0.583618;-1.507273;-2.835412;9.000000;2.000000;37.000000;6.000000;0.000000;TRHDE;29953.000000;11.000000;9.000000; ; ;9.000000
K10;2924.000000;217.000000;0.074213;2.170503;1.118029;-0.361830;0.904873;1.605726;9.000000;2.000000;37.000000;6.000000;0.000000;SERPINA10;51156.000000;11.000000;10.000000; ; ;9.000000
K11;2568.000000;76.000000;0.029595;0.865559;-0.208296;-0.549128;-0.129730;-0.299140;9.000000;2.000000;37.000000;6.000000;0.000000;BAZ2B;29994.000000;11.000000;11.000000; ; ;9.000000
K12;1223.000000;50.000000;0.040883;1.195698;0.257853;-1.619349;0.233891;0.370343;9.000000;2.000000;37.000000;6.000000;0.000000;HSPA14;51182.000000;11.000000;12.000000; ; ;9.000000
K13;2417.000000;100.000000;0.041374;1.210044;0.275060;-0.636556;0.247314;0.395055;9.000000;2.000000;37.000000;6.000000;0.000000;CSEN;30818.000000;11.000000;13.000000; ; ;9.000000
K14;4618.000000;73.000000;0.015808;0.462324;-1.113022;0.297495;-0.835463;-1.598505;9.000000;2.000000;37.000000;6.000000;0.000000;LUZP4;51213.000000;11.000000;14.000000; ; ;9.000000
K15;1613.000000;45.000000;0.027898;0.815936;-0.293472;-1.220027;-0.196171;-0.421469;9.000000;2.000000;37.000000;6.000000;0.000000;KLK14;43847.000000;11.000000;15.000000; ; ;9.000000
K16;4572.000000;132.000000;0.028871;0.844395;-0.244010;0.283052;-0.157588;-0.350432;9.000000;2.000000;37.000000;6.000000;0.000000;C1RL;51279.000000;11.000000;16.000000; ; ;9.000000
K17;5285.000000;42.000000;0.007947;0.232425;-2.105165;0.492130;-1.609385;-3.023417;9.000000;2.000000;37.000000;6.000000;0.000000;IL20;50604.000000;11.000000;17.000000; ; ;9.000000
K18;4503.000000;78.000000;0.017322;0.506606;-0.981063;0.261113;-0.732528;-1.408985;9.000000;2.000000;37.000000;6.000000;0.000000;ZDHHC3;51304.000000;11.000000;18.000000; ; ;9.000000
K19;751.000000;7.000000;0.009321;0.272606;-1.875109;-2.322888;-1.429929;-2.693011;9.000000;2.000000;37.000000;6.000000;0.000000;ARHGEF4;50649.000000;11.000000;19.000000; ; ;9.000000
K20;4887.000000;38.000000;0.007776;0.227415;-2.136600;0.379176;-1.633907;-3.068565;9.000000;2.000000;37.000000;6.000000;0.000000;RKHD2;51320.000000;11.000000;20.000000; ; ;9.000000
K21;2449.000000;20.000000;0.008167;0.238847;-2.065843;-0.617580;-1.578712;-2.966944;9.000000;2.000000;37.000000;6.000000;0.000000;RNF141;50862.000000;11.000000;21.000000; ; ;9.000000
K22;6550.000000;164.000000;0.025038;0.732286;-0.449522;0.801722;-0.317898;-0.645587;9.000000;2.000000;37.000000;6.000000;0.000000;EDD;51366.000000;11.000000;22.000000; ; ;9.000000
K23;5256.000000;273.000000;0.051941;1.519096;0.603213;0.484192;0.503290;0.866348;9.000000;2.000000;37.000000;6.000000;0.000000;Blank;Blank;11.000000;23.000000; ; ;9.000000
K24;6111.000000;202.000000;0.033055;0.966756;-0.048776;0.701635;-0.005295;-0.070037;9.000000;2.000000;37.000000;6.000000;0.000000;Blank;Blank;11.000000;24.000000; ; ;9.000000
L01;5724.000000;54.000000;0.009434;0.275913;-1.857715;0.607251;-1.416361;-2.668031;9.000000;2.000000;37.000000;6.000000;0.000000;Blank;Blank;12.000000;1.000000; ; ;9.000000
L02;6149.000000;182.000000;0.029598;0.865655;-0.208136;0.710579;-0.129604;-0.298909;9.000000;2.000000;37.000000;6.000000;0.000000;Blank;Blank;12.000000;2.000000; ; ;9.000000
L03;3846.000000;36.000000;0.009360;0.273761;-1.869012;0.033586;-1.425174;-2.684256;9.000000;2.000000;37.000000;6.000000;0.000000;TRAPPC4;51399.000000;12.000000;3.000000; ; ;9.000000
L04;1601.000000;56.000000;0.034978;1.022998;0.032803;-1.230800;0.058340;0.047126;9.000000;2.000000;37.000000;6.000000;0.000000;MYO3A;53904.000000;12.000000;4.000000; ; ;9.000000
L05;1718.000000;33.000000;0.019208;0.561783;-0.831915;-1.129043;-0.616184;-1.194779;9.000000;2.000000;37.000000;6.000000;0.000000;SCARA3;51435.000000;12.000000;5.000000; ; ;9.000000
L06;4592.000000;426.000000;0.092770;2.713224;1.440008;0.289350;1.156034;2.068151;9.000000;2.000000;37.000000;6.000000;0.000000;LOC54103;54103.000000;12.000000;6.000000; ; ;9.000000
L07;4434.000000;169.000000;0.038115;1.114728;0.156692;0.238836;0.154980;0.225056;9.000000;2.000000;37.000000;6.000000;0.000000;HSPC111;51491.000000;12.000000;7.000000; ; ;9.000000
L08;1177.000000;11.000000;0.009346;0.273334;-1.871261;-1.674659;-1.426928;-2.687486;9.000000;2.000000;37.000000;6.000000;0.000000;GDAP1;54332.000000;12.000000;8.000000; ; ;9.000000
L09;3148.000000;111.000000;0.035260;1.031255;0.044402;-0.255338;0.067388;0.063784;9.000000;2.000000;37.000000;6.000000;0.000000;SIRT6;51548.000000;12.000000;9.000000; ; ;9.000000
L10;3733.000000;65.000000;0.017412;0.509253;-0.973546;-0.009438;-0.726664;-1.398190;9.000000;2.000000;37.000000;6.000000;0.000000;FBXO42;54455.000000;12.000000;10.000000; ; ;9.000000
L11;8446.000000;10.000000;0.001184;0.034628;-4.851919;1.168495;-3.751996;-6.968299;9.000000;2.000000;37.000000;6.000000;0.000000;PCQAP;51586.000000;12.000000;11.000000; ; ;9.000000
L12;4350.000000;192.000000;0.044138;1.290892;0.368368;0.211242;0.320099;0.529065;9.000000;2.000000;37.000000;6.000000;0.000000;PRMT7;54496.000000;12.000000;12.000000; ; ;9.000000
L13;1451.000000;42.000000;0.028946;0.846564;-0.240309;-1.372726;-0.154701;-0.345116;9.000000;2.000000;37.000000;6.000000;0.000000;Pfs2;51659.000000;12.000000;13.000000; ; ;9.000000
L14;3713.000000;118.000000;0.031780;0.929469;-0.105521;-0.017188;-0.049559;-0.151534;9.000000;2.000000;37.000000;6.000000;0.000000;WDR5B;54554.000000;12.000000;14.000000; ; ;9.000000
L15;4159.000000;178.000000;0.042799;1.251725;0.323918;0.146464;0.285425;0.465225;9.000000;2.000000;37.000000;6.000000;0.000000;CYB5R2;51700.000000;12.000000;15.000000; ; ;9.000000
L16;5949.000000;155.000000;0.026055;0.762019;-0.392101;0.662874;-0.273107;-0.563120;9.000000;2.000000;37.000000;6.000000;0.000000;CROT;54677.000000;12.000000;16.000000; ; ;9.000000
L17;3986.000000;53.000000;0.013297;0.388881;-1.362600;0.085169;-1.030146;-1.956948;9.000000;2.000000;37.000000;6.000000;0.000000;CD244;51744.000000;12.000000;17.000000; ; ;9.000000
L18;2735.000000;70.000000;0.025594;0.748546;-0.417836;-0.458232;-0.293182;-0.600081;9.000000;2.000000;37.000000;6.000000;0.000000;IL17RD;54756.000000;12.000000;18.000000; ; ;9.000000
L19;4199.000000;29.000000;0.006906;0.201990;-2.307643;0.160273;-1.767329;-3.314217;9.000000;2.000000;37.000000;6.000000;0.000000;TUBA8;51807.000000;12.000000;19.000000; ; ;9.000000
L20;2495.000000;166.000000;0.066533;1.945878;0.960421;-0.590733;0.781931;1.379369;9.000000;2.000000;37.000000;6.000000;0.000000;BSPRY;54836.000000;12.000000;20.000000; ; ;9.000000
L21;4210.000000;233.000000;0.055344;1.618646;0.694787;0.164047;0.574722;0.997867;9.000000;2.000000;37.000000;6.000000;0.000000;MBD3;53615.000000;12.000000;21.000000; ; ;9.000000
L22;4615.000000;105.000000;0.022752;0.665420;-0.587664;0.296558;-0.425656;-0.843986;8.000000;2.000000;37.000000;6.000000;0.000000;FLJ20315;54894.000000;12.000000;22.000000; ; ;9.000000
L23;7560.000000;109.000000;0.014418;0.421680;-1.245781;1.008613;-0.939021;-1.789172;9.000000;2.000000;37.000000;6.000000;0.000000;Blank;Blank;12.000000;23.000000; ; ;9.000000
L24;6089.000000;213.000000;0.034981;1.023085;0.032926;0.696432;0.058436;0.047303;9.000000;2.000000;37.000000;6.000000;0.000000;Blank;Blank;12.000000;24.000000; ; ;9.000000
M01;1685.000000;1.000000;0.000593;0.017357;-5.848327;-1.157025;-4.529246;-8.399338;9.000000;2.000000;37.000000;6.000000;0.000000;Blank;Blank;13.000000;1.000000; ; ;9.000000
M02;5339.000000;349.000000;0.065368;1.911804;0.934935;0.506796;0.762050;1.342766;9.000000;2.000000;37.000000;6.000000;0.000000;Blank;Blank;13.000000;2.000000; ; ;9.000000
M03;1910.000000;358.000000;0.187435;5.481856;2.454664;-0.976200;1.947518;3.525398;9.000000;2.000000;37.000000;6.000000;0.000000;OCIL;29121.000000;13.000000;3.000000; ; ;9.000000
M04;2137.000000;360.000000;0.168460;4.926925;2.300688;-0.814186;1.827408;3.304257;9.000000;2.000000;37.000000;6.000000;0.000000;LAP3;51056.000000;13.000000;4.000000; ; ;9.000000
M05;3721.000000;138.000000;0.037087;1.084669;0.117255;-0.014083;0.124218;0.168417;9.000000;2.000000;37.000000;6.000000;0.000000;SENP1;29843.000000;13.000000;5.000000; ; ;9.000000
M06;3087.000000;115.000000;0.037253;1.089530;0.123706;-0.283568;0.129249;0.177681;9.000000;2.000000;37.000000;6.000000;0.000000;CGI-63;51102.000000;13.000000;6.000000; ; ;9.000000
M07;4819.000000;189.000000;0.039220;1.147051;0.197930;0.358961;0.187148;0.284281;9.000000;2.000000;37.000000;6.000000;0.000000;LOH3CR2A;29931.000000;13.000000;7.000000; ; ;9.000000
M08;5616.000000;887.000000;0.157942;4.619282;2.207669;0.579770;1.754848;3.170663;9.000000;2.000000;37.000000;6.000000;0.000000;PHF11;51131.000000;13.000000;8.000000; ; ;9.000000
M09;1802.000000;157.000000;0.087125;2.548137;1.349443;-1.060174;1.085388;1.938082;9.000000;2.000000;37.000000;6.000000;0.000000;SLC25A24;29957.000000;13.000000;9.000000; ; ;9.000000
M10;3653.000000;291.000000;0.079661;2.329814;1.220215;-0.040691;0.984583;1.752484;9.000000;2.000000;37.000000;6.000000;0.000000;NCB5OR;51167.000000;13.000000;10.000000; ; ;9.000000
M11;3799.000000;117.000000;0.030798;0.900730;-0.150834;0.015847;-0.084906;-0.216612;9.000000;2.000000;37.000000;6.000000;0.000000;GLTSCR2;29997.000000;13.000000;11.000000; ; ;9.000000
M12;4026.000000;476.000000;0.118231;3.457890;1.789892;0.099574;1.428961;2.570653;9.000000;2.000000;37.000000;6.000000;0.000000;HERC5;51191.000000;13.000000;12.000000; ; ;9.000000
M13;1464.000000;30.000000;0.020492;0.599319;-0.738604;-1.359858;-0.543397;-1.060766;9.000000;2.000000;37.000000;6.000000;0.000000;KCNIP2;30819.000000;13.000000;13.000000; ; ;9.000000
M14;4574.000000;184.000000;0.040227;1.176521;0.234527;0.283683;0.215696;0.336842;9.000000;2.000000;37.000000;6.000000;0.000000;PHF20;51230.000000;13.000000;14.000000; ; ;9.000000
M15;4614.000000;483.000000;0.104681;3.061593;1.614283;0.296245;1.291977;2.318444;9.000000;2.000000;37.000000;6.000000;0.000000;KLK12;43849.000000;13.000000;15.000000; ; ;9.000000
M16;3110.000000;223.000000;0.071704;2.097116;1.068407;-0.272859;0.866165;1.534458;9.000000;2.000000;37.000000;6.000000;0.000000;ANKMY1;51281.000000;13.000000;16.000000; ; ;9.000000
M17;3212.000000;307.000000;0.095579;2.795380;1.483044;-0.226301;1.189604;2.129959;9.000000;2.000000;37.000000;6.000000;0.000000;UBQLN3;50613.000000;13.000000;17.000000; ; ;9.000000
M18;4143.000000;390.000000;0.094135;2.753136;1.461076;0.140903;1.172467;2.098408;9.000000;2.000000;37.000000;6.000000;0.000000;KCNK9;51305.000000;13.000000;18.000000; ; ;9.000000
M19;2810.000000;68.000000;0.024199;0.707751;-0.498686;-0.419203;-0.356248;-0.716197;9.000000;2.000000;37.000000;6.000000;0.000000;RDH8;50700.000000;13.000000;19.000000; ; ;9.000000
M20;935.000000;136.000000;0.145455;4.254076;2.088846;-2.006735;1.662160;3.000010;9.000000;2.000000;37.000000;6.000000;0.000000;LOC51321;51321.000000;13.000000;20.000000; ; ;9.000000
M21;4338.000000;231.000000;0.053250;1.557401;0.639140;0.207257;0.531315;0.917947;9.000000;2.000000;37.000000;6.000000;0.000000;IMPG2;50939.000000;13.000000;21.000000; ; ;9.000000
M22;5841.000000;147.000000;0.025167;0.736051;-0.442122;0.636442;-0.312125;-0.634959;9.000000;2.000000;37.000000;6.000000;0.000000;MRPS17;51373.000000;13.000000;22.000000; ; ;9.000000
M23;5005.000000;264.000000;0.052747;1.542687;0.625445;0.413597;0.520632;0.898278;9.000000;2.000000;37.000000;6.000000;0.000000;Scrambled;Scrambled;13.000000;23.000000; ; ;9.000000
M24;4319.000000;57.000000;0.013197;0.385984;-1.373386;0.200924;-1.038560;-1.972439;8.000000;2.000000;37.000000;6.000000;0.000000;Scrambled;Scrambled;13.000000;24.000000; ; ;9.000000
N01;5720.000000;11.000000;0.001923;0.056244;-4.152162;0.606242;-3.206149;-5.963310;9.000000;2.000000;37.000000;6.000000;0.000000;Blank;Blank;14.000000;1.000000; ; ;9.000000
N02;5764.000000;543.000000;0.094205;2.755204;1.462159;0.617297;1.173313;2.099965;9.000000;2.000000;37.000000;6.000000;0.000000;Blank;Blank;14.000000;2.000000; ; ;9.000000
N03;661.000000;49.000000;0.074130;2.168066;1.116409;-2.507051;0.903609;1.603399;9.000000;2.000000;37.000000;6.000000;0.000000;HEMK1;51409.000000;14.000000;3.000000; ; ;9.000000
N04;1209.000000;28.000000;0.023160;0.677345;-0.562038;-1.635959;-0.405666;-0.807183;9.000000;2.000000;37.000000;6.000000;0.000000;DUOX1;53905.000000;14.000000;4.000000; ; ;9.000000
N05;4618.000000;73.000000;0.015808;0.462324;-1.113022;0.297495;-0.835463;-1.598505;8.000000;2.000000;37.000000;6.000000;0.000000;GULP1;51454.000000;14.000000;5.000000; ; ;9.000000
N06;4528.000000;202.000000;0.044611;1.304737;0.383759;0.269101;0.332104;0.551168;9.000000;2.000000;37.000000;6.000000;0.000000;TLR9;54106.000000;14.000000;6.000000; ; ;9.000000
N07;3266.000000;486.000000;0.148806;4.352092;2.121709;-0.202248;1.687795;3.047208;9.000000;2.000000;37.000000;6.000000;0.000000;GTSE1;51512.000000;14.000000;7.000000; ; ;9.000000
N08;4190.000000;152.000000;0.036277;1.060981;0.085399;0.157177;0.099368;0.122664;9.000000;2.000000;37.000000;6.000000;0.000000;C17;54360.000000;14.000000;8.000000; ; ;9.000000
N09;1983.000000;74.000000;0.037317;1.091408;0.126190;-0.922088;0.131187;0.181249;9.000000;2.000000;37.000000;6.000000;0.000000;RAB14;51552.000000;14.000000;9.000000; ; ;9.000000
N10;2352.000000;52.000000;0.022109;0.646612;-0.629027;-0.675885;-0.457921;-0.903392;9.000000;2.000000;37.000000;6.000000;0.000000;FBXW5;54461.000000;14.000000;10.000000; ; ;9.000000
N11;3080.000000;532.000000;0.172727;5.051716;2.336773;-0.286843;1.855557;3.356083;9.000000;2.000000;37.000000;6.000000;0.000000;TRIM33;51592.000000;14.000000;11.000000; ; ;9.000000
N12;5114.000000;183.000000;0.035784;1.046570;0.065669;0.444679;0.083978;0.094329;9.000000;2.000000;37.000000;6.000000;0.000000;SMOX;54498.000000;14.000000;12.000000; ; ;9.000000
N13;5096.000000;188.000000;0.036892;1.078963;0.109645;0.439592;0.118281;0.157487;9.000000;2.000000;37.000000;6.000000;0.000000;FKBP7;51661.000000;14.000000;13.000000; ; ;9.000000
N14;4809.000000;137.000000;0.028488;0.833189;-0.263284;0.355964;-0.172622;-0.378112;9.000000;2.000000;37.000000;6.000000;0.000000;ING3;54556.000000;14.000000;14.000000; ; ;9.000000
N15;3717.000000;181.000000;0.048695;1.424177;0.510129;-0.015634;0.430679;0.732660;9.000000;2.000000;37.000000;6.000000;0.000000;NQO3A2;51706.000000;14.000000;15.000000; ; ;9.000000
N16;4747.000000;185.000000;0.038972;1.139805;0.188787;0.337243;0.180016;0.271150;9.000000;2.000000;37.000000;6.000000;0.000000;PH-4;54681.000000;14.000000;16.000000; ; ;9.000000
N17;2589.000000;230.000000;0.088837;2.598207;1.377516;-0.537378;1.107287;1.978401;9.000000;2.000000;37.000000;6.000000;0.000000;RTEL1;51750.000000;14.000000;17.000000; ; ;9.000000
N18;5263.000000;142.000000;0.026981;0.789102;-0.341717;0.486112;-0.233805;-0.490758;9.000000;2.000000;37.000000;6.000000;0.000000;PCSK4;54760.000000;14.000000;18.000000; ; ;9.000000
N19;6007.000000;145.000000;0.024139;0.705973;-0.502314;0.676872;-0.359079;-0.721408;8.000000;2.000000;37.000000;6.000000;0.000000;CECR1;51816.000000;14.000000;19.000000; ; ;9.000000
N20;6765.000000;185.000000;0.027347;0.799801;-0.322287;0.848317;-0.218648;-0.462853;9.000000;2.000000;37.000000;6.000000;0.000000;APTX;54840.000000;14.000000;20.000000; ; ;9.000000
N21;4886.000000;37.000000;0.007573;0.221476;-2.174779;0.378881;-1.663688;-3.123398;9.000000;2.000000;37.000000;6.000000;0.000000;ADAM22;53616.000000;14.000000;21.000000; ; ;9.000000
N22;2596.000000;61.000000;0.023498;0.687232;-0.541132;-0.533483;-0.389358;-0.777157;9.000000;2.000000;37.000000;6.000000;0.000000;WHSC1L1;54904.000000;14.000000;22.000000; ; ;9.000000
N23;4916.000000;363.000000;0.073841;2.159597;1.110762;0.387712;0.899204;1.595289;9.000000;2.000000;37.000000;6.000000;0.000000;Scrambled;Scrambled;14.000000;23.000000; ; ;9.000000
N24;5294.000000;550.000000;0.103891;3.038482;1.603351;0.494585;1.283449;2.302743;9.000000;2.000000;37.000000;6.000000;0.000000;Scrambled;Scrambled;14.000000;24.000000; ; ;9.000000
O01;5919.000000;3.000000;0.000507;0.014824;-6.075970;0.655580;-4.706819;-8.726278;9.000000;2.000000;37.000000;6.000000;0.000000;Blank;Blank;15.000000;1.000000; ; ;9.000000
O02;6015.000000;256.000000;0.042560;1.244750;0.315857;0.678792;0.279137;0.453647;9.000000;2.000000;37.000000;6.000000;0.000000;Blank;Blank;15.000000;2.000000; ; ;9.000000
O03;3272.000000;72.000000;0.022005;0.643572;-0.635826;-0.199600;-0.463225;-0.913157;9.000000;2.000000;37.000000;6.000000;0.000000;TSP50;29122.000000;15.000000;3.000000; ; ;9.000000
O04;729.000000;12.000000;0.016461;0.481428;-1.054607;-2.365782;-0.789896;-1.514609;9.000000;2.000000;37.000000;6.000000;0.000000;TLP19;51060.000000;15.000000;4.000000; ; ;9.000000
O05;2037.000000;41.000000;0.020128;0.588669;-0.764473;-0.883327;-0.563576;-1.097919;9.000000;2.000000;37.000000;6.000000;0.000000;TRPM5;29850.000000;15.000000;5.000000; ; ;9.000000
O06;2564.000000;88.000000;0.034321;1.003789;0.005457;-0.551377;0.037009;0.007852;9.000000;2.000000;37.000000;6.000000;0.000000;PHF20L1;51105.000000;15.000000;6.000000; ; ;9.000000
O07;4947.000000;188.000000;0.038003;1.111460;0.152456;0.396781;0.151676;0.218972;9.000000;2.000000;37.000000;6.000000;0.000000;LOH3CR2A;29931.000000;15.000000;7.000000; ; ;9.000000
O08;3565.000000;192.000000;0.053857;1.575142;0.655482;-0.075871;0.544062;0.941416;9.000000;2.000000;37.000000;6.000000;0.000000;RNF12;51132.000000;15.000000;8.000000; ; ;9.000000
O09;1211.000000;6.000000;0.004955;0.144906;-2.786815;-1.633574;-2.141108;-4.002402;9.000000;2.000000;37.000000;6.000000;0.000000;LRP12;29967.000000;15.000000;9.000000; ; ;9.000000
O10;2726.000000;113.000000;0.041453;1.212357;0.277815;-0.462988;0.249462;0.399012;9.000000;2.000000;37.000000;6.000000;0.000000;DHRS8;51170.000000;15.000000;10.000000; ; ;9.000000
O11;975.000000;12.000000;0.012308;0.359960;-1.474090;-1.946299;-1.117114;-2.117070;9.000000;2.000000;37.000000;6.000000;0.000000;GLTSCR1;29998.000000;15.000000;11.000000; ; ;9.000000
O12;4631.000000;492.000000;0.106241;3.107193;1.635612;0.301551;1.308615;2.349077;9.000000;2.000000;37.000000;6.000000;0.000000;CKLF;51192.000000;15.000000;12.000000; ; ;9.000000
O13;2714.000000;54.000000;0.019897;0.581918;-0.781112;-0.469352;-0.576555;-1.121816;9.000000;2.000000;37.000000;6.000000;0.000000;KCNIP1;30820.000000;15.000000;13.000000; ; ;9.000000
O14;5328.000000;46.000000;0.008634;0.252506;-1.985611;0.503821;-1.516127;-2.851714;9.000000;2.000000;37.000000;6.000000;0.000000;CRIM1;51232.000000;15.000000;14.000000; ; ;9.000000
O15;4737.000000;163.000000;0.034410;1.006380;0.009176;0.334201;0.039910;0.013193;9.000000;2.000000;37.000000;6.000000;0.000000;RRM2B;50484.000000;15.000000;15.000000; ; ;9.000000
O16;5456.000000;306.000000;0.056085;1.640307;0.713966;0.538071;0.589683;1.025410;9.000000;2.000000;37.000000;6.000000;0.000000;BFAR;51283.000000;15.000000;16.000000; ; ;9.000000
O17;4366.000000;415.000000;0.095053;2.779984;1.475077;0.216539;1.183389;2.118516;9.000000;2.000000;37.000000;6.000000;0.000000;IL21R;50615.000000;15.000000;17.000000; ; ;9.000000
O18;1684.000000;65.000000;0.038599;1.128884;0.174897;-1.157881;0.169181;0.251202;9.000000;2.000000;37.000000;6.000000;0.000000;C5orf19;51308.000000;15.000000;18.000000; ; ;9.000000
O19;3443.000000;275.000000;0.079872;2.336004;1.224043;-0.126107;0.987569;1.757982;9.000000;2.000000;37.000000;6.000000;0.000000;KCNK4;50801.000000;15.000000;19.000000; ; ;9.000000
O20;2698.000000;244.000000;0.090437;2.645001;1.403268;-0.477883;1.127374;2.015385;9.000000;2.000000;37.000000;6.000000;0.000000;TNFRSF12A;51330.000000;15.000000;20.000000; ; ;9.000000
O21;5370.000000;195.000000;0.036313;1.062034;0.086830;0.515149;0.100484;0.124719;9.000000;2.000000;37.000000;6.000000;0.000000;PDE11A;50940.000000;15.000000;21.000000; ; ;9.000000
O22;1591.000000;96.000000;0.060339;1.764733;0.819450;-1.239839;0.671966;1.176907;9.000000;2.000000;37.000000;6.000000;0.000000;C2orf28;51374.000000;15.000000;22.000000; ; ;9.000000
O23;5295.000000;116.000000;0.021907;0.640723;-0.642228;0.494858;-0.468219;-0.922352;9.000000;2.000000;37.000000;6.000000;0.000000;GFP;GFP;15.000000;23.000000; ; ;9.000000
O24;6219.000000;73.000000;0.011738;0.343305;-1.542437;0.726910;-1.170428;-2.215229;8.000000;2.000000;37.000000;6.000000;0.000000;GFP;GFP;15.000000;24.000000; ; ;9.000000
P01;4443.000000;36.000000;0.008103;0.236976;-2.077188;0.241761;-1.587562;-2.983237;9.000000;2.000000;37.000000;6.000000;0.000000;Blank;Blank;16.000000;1.000000; ; ;9.000000
P02;5301.000000;119.000000;0.022449;0.656549;-0.607025;0.496491;-0.440759;-0.871794;9.000000;2.000000;37.000000;6.000000;0.000000;Blank;Blank;16.000000;2.000000; ; ;9.000000
P03;3245.000000;103.000000;0.031741;0.928326;-0.107297;-0.211555;-0.050945;-0.154084;9.000000;2.000000;37.000000;6.000000;0.000000;ACTL6B;51412.000000;16.000000;3.000000; ; ;9.000000
P04;1976.000000;28.000000;0.014170;0.414428;-1.270807;-0.927190;-0.958543;-1.825115;9.000000;2.000000;37.000000;6.000000;0.000000;RAB4B;53916.000000;16.000000;4.000000; ; ;9.000000
P05;2005.000000;106.000000;0.052868;1.546213;0.628740;-0.906171;0.523202;0.903009;9.000000;2.000000;37.000000;6.000000;0.000000;REV1L;51455.000000;16.000000;5.000000; ; ;9.000000
P06;4493.000000;268.000000;0.059648;1.744522;0.802831;0.257906;0.659003;1.153039;9.000000;2.000000;37.000000;6.000000;0.000000;RP42;54165.000000;16.000000;6.000000; ; ;9.000000
P07;4987.000000;120.000000;0.024063;0.703752;-0.506860;0.408399;-0.362625;-0.727937;9.000000;2.000000;37.000000;6.000000;0.000000;ETV7;51513.000000;16.000000;7.000000; ; ;9.000000
P08;4813.000000;155.000000;0.032204;0.941876;-0.086391;0.357163;-0.034637;-0.124059;9.000000;2.000000;37.000000;6.000000;0.000000;WNT4;54361.000000;16.000000;8.000000; ; ;9.000000
P09;4736.000000;151.000000;0.031883;0.932488;-0.100843;0.333896;-0.045910;-0.144816;9.000000;2.000000;37.000000;6.000000;0.000000;PEX5L;51555.000000;16.000000;9.000000; ; ;9.000000
P10;4137.000000;110.000000;0.026589;0.777652;-0.362804;0.138812;-0.250253;-0.521043;9.000000;2.000000;37.000000;6.000000;0.000000;KIAA1128;54462.000000;16.000000;10.000000; ; ;9.000000
P11;4894.000000;382.000000;0.078055;2.282850;1.190836;0.381241;0.961666;1.710291;9.000000;2.000000;37.000000;6.000000;0.000000;LISCH7;51599.000000;16.000000;11.000000; ; ;9.000000
P12;6642.000000;163.000000;0.024541;0.717739;-0.478468;0.821845;-0.340478;-0.687160;9.000000;2.000000;37.000000;6.000000;0.000000;CPVL;54504.000000;16.000000;12.000000; ; ;9.000000
P13;4618.000000;248.000000;0.053703;1.570637;0.651349;0.297495;0.540839;0.935481;9.000000;2.000000;37.000000;6.000000;0.000000;ASB1;51665.000000;16.000000;13.000000; ; ;9.000000
P14;5775.000000;110.000000;0.019048;0.557081;-0.844040;0.620048;-0.625642;-1.212193;9.000000;2.000000;37.000000;6.000000;0.000000;DLL4;54567.000000;16.000000;14.000000; ; ;9.000000
P15;5427.000000;339.000000;0.062465;1.826913;0.869408;0.530382;0.710936;1.248656;9.000000;2.000000;37.000000;6.000000;0.000000;RAB23;51715.000000;16.000000;15.000000; ; ;9.000000
P16;3677.000000;83.000000;0.022573;0.660180;-0.599068;-0.031244;-0.434552;-0.860366;9.000000;2.000000;37.000000;6.000000;0.000000;CNGB3;54714.000000;16.000000;16.000000; ; ;9.000000
P17;3932.000000;203.000000;0.051628;1.509943;0.594494;0.065490;0.496488;0.853826;9.000000;2.000000;37.000000;6.000000;0.000000;ARTS-1;51752.000000;16.000000;17.000000; ; ;9.000000
P18;4233.000000;333.000000;0.078668;2.300774;1.202119;0.171907;0.970468;1.726495;9.000000;2.000000;37.000000;6.000000;0.000000;ROPN1;54763.000000;16.000000;18.000000; ; ;9.000000
P19;1430.000000;72.000000;0.050350;1.472565;0.558331;-1.393758;0.468280;0.801889;9.000000;2.000000;37.000000;6.000000;0.000000;IL17D;53342.000000;16.000000;19.000000; ; ;9.000000
P20;4682.000000;79.000000;0.016873;0.493485;-1.018923;0.317352;-0.762060;-1.463360;9.000000;2.000000;37.000000;6.000000;0.000000;FBXL12;54850.000000;16.000000;20.000000; ; ;9.000000
P21;1064.000000;74.000000;0.069549;2.034080;1.024377;-1.820275;0.831819;1.471222;9.000000;2.000000;37.000000;6.000000;0.000000;PTOV1;53635.000000;16.000000;21.000000; ; ;9.000000
P22;999.000000;54.000000;0.054054;1.580907;0.660752;-1.911217;0.548173;0.948986;9.000000;2.000000;37.000000;6.000000;0.000000;CYP2W1;54905.000000;16.000000;22.000000; ; ;9.000000
P23;5812.000000;79.000000;0.013593;0.397539;-1.330833;0.629262;-1.005366;-1.911324;9.000000;2.000000;37.000000;6.000000;0.000000;GFP;GFP;16.000000;23.000000; ; ;9.000000
P24;5412.000000;205.000000;0.037879;1.107832;0.147740;0.526389;0.147997;0.212198;9.000000;2.000000;37.000000;6.000000;0.000000;GFP;GFP;16.000000;24.000000; ; ;9.000000
