1	CL1	\N	19	2008-11-05 09:18:19.915+01	2
2	CL1	\N	18	2008-11-05 09:18:19.915+01	2
3	XMB1XCODE	\N	972	2008-11-05 09:19:48.718+01	2
4	XMB1XCODE	\N	1320	2008-11-05 09:19:48.718+01	2
5	XMB1XCODE	\N	996	2008-11-05 09:19:48.718+01	2
6	XMB1XCODE	\N	1341	2008-11-05 09:19:48.718+01	2
7	XMB1XCODE	\N	1026	2008-11-05 09:19:48.718+01	2
8	XMB1XCODE	\N	1368	2008-11-05 09:19:48.718+01	2
9	XMB1XCODE	\N	1050	2008-11-05 09:19:48.718+01	2
10	XMB1XCODE	\N	1401	2008-11-05 09:19:48.718+01	2
11	XMB1XCODE	\N	1101	2008-11-05 09:19:48.718+01	2
12	XMB1XCODE	\N	1425	2008-11-05 09:19:48.718+01	2
13	XMB1XCODE	\N	1125	2008-11-05 09:19:48.718+01	2
14	XMB1XCODE	\N	1449	2008-11-05 09:19:48.718+01	2
15	XMB1XCODE	\N	1152	2008-11-05 09:19:48.718+01	2
16	XMB1XCODE	\N	1473	2008-11-05 09:19:48.718+01	2
17	XMB1XCODE	\N	1224	2008-11-05 09:19:48.718+01	2
18	XMB1XCODE	\N	1497	2008-11-05 09:19:48.718+01	2
19	XMB1XCODE	\N	1248	2008-11-05 09:19:48.718+01	2
20	XMB1XCODE	\N	1521	2008-11-05 09:19:48.718+01	2
21	XMB1XCODE	\N	1281	2008-11-05 09:19:48.718+01	2
22	XMB1XCODE	\N	1545	2008-11-05 09:19:48.718+01	2
23	XMB1XCODE	\N	1572	2008-11-05 09:19:48.718+01	2
24	XMB1XCODE	\N	1836	2008-11-05 09:19:48.718+01	2
25	XMB1XCODE	\N	1596	2008-11-05 09:19:48.718+01	2
26	XMB1XCODE	\N	1875	2008-11-05 09:19:48.718+01	2
27	XMB1XCODE	\N	1620	2008-11-05 09:19:48.718+01	2
28	XMB1XCODE	\N	1902	2008-11-05 09:19:48.718+01	2
29	XMB1XCODE	\N	1644	2008-11-05 09:19:48.718+01	2
30	XMB1XCODE	\N	1938	2008-11-05 09:19:48.718+01	2
31	XMB1XCODE	\N	1671	2008-11-05 09:19:48.718+01	2
32	XMB1XCODE	\N	1968	2008-11-05 09:19:48.718+01	2
33	XMB1XCODE	\N	1695	2008-11-05 09:19:48.718+01	2
34	XMB1XCODE	\N	2004	2008-11-05 09:19:48.718+01	2
35	XMB1XCODE	\N	1716	2008-11-05 09:19:48.718+01	2
36	XMB1XCODE	\N	2031	2008-11-05 09:19:48.718+01	2
37	XMB1XCODE	\N	1743	2008-11-05 09:19:48.718+01	2
38	XMB1XCODE	\N	2055	2008-11-05 09:19:48.718+01	2
39	XMB1XCODE	\N	1788	2008-11-05 09:19:48.718+01	2
40	XMB1XCODE	\N	2079	2008-11-05 09:19:48.718+01	2
41	XMB1XCODE	\N	1812	2008-11-05 09:19:48.718+01	2
42	XMB1XCODE	\N	2106	2008-11-05 09:19:48.718+01	2
43	XMB1XCODE	\N	975	2008-11-05 09:19:48.718+01	2
44	XMB1XCODE	\N	1323	2008-11-05 09:19:48.718+01	2
45	XMB1XCODE	\N	999	2008-11-05 09:19:48.718+01	2
46	XMB1XCODE	\N	1344	2008-11-05 09:19:48.718+01	2
47	XMB1XCODE	\N	1029	2008-11-05 09:19:48.718+01	2
48	XMB1XCODE	\N	1371	2008-11-05 09:19:48.718+01	2
49	XMB1XCODE	\N	1053	2008-11-05 09:19:48.718+01	2
50	XMB1XCODE	\N	1404	2008-11-05 09:19:48.718+01	2
51	XMB1XCODE	\N	1104	2008-11-05 09:19:48.718+01	2
52	XMB1XCODE	\N	1428	2008-11-05 09:19:48.718+01	2
53	XMB1XCODE	\N	1128	2008-11-05 09:19:48.718+01	2
54	XMB1XCODE	\N	1452	2008-11-05 09:19:48.718+01	2
55	XMB1XCODE	\N	1155	2008-11-05 09:19:48.718+01	2
56	XMB1XCODE	\N	1476	2008-11-05 09:19:48.718+01	2
57	XMB1XCODE	\N	1227	2008-11-05 09:19:48.718+01	2
58	XMB1XCODE	\N	1500	2008-11-05 09:19:48.718+01	2
59	XMB1XCODE	\N	1251	2008-11-05 09:19:48.718+01	2
60	XMB1XCODE	\N	1524	2008-11-05 09:19:48.718+01	2
61	XMB1XCODE	\N	1299	2008-11-05 09:19:48.718+01	2
62	XMB1XCODE	\N	1548	2008-11-05 09:19:48.718+01	2
63	XMB1XCODE	\N	1575	2008-11-05 09:19:48.718+01	2
64	XMB1XCODE	\N	1845	2008-11-05 09:19:48.718+01	2
65	XMB1XCODE	\N	1599	2008-11-05 09:19:48.718+01	2
66	XMB1XCODE	\N	1878	2008-11-05 09:19:48.718+01	2
67	XMB1XCODE	\N	1623	2008-11-05 09:19:48.718+01	2
68	XMB1XCODE	\N	1905	2008-11-05 09:19:48.718+01	2
69	XMB1XCODE	\N	1647	2008-11-05 09:19:48.718+01	2
70	XMB1XCODE	\N	1941	2008-11-05 09:19:48.718+01	2
71	XMB1XCODE	\N	1674	2008-11-05 09:19:48.718+01	2
72	XMB1XCODE	\N	1974	2008-11-05 09:19:48.718+01	2
73	XMB1XCODE	\N	1698	2008-11-05 09:19:48.718+01	2
74	XMB1XCODE	\N	2007	2008-11-05 09:19:48.718+01	2
75	XMB1XCODE	\N	1719	2008-11-05 09:19:48.718+01	2
76	XMB1XCODE	\N	2034	2008-11-05 09:19:48.718+01	2
77	XMB1XCODE	\N	1746	2008-11-05 09:19:48.718+01	2
78	XMB1XCODE	\N	2058	2008-11-05 09:19:48.718+01	2
79	XMB1XCODE	\N	1791	2008-11-05 09:19:48.718+01	2
80	XMB1XCODE	\N	2082	2008-11-05 09:19:48.718+01	2
81	XMB1XCODE	\N	1815	2008-11-05 09:19:48.718+01	2
82	XMB1XCODE	\N	2109	2008-11-05 09:19:48.718+01	2
83	XMB1XCODE	\N	978	2008-11-05 09:19:48.718+01	2
84	XMB1XCODE	\N	1326	2008-11-05 09:19:48.718+01	2
85	XMB1XCODE	\N	1002	2008-11-05 09:19:48.718+01	2
86	XMB1XCODE	\N	1347	2008-11-05 09:19:48.718+01	2
87	XMB1XCODE	\N	1032	2008-11-05 09:19:48.718+01	2
88	XMB1XCODE	\N	1383	2008-11-05 09:19:48.718+01	2
89	XMB1XCODE	\N	1068	2008-11-05 09:19:48.718+01	2
90	XMB1XCODE	\N	1407	2008-11-05 09:19:48.718+01	2
91	XMB1XCODE	\N	1107	2008-11-05 09:19:48.718+01	2
92	XMB1XCODE	\N	1431	2008-11-05 09:19:48.718+01	2
93	XMB1XCODE	\N	1131	2008-11-05 09:19:48.718+01	2
94	XMB1XCODE	\N	1455	2008-11-05 09:19:48.718+01	2
95	XMB1XCODE	\N	1158	2008-11-05 09:19:48.718+01	2
96	XMB1XCODE	\N	1479	2008-11-05 09:19:48.718+01	2
97	XMB1XCODE	\N	1230	2008-11-05 09:19:48.718+01	2
98	XMB1XCODE	\N	1503	2008-11-05 09:19:48.718+01	2
99	XMB1XCODE	\N	1254	2008-11-05 09:19:48.718+01	2
100	XMB1XCODE	\N	1527	2008-11-05 09:19:48.718+01	2
101	XMB1XCODE	\N	1302	2008-11-05 09:19:48.718+01	2
102	XMB1XCODE	\N	1551	2008-11-05 09:19:48.718+01	2
103	XMB1XCODE	\N	1578	2008-11-05 09:19:48.718+01	2
104	XMB1XCODE	\N	1848	2008-11-05 09:19:48.718+01	2
105	XMB1XCODE	\N	1602	2008-11-05 09:19:48.718+01	2
106	XMB1XCODE	\N	1884	2008-11-05 09:19:48.718+01	2
107	XMB1XCODE	\N	1626	2008-11-05 09:19:48.718+01	2
108	XMB1XCODE	\N	1908	2008-11-05 09:19:48.718+01	2
109	XMB1XCODE	\N	1650	2008-11-05 09:19:48.718+01	2
110	XMB1XCODE	\N	1944	2008-11-05 09:19:48.718+01	2
111	XMB1XCODE	\N	1677	2008-11-05 09:19:48.718+01	2
112	XMB1XCODE	\N	1983	2008-11-05 09:19:48.718+01	2
113	XMB1XCODE	\N	1701	2008-11-05 09:19:48.718+01	2
114	XMB1XCODE	\N	2013	2008-11-05 09:19:48.718+01	2
115	XMB1XCODE	\N	1722	2008-11-05 09:19:48.718+01	2
116	XMB1XCODE	\N	2037	2008-11-05 09:19:48.718+01	2
117	XMB1XCODE	\N	1761	2008-11-05 09:19:48.718+01	2
118	XMB1XCODE	\N	2061	2008-11-05 09:19:48.718+01	2
119	XMB1XCODE	\N	1794	2008-11-05 09:19:48.718+01	2
120	XMB1XCODE	\N	2085	2008-11-05 09:19:48.718+01	2
121	XMB1XCODE	\N	1818	2008-11-05 09:19:48.718+01	2
122	XMB1XCODE	\N	2112	2008-11-05 09:19:48.718+01	2
123	XMB1XCODE	\N	981	2008-11-05 09:19:48.718+01	2
124	XMB1XCODE	\N	1329	2008-11-05 09:19:48.718+01	2
125	XMB1XCODE	\N	1011	2008-11-05 09:19:48.718+01	2
126	XMB1XCODE	\N	1353	2008-11-05 09:19:48.718+01	2
127	XMB1XCODE	\N	1035	2008-11-05 09:19:48.718+01	2
128	XMB1XCODE	\N	1386	2008-11-05 09:19:48.718+01	2
129	XMB1XCODE	\N	1071	2008-11-05 09:19:48.718+01	2
130	XMB1XCODE	\N	1410	2008-11-05 09:19:48.718+01	2
131	XMB1XCODE	\N	1110	2008-11-05 09:19:48.718+01	2
132	XMB1XCODE	\N	1434	2008-11-05 09:19:48.718+01	2
133	XMB1XCODE	\N	1137	2008-11-05 09:19:48.718+01	2
134	XMB1XCODE	\N	1458	2008-11-05 09:19:48.718+01	2
135	XMB1XCODE	\N	1161	2008-11-05 09:19:48.718+01	2
136	XMB1XCODE	\N	1482	2008-11-05 09:19:48.718+01	2
137	XMB1XCODE	\N	1233	2008-11-05 09:19:48.718+01	2
138	XMB1XCODE	\N	1506	2008-11-05 09:19:48.718+01	2
139	XMB1XCODE	\N	1266	2008-11-05 09:19:48.718+01	2
140	XMB1XCODE	\N	1530	2008-11-05 09:19:48.718+01	2
141	XMB1XCODE	\N	1305	2008-11-05 09:19:48.718+01	2
142	XMB1XCODE	\N	1557	2008-11-05 09:19:48.718+01	2
143	XMB1XCODE	\N	1581	2008-11-05 09:19:48.718+01	2
144	XMB1XCODE	\N	1857	2008-11-05 09:19:48.718+01	2
145	XMB1XCODE	\N	1605	2008-11-05 09:19:48.718+01	2
146	XMB1XCODE	\N	1887	2008-11-05 09:19:48.718+01	2
147	XMB1XCODE	\N	1629	2008-11-05 09:19:48.718+01	2
148	XMB1XCODE	\N	1923	2008-11-05 09:19:48.718+01	2
149	XMB1XCODE	\N	1653	2008-11-05 09:19:48.718+01	2
150	XMB1XCODE	\N	1947	2008-11-05 09:19:48.718+01	2
151	XMB1XCODE	\N	1680	2008-11-05 09:19:48.718+01	2
152	XMB1XCODE	\N	1986	2008-11-05 09:19:48.718+01	2
153	XMB1XCODE	\N	1704	2008-11-05 09:19:48.718+01	2
154	XMB1XCODE	\N	2016	2008-11-05 09:19:48.718+01	2
155	XMB1XCODE	\N	1725	2008-11-05 09:19:48.718+01	2
156	XMB1XCODE	\N	2040	2008-11-05 09:19:48.718+01	2
157	XMB1XCODE	\N	1764	2008-11-05 09:19:48.718+01	2
158	XMB1XCODE	\N	2064	2008-11-05 09:19:48.718+01	2
159	XMB1XCODE	\N	1797	2008-11-05 09:19:48.718+01	2
160	XMB1XCODE	\N	2088	2008-11-05 09:19:48.718+01	2
161	XMB1XCODE	\N	1821	2008-11-05 09:19:48.718+01	2
162	XMB1XCODE	\N	2115	2008-11-05 09:19:48.718+01	2
163	XMB1XCODE	\N	984	2008-11-05 09:19:48.718+01	2
164	XMB1XCODE	\N	1332	2008-11-05 09:19:48.718+01	2
165	XMB1XCODE	\N	1014	2008-11-05 09:19:48.718+01	2
166	XMB1XCODE	\N	1356	2008-11-05 09:19:48.718+01	2
167	XMB1XCODE	\N	1038	2008-11-05 09:19:48.718+01	2
168	XMB1XCODE	\N	1389	2008-11-05 09:19:48.718+01	2
169	XMB1XCODE	\N	1074	2008-11-05 09:19:48.718+01	2
170	XMB1XCODE	\N	1413	2008-11-05 09:19:48.718+01	2
171	XMB1XCODE	\N	1113	2008-11-05 09:19:48.718+01	2
172	XMB1XCODE	\N	1437	2008-11-05 09:19:48.718+01	2
173	XMB1XCODE	\N	1140	2008-11-05 09:19:48.718+01	2
174	XMB1XCODE	\N	1461	2008-11-05 09:19:48.718+01	2
175	XMB1XCODE	\N	1167	2008-11-05 09:19:48.718+01	2
176	XMB1XCODE	\N	1485	2008-11-05 09:19:48.718+01	2
177	XMB1XCODE	\N	1236	2008-11-05 09:19:48.718+01	2
178	XMB1XCODE	\N	1509	2008-11-05 09:19:48.718+01	2
179	XMB1XCODE	\N	1269	2008-11-05 09:19:48.718+01	2
180	XMB1XCODE	\N	1533	2008-11-05 09:19:48.718+01	2
181	XMB1XCODE	\N	1308	2008-11-05 09:19:48.718+01	2
182	XMB1XCODE	\N	1560	2008-11-05 09:19:48.718+01	2
183	XMB1XCODE	\N	1584	2008-11-05 09:19:48.718+01	2
184	XMB1XCODE	\N	1860	2008-11-05 09:19:48.718+01	2
185	XMB1XCODE	\N	1608	2008-11-05 09:19:48.718+01	2
186	XMB1XCODE	\N	1890	2008-11-05 09:19:48.718+01	2
187	XMB1XCODE	\N	1632	2008-11-05 09:19:48.718+01	2
188	XMB1XCODE	\N	1926	2008-11-05 09:19:48.718+01	2
189	XMB1XCODE	\N	1659	2008-11-05 09:19:48.718+01	2
190	XMB1XCODE	\N	1953	2008-11-05 09:19:48.718+01	2
191	XMB1XCODE	\N	1683	2008-11-05 09:19:48.718+01	2
192	XMB1XCODE	\N	1989	2008-11-05 09:19:48.718+01	2
193	XMB1XCODE	\N	2019	2008-11-05 09:19:48.718+01	2
194	XMB1XCODE	\N	1728	2008-11-05 09:19:48.718+01	2
195	XMB1XCODE	\N	2043	2008-11-05 09:19:48.718+01	2
196	XMB1XCODE	\N	1767	2008-11-05 09:19:48.718+01	2
197	XMB1XCODE	\N	2067	2008-11-05 09:19:48.718+01	2
198	XMB1XCODE	\N	1800	2008-11-05 09:19:48.718+01	2
199	XMB1XCODE	\N	2091	2008-11-05 09:19:48.718+01	2
200	XMB1XCODE	\N	1824	2008-11-05 09:19:48.718+01	2
201	XMB1XCODE	\N	2118	2008-11-05 09:19:48.718+01	2
202	XMB1XCODE	\N	987	2008-11-05 09:19:48.718+01	2
203	XMB1XCODE	\N	1335	2008-11-05 09:19:48.718+01	2
204	XMB1XCODE	\N	1017	2008-11-05 09:19:48.718+01	2
205	XMB1XCODE	\N	1359	2008-11-05 09:19:48.718+01	2
206	XMB1XCODE	\N	1041	2008-11-05 09:19:48.718+01	2
207	XMB1XCODE	\N	1392	2008-11-05 09:19:48.718+01	2
208	XMB1XCODE	\N	1077	2008-11-05 09:19:48.718+01	2
209	XMB1XCODE	\N	1416	2008-11-05 09:19:48.718+01	2
210	XMB1XCODE	\N	1116	2008-11-05 09:19:48.718+01	2
211	XMB1XCODE	\N	1440	2008-11-05 09:19:48.718+01	2
212	XMB1XCODE	\N	1143	2008-11-05 09:19:48.718+01	2
213	XMB1XCODE	\N	1464	2008-11-05 09:19:48.718+01	2
214	XMB1XCODE	\N	1182	2008-11-05 09:19:48.718+01	2
215	XMB1XCODE	\N	1488	2008-11-05 09:19:48.718+01	2
216	XMB1XCODE	\N	1239	2008-11-05 09:19:48.718+01	2
217	XMB1XCODE	\N	1512	2008-11-05 09:19:48.718+01	2
218	XMB1XCODE	\N	1272	2008-11-05 09:19:48.718+01	2
219	XMB1XCODE	\N	1536	2008-11-05 09:19:48.718+01	2
220	XMB1XCODE	\N	1311	2008-11-05 09:19:48.718+01	2
221	XMB1XCODE	\N	1563	2008-11-05 09:19:48.718+01	2
222	XMB1XCODE	\N	1587	2008-11-05 09:19:48.718+01	2
223	XMB1XCODE	\N	1863	2008-11-05 09:19:48.718+01	2
224	XMB1XCODE	\N	1611	2008-11-05 09:19:48.718+01	2
225	XMB1XCODE	\N	1893	2008-11-05 09:19:48.718+01	2
226	XMB1XCODE	\N	1635	2008-11-05 09:19:48.718+01	2
227	XMB1XCODE	\N	1929	2008-11-05 09:19:48.718+01	2
228	XMB1XCODE	\N	1662	2008-11-05 09:19:48.718+01	2
229	XMB1XCODE	\N	1959	2008-11-05 09:19:48.718+01	2
230	XMB1XCODE	\N	1686	2008-11-05 09:19:48.718+01	2
231	XMB1XCODE	\N	1992	2008-11-05 09:19:48.718+01	2
232	XMB1XCODE	\N	1707	2008-11-05 09:19:48.718+01	2
233	XMB1XCODE	\N	2022	2008-11-05 09:19:48.718+01	2
234	XMB1XCODE	\N	1731	2008-11-05 09:19:48.718+01	2
235	XMB1XCODE	\N	2046	2008-11-05 09:19:48.718+01	2
236	XMB1XCODE	\N	1770	2008-11-05 09:19:48.718+01	2
237	XMB1XCODE	\N	2070	2008-11-05 09:19:48.718+01	2
238	XMB1XCODE	\N	1803	2008-11-05 09:19:48.718+01	2
239	XMB1XCODE	\N	2094	2008-11-05 09:19:48.718+01	2
240	XMB1XCODE	\N	1827	2008-11-05 09:19:48.718+01	2
241	XMB1XCODE	\N	2121	2008-11-05 09:19:48.718+01	2
242	XMB1XCODE	\N	990	2008-11-05 09:19:48.718+01	2
243	XMB1XCODE	\N	1338	2008-11-05 09:19:48.718+01	2
244	XMB1XCODE	\N	1020	2008-11-05 09:19:48.718+01	2
245	XMB1XCODE	\N	1362	2008-11-05 09:19:48.718+01	2
246	XMB1XCODE	\N	1044	2008-11-05 09:19:48.718+01	2
247	XMB1XCODE	\N	1395	2008-11-05 09:19:48.718+01	2
248	XMB1XCODE	\N	1095	2008-11-05 09:19:48.718+01	2
249	XMB1XCODE	\N	1419	2008-11-05 09:19:48.718+01	2
250	XMB1XCODE	\N	1119	2008-11-05 09:19:48.718+01	2
251	XMB1XCODE	\N	1443	2008-11-05 09:19:48.718+01	2
252	XMB1XCODE	\N	1146	2008-11-05 09:19:48.718+01	2
253	XMB1XCODE	\N	1467	2008-11-05 09:19:48.718+01	2
254	XMB1XCODE	\N	1185	2008-11-05 09:19:48.718+01	2
255	XMB1XCODE	\N	1491	2008-11-05 09:19:48.718+01	2
256	XMB1XCODE	\N	1242	2008-11-05 09:19:48.718+01	2
257	XMB1XCODE	\N	1515	2008-11-05 09:19:48.718+01	2
258	XMB1XCODE	\N	1275	2008-11-05 09:19:48.718+01	2
259	XMB1XCODE	\N	1539	2008-11-05 09:19:48.718+01	2
260	XMB1XCODE	\N	1314	2008-11-05 09:19:48.718+01	2
261	XMB1XCODE	\N	1566	2008-11-05 09:19:48.718+01	2
262	XMB1XCODE	\N	1590	2008-11-05 09:19:48.718+01	2
263	XMB1XCODE	\N	1866	2008-11-05 09:19:48.718+01	2
264	XMB1XCODE	\N	1614	2008-11-05 09:19:48.718+01	2
265	XMB1XCODE	\N	1896	2008-11-05 09:19:48.718+01	2
266	XMB1XCODE	\N	1638	2008-11-05 09:19:48.718+01	2
267	XMB1XCODE	\N	1932	2008-11-05 09:19:48.718+01	2
268	XMB1XCODE	\N	1665	2008-11-05 09:19:48.718+01	2
269	XMB1XCODE	\N	1962	2008-11-05 09:19:48.718+01	2
270	XMB1XCODE	\N	1689	2008-11-05 09:19:48.718+01	2
271	XMB1XCODE	\N	1995	2008-11-05 09:19:48.718+01	2
272	XMB1XCODE	\N	1710	2008-11-05 09:19:48.718+01	2
273	XMB1XCODE	\N	2025	2008-11-05 09:19:48.718+01	2
274	XMB1XCODE	\N	1737	2008-11-05 09:19:48.718+01	2
275	XMB1XCODE	\N	2049	2008-11-05 09:19:48.718+01	2
276	XMB1XCODE	\N	1782	2008-11-05 09:19:48.718+01	2
277	XMB1XCODE	\N	2073	2008-11-05 09:19:48.718+01	2
278	XMB1XCODE	\N	1806	2008-11-05 09:19:48.718+01	2
279	XMB1XCODE	\N	2100	2008-11-05 09:19:48.718+01	2
280	XMB1XCODE	\N	1830	2008-11-05 09:19:48.718+01	2
281	XMB1XCODE	\N	2124	2008-11-05 09:19:48.718+01	2
282	XMB1XCODE	\N	993	2008-11-05 09:19:48.718+01	2
283	XMB1XCODE	\N	1023	2008-11-05 09:19:48.718+01	2
284	XMB1XCODE	\N	1365	2008-11-05 09:19:48.718+01	2
285	XMB1XCODE	\N	1047	2008-11-05 09:19:48.718+01	2
286	XMB1XCODE	\N	1398	2008-11-05 09:19:48.718+01	2
287	XMB1XCODE	\N	1098	2008-11-05 09:19:48.718+01	2
288	XMB1XCODE	\N	1422	2008-11-05 09:19:48.718+01	2
289	XMB1XCODE	\N	1122	2008-11-05 09:19:48.718+01	2
290	XMB1XCODE	\N	1446	2008-11-05 09:19:48.718+01	2
291	XMB1XCODE	\N	1149	2008-11-05 09:19:48.718+01	2
292	XMB1XCODE	\N	1470	2008-11-05 09:19:48.718+01	2
293	XMB1XCODE	\N	1221	2008-11-05 09:19:48.718+01	2
294	XMB1XCODE	\N	1494	2008-11-05 09:19:48.718+01	2
295	XMB1XCODE	\N	1245	2008-11-05 09:19:48.718+01	2
296	XMB1XCODE	\N	1518	2008-11-05 09:19:48.718+01	2
297	XMB1XCODE	\N	1278	2008-11-05 09:19:48.718+01	2
298	XMB1XCODE	\N	1542	2008-11-05 09:19:48.718+01	2
299	XMB1XCODE	\N	1317	2008-11-05 09:19:48.718+01	2
300	XMB1XCODE	\N	1569	2008-11-05 09:19:48.718+01	2
301	XMB1XCODE	\N	1593	2008-11-05 09:19:48.718+01	2
302	XMB1XCODE	\N	1869	2008-11-05 09:19:48.718+01	2
303	XMB1XCODE	\N	1617	2008-11-05 09:19:48.718+01	2
304	XMB1XCODE	\N	1899	2008-11-05 09:19:48.718+01	2
305	XMB1XCODE	\N	1641	2008-11-05 09:19:48.718+01	2
306	XMB1XCODE	\N	1935	2008-11-05 09:19:48.718+01	2
307	XMB1XCODE	\N	1668	2008-11-05 09:19:48.718+01	2
308	XMB1XCODE	\N	1965	2008-11-05 09:19:48.718+01	2
309	XMB1XCODE	\N	1692	2008-11-05 09:19:48.718+01	2
310	XMB1XCODE	\N	1998	2008-11-05 09:19:48.718+01	2
311	XMB1XCODE	\N	1713	2008-11-05 09:19:48.718+01	2
312	XMB1XCODE	\N	2028	2008-11-05 09:19:48.718+01	2
313	XMB1XCODE	\N	1740	2008-11-05 09:19:48.718+01	2
314	XMB1XCODE	\N	2052	2008-11-05 09:19:48.718+01	2
315	XMB1XCODE	\N	1785	2008-11-05 09:19:48.718+01	2
316	XMB1XCODE	\N	2076	2008-11-05 09:19:48.718+01	2
317	XMB1XCODE	\N	1809	2008-11-05 09:19:48.718+01	2
318	XMB1XCODE	\N	2103	2008-11-05 09:19:48.718+01	2
319	XMB1XCODE	\N	1833	2008-11-05 09:19:48.718+01	2
320	XMB1XCODE	\N	2127	2008-11-05 09:19:48.718+01	2
321	XMB2XCODE	\N	2142	2008-11-05 09:20:17.877+01	2
322	XMB2XCODE	\N	2403	2008-11-05 09:20:17.877+01	2
323	XMB2XCODE	\N	2181	2008-11-05 09:20:17.877+01	2
324	XMB2XCODE	\N	2427	2008-11-05 09:20:17.877+01	2
325	XMB2XCODE	\N	2205	2008-11-05 09:20:17.877+01	2
326	XMB2XCODE	\N	2451	2008-11-05 09:20:17.877+01	2
327	XMB2XCODE	\N	2232	2008-11-05 09:20:17.877+01	2
328	XMB2XCODE	\N	2493	2008-11-05 09:20:17.877+01	2
329	XMB2XCODE	\N	2256	2008-11-05 09:20:17.877+01	2
330	XMB2XCODE	\N	2565	2008-11-05 09:20:17.877+01	2
331	XMB2XCODE	\N	2286	2008-11-05 09:20:17.877+01	2
332	XMB2XCODE	\N	2589	2008-11-05 09:20:17.877+01	2
333	XMB2XCODE	\N	2310	2008-11-05 09:20:17.877+01	2
334	XMB2XCODE	\N	2613	2008-11-05 09:20:17.877+01	2
335	XMB2XCODE	\N	2331	2008-11-05 09:20:17.877+01	2
336	XMB2XCODE	\N	2634	2008-11-05 09:20:17.877+01	2
337	XMB2XCODE	\N	2355	2008-11-05 09:20:17.877+01	2
338	XMB2XCODE	\N	2682	2008-11-05 09:20:17.877+01	2
339	XMB2XCODE	\N	2379	2008-11-05 09:20:17.877+01	2
340	XMB2XCODE	\N	2706	2008-11-05 09:20:17.877+01	2
341	XMB2XCODE	\N	2751	2008-11-05 09:20:17.877+01	2
342	XMB2XCODE	\N	3051	2008-11-05 09:20:17.877+01	2
343	XMB2XCODE	\N	2775	2008-11-05 09:20:17.877+01	2
344	XMB2XCODE	\N	3102	2008-11-05 09:20:17.877+01	2
345	XMB2XCODE	\N	2841	2008-11-05 09:20:17.877+01	2
346	XMB2XCODE	\N	3126	2008-11-05 09:20:17.877+01	2
347	XMB2XCODE	\N	2874	2008-11-05 09:20:17.877+01	2
348	XMB2XCODE	\N	3150	2008-11-05 09:20:17.877+01	2
349	XMB2XCODE	\N	2898	2008-11-05 09:20:17.877+01	2
350	XMB2XCODE	\N	3177	2008-11-05 09:20:17.877+01	2
351	XMB2XCODE	\N	2922	2008-11-05 09:20:17.877+01	2
352	XMB2XCODE	\N	3201	2008-11-05 09:20:17.877+01	2
353	XMB2XCODE	\N	2949	2008-11-05 09:20:17.877+01	2
354	XMB2XCODE	\N	3225	2008-11-05 09:20:17.877+01	2
355	XMB2XCODE	\N	2973	2008-11-05 09:20:17.877+01	2
356	XMB2XCODE	\N	3249	2008-11-05 09:20:17.877+01	2
357	XMB2XCODE	\N	969	2008-11-05 09:20:17.877+01	2
358	XMB2XCODE	\N	3273	2008-11-05 09:20:17.877+01	2
359	XMB2XCODE	\N	3024	2008-11-05 09:20:17.877+01	2
360	XMB2XCODE	\N	3297	2008-11-05 09:20:17.877+01	2
361	XMB2XCODE	\N	2160	2008-11-05 09:20:17.877+01	2
362	XMB2XCODE	\N	2406	2008-11-05 09:20:17.877+01	2
363	XMB2XCODE	\N	2184	2008-11-05 09:20:17.877+01	2
364	XMB2XCODE	\N	2430	2008-11-05 09:20:17.877+01	2
365	XMB2XCODE	\N	2208	2008-11-05 09:20:17.877+01	2
366	XMB2XCODE	\N	2454	2008-11-05 09:20:17.877+01	2
367	XMB2XCODE	\N	2235	2008-11-05 09:20:17.877+01	2
368	XMB2XCODE	\N	2496	2008-11-05 09:20:17.877+01	2
369	XMB2XCODE	\N	2259	2008-11-05 09:20:17.877+01	2
370	XMB2XCODE	\N	2568	2008-11-05 09:20:17.877+01	2
371	XMB2XCODE	\N	2289	2008-11-05 09:20:17.877+01	2
372	XMB2XCODE	\N	2592	2008-11-05 09:20:17.877+01	2
373	XMB2XCODE	\N	2313	2008-11-05 09:20:17.877+01	2
374	XMB2XCODE	\N	2616	2008-11-05 09:20:17.877+01	2
375	XMB2XCODE	\N	2334	2008-11-05 09:20:17.877+01	2
376	XMB2XCODE	\N	2640	2008-11-05 09:20:17.877+01	2
377	XMB2XCODE	\N	2358	2008-11-05 09:20:17.877+01	2
378	XMB2XCODE	\N	2685	2008-11-05 09:20:17.877+01	2
379	XMB2XCODE	\N	2382	2008-11-05 09:20:17.877+01	2
380	XMB2XCODE	\N	2709	2008-11-05 09:20:17.877+01	2
381	XMB2XCODE	\N	2754	2008-11-05 09:20:17.877+01	2
382	XMB2XCODE	\N	3054	2008-11-05 09:20:17.877+01	2
383	XMB2XCODE	\N	2778	2008-11-05 09:20:17.877+01	2
384	XMB2XCODE	\N	3105	2008-11-05 09:20:17.877+01	2
385	XMB2XCODE	\N	2844	2008-11-05 09:20:17.877+01	2
386	XMB2XCODE	\N	3129	2008-11-05 09:20:17.877+01	2
387	XMB2XCODE	\N	2877	2008-11-05 09:20:17.877+01	2
388	XMB2XCODE	\N	3153	2008-11-05 09:20:17.877+01	2
389	XMB2XCODE	\N	2901	2008-11-05 09:20:17.877+01	2
390	XMB2XCODE	\N	3180	2008-11-05 09:20:17.877+01	2
391	XMB2XCODE	\N	2925	2008-11-05 09:20:17.877+01	2
392	XMB2XCODE	\N	3204	2008-11-05 09:20:17.877+01	2
393	XMB2XCODE	\N	2952	2008-11-05 09:20:17.877+01	2
394	XMB2XCODE	\N	3228	2008-11-05 09:20:17.877+01	2
395	XMB2XCODE	\N	2976	2008-11-05 09:20:17.877+01	2
396	XMB2XCODE	\N	3252	2008-11-05 09:20:17.877+01	2
397	XMB2XCODE	\N	2997	2008-11-05 09:20:17.877+01	2
398	XMB2XCODE	\N	3276	2008-11-05 09:20:17.877+01	2
399	XMB2XCODE	\N	3030	2008-11-05 09:20:17.877+01	2
400	XMB2XCODE	\N	3300	2008-11-05 09:20:17.877+01	2
401	XMB2XCODE	\N	2163	2008-11-05 09:20:17.877+01	2
402	XMB2XCODE	\N	2409	2008-11-05 09:20:17.877+01	2
403	XMB2XCODE	\N	2187	2008-11-05 09:20:17.877+01	2
404	XMB2XCODE	\N	2433	2008-11-05 09:20:17.877+01	2
405	XMB2XCODE	\N	2211	2008-11-05 09:20:17.877+01	2
406	XMB2XCODE	\N	2457	2008-11-05 09:20:17.877+01	2
407	XMB2XCODE	\N	2238	2008-11-05 09:20:17.877+01	2
408	XMB2XCODE	\N	2499	2008-11-05 09:20:17.877+01	2
409	XMB2XCODE	\N	2262	2008-11-05 09:20:17.877+01	2
410	XMB2XCODE	\N	2571	2008-11-05 09:20:17.877+01	2
411	XMB2XCODE	\N	2292	2008-11-05 09:20:17.877+01	2
412	XMB2XCODE	\N	2595	2008-11-05 09:20:17.877+01	2
413	XMB2XCODE	\N	2316	2008-11-05 09:20:17.877+01	2
414	XMB2XCODE	\N	2337	2008-11-05 09:20:17.877+01	2
415	XMB2XCODE	\N	2643	2008-11-05 09:20:17.877+01	2
416	XMB2XCODE	\N	2361	2008-11-05 09:20:17.877+01	2
417	XMB2XCODE	\N	2688	2008-11-05 09:20:17.877+01	2
418	XMB2XCODE	\N	2385	2008-11-05 09:20:17.877+01	2
419	XMB2XCODE	\N	2715	2008-11-05 09:20:17.877+01	2
420	XMB2XCODE	\N	2757	2008-11-05 09:20:17.877+01	2
421	XMB2XCODE	\N	3057	2008-11-05 09:20:17.877+01	2
422	XMB2XCODE	\N	2781	2008-11-05 09:20:17.877+01	2
423	XMB2XCODE	\N	3108	2008-11-05 09:20:17.877+01	2
424	XMB2XCODE	\N	2847	2008-11-05 09:20:17.877+01	2
425	XMB2XCODE	\N	3132	2008-11-05 09:20:17.877+01	2
426	XMB2XCODE	\N	2880	2008-11-05 09:20:17.877+01	2
427	XMB2XCODE	\N	3156	2008-11-05 09:20:17.877+01	2
428	XMB2XCODE	\N	2904	2008-11-05 09:20:17.877+01	2
429	XMB2XCODE	\N	3183	2008-11-05 09:20:17.877+01	2
430	XMB2XCODE	\N	2931	2008-11-05 09:20:17.877+01	2
431	XMB2XCODE	\N	3207	2008-11-05 09:20:17.877+01	2
432	XMB2XCODE	\N	2955	2008-11-05 09:20:17.877+01	2
433	XMB2XCODE	\N	3231	2008-11-05 09:20:17.877+01	2
434	XMB2XCODE	\N	2979	2008-11-05 09:20:17.877+01	2
435	XMB2XCODE	\N	3255	2008-11-05 09:20:17.877+01	2
436	XMB2XCODE	\N	3000	2008-11-05 09:20:17.877+01	2
437	XMB2XCODE	\N	3279	2008-11-05 09:20:17.877+01	2
438	XMB2XCODE	\N	3303	2008-11-05 09:20:17.877+01	2
439	XMB2XCODE	\N	2166	2008-11-05 09:20:17.877+01	2
440	XMB2XCODE	\N	2412	2008-11-05 09:20:17.877+01	2
441	XMB2XCODE	\N	2190	2008-11-05 09:20:17.877+01	2
442	XMB2XCODE	\N	2436	2008-11-05 09:20:17.877+01	2
443	XMB2XCODE	\N	2214	2008-11-05 09:20:17.877+01	2
444	XMB2XCODE	\N	2463	2008-11-05 09:20:17.877+01	2
445	XMB2XCODE	\N	2241	2008-11-05 09:20:17.877+01	2
446	XMB2XCODE	\N	2502	2008-11-05 09:20:17.877+01	2
447	XMB2XCODE	\N	2271	2008-11-05 09:20:17.877+01	2
448	XMB2XCODE	\N	2574	2008-11-05 09:20:17.877+01	2
449	XMB2XCODE	\N	2295	2008-11-05 09:20:17.877+01	2
450	XMB2XCODE	\N	2598	2008-11-05 09:20:17.877+01	2
451	XMB2XCODE	\N	2319	2008-11-05 09:20:17.877+01	2
452	XMB2XCODE	\N	2619	2008-11-05 09:20:17.877+01	2
453	XMB2XCODE	\N	2340	2008-11-05 09:20:17.877+01	2
454	XMB2XCODE	\N	2652	2008-11-05 09:20:17.877+01	2
455	XMB2XCODE	\N	2364	2008-11-05 09:20:17.877+01	2
456	XMB2XCODE	\N	2691	2008-11-05 09:20:17.877+01	2
457	XMB2XCODE	\N	2388	2008-11-05 09:20:17.877+01	2
458	XMB2XCODE	\N	2721	2008-11-05 09:20:17.877+01	2
459	XMB2XCODE	\N	2760	2008-11-05 09:20:17.877+01	2
460	XMB2XCODE	\N	3060	2008-11-05 09:20:17.877+01	2
461	XMB2XCODE	\N	2784	2008-11-05 09:20:17.877+01	2
462	XMB2XCODE	\N	3111	2008-11-05 09:20:17.877+01	2
463	XMB2XCODE	\N	2850	2008-11-05 09:20:17.877+01	2
464	XMB2XCODE	\N	3135	2008-11-05 09:20:17.877+01	2
465	XMB2XCODE	\N	2883	2008-11-05 09:20:17.877+01	2
466	XMB2XCODE	\N	3159	2008-11-05 09:20:17.877+01	2
467	XMB2XCODE	\N	2907	2008-11-05 09:20:17.877+01	2
468	XMB2XCODE	\N	3186	2008-11-05 09:20:17.877+01	2
469	XMB2XCODE	\N	2934	2008-11-05 09:20:17.877+01	2
470	XMB2XCODE	\N	3210	2008-11-05 09:20:17.877+01	2
471	XMB2XCODE	\N	2958	2008-11-05 09:20:17.877+01	2
472	XMB2XCODE	\N	3234	2008-11-05 09:20:17.877+01	2
473	XMB2XCODE	\N	2982	2008-11-05 09:20:17.877+01	2
474	XMB2XCODE	\N	3258	2008-11-05 09:20:17.877+01	2
475	XMB2XCODE	\N	3003	2008-11-05 09:20:17.877+01	2
476	XMB2XCODE	\N	3282	2008-11-05 09:20:17.877+01	2
477	XMB2XCODE	\N	3033	2008-11-05 09:20:17.877+01	2
478	XMB2XCODE	\N	3306	2008-11-05 09:20:17.877+01	2
479	XMB2XCODE	\N	2169	2008-11-05 09:20:17.877+01	2
480	XMB2XCODE	\N	2415	2008-11-05 09:20:17.877+01	2
481	XMB2XCODE	\N	2193	2008-11-05 09:20:17.877+01	2
482	XMB2XCODE	\N	2439	2008-11-05 09:20:17.877+01	2
483	XMB2XCODE	\N	2220	2008-11-05 09:20:17.877+01	2
484	XMB2XCODE	\N	2472	2008-11-05 09:20:17.877+01	2
485	XMB2XCODE	\N	2244	2008-11-05 09:20:17.877+01	2
486	XMB2XCODE	\N	2505	2008-11-05 09:20:17.877+01	2
487	XMB2XCODE	\N	2274	2008-11-05 09:20:17.877+01	2
488	XMB2XCODE	\N	2577	2008-11-05 09:20:17.877+01	2
489	XMB2XCODE	\N	2298	2008-11-05 09:20:17.877+01	2
490	XMB2XCODE	\N	2601	2008-11-05 09:20:17.877+01	2
491	XMB2XCODE	\N	966	2008-11-05 09:20:17.877+01	2
492	XMB2XCODE	\N	2622	2008-11-05 09:20:17.877+01	2
493	XMB2XCODE	\N	2343	2008-11-05 09:20:17.877+01	2
494	XMB2XCODE	\N	2661	2008-11-05 09:20:17.877+01	2
495	XMB2XCODE	\N	2367	2008-11-05 09:20:17.877+01	2
496	XMB2XCODE	\N	2694	2008-11-05 09:20:17.877+01	2
497	XMB2XCODE	\N	2391	2008-11-05 09:20:17.877+01	2
498	XMB2XCODE	\N	2733	2008-11-05 09:20:17.877+01	2
499	XMB2XCODE	\N	2763	2008-11-05 09:20:17.877+01	2
500	XMB2XCODE	\N	3063	2008-11-05 09:20:17.877+01	2
501	XMB2XCODE	\N	2787	2008-11-05 09:20:17.877+01	2
502	XMB2XCODE	\N	3114	2008-11-05 09:20:17.877+01	2
503	XMB2XCODE	\N	2853	2008-11-05 09:20:17.877+01	2
504	XMB2XCODE	\N	3138	2008-11-05 09:20:17.877+01	2
505	XMB2XCODE	\N	2886	2008-11-05 09:20:17.877+01	2
506	XMB2XCODE	\N	3162	2008-11-05 09:20:17.877+01	2
507	XMB2XCODE	\N	2910	2008-11-05 09:20:17.877+01	2
508	XMB2XCODE	\N	3189	2008-11-05 09:20:17.877+01	2
509	XMB2XCODE	\N	2937	2008-11-05 09:20:17.877+01	2
510	XMB2XCODE	\N	3213	2008-11-05 09:20:17.877+01	2
511	XMB2XCODE	\N	2961	2008-11-05 09:20:17.877+01	2
512	XMB2XCODE	\N	3237	2008-11-05 09:20:17.877+01	2
513	XMB2XCODE	\N	2985	2008-11-05 09:20:17.877+01	2
514	XMB2XCODE	\N	3261	2008-11-05 09:20:17.877+01	2
515	XMB2XCODE	\N	3006	2008-11-05 09:20:17.877+01	2
516	XMB2XCODE	\N	3285	2008-11-05 09:20:17.877+01	2
517	XMB2XCODE	\N	3036	2008-11-05 09:20:17.877+01	2
518	XMB2XCODE	\N	3321	2008-11-05 09:20:17.877+01	2
519	XMB2XCODE	\N	2172	2008-11-05 09:20:17.877+01	2
520	XMB2XCODE	\N	2418	2008-11-05 09:20:17.877+01	2
521	XMB2XCODE	\N	2196	2008-11-05 09:20:17.877+01	2
522	XMB2XCODE	\N	2442	2008-11-05 09:20:17.877+01	2
523	XMB2XCODE	\N	2223	2008-11-05 09:20:17.877+01	2
524	XMB2XCODE	\N	2475	2008-11-05 09:20:17.877+01	2
525	XMB2XCODE	\N	2247	2008-11-05 09:20:17.877+01	2
526	XMB2XCODE	\N	2556	2008-11-05 09:20:17.877+01	2
527	XMB2XCODE	\N	2277	2008-11-05 09:20:17.877+01	2
528	XMB2XCODE	\N	2580	2008-11-05 09:20:17.877+01	2
529	XMB2XCODE	\N	2301	2008-11-05 09:20:17.877+01	2
530	XMB2XCODE	\N	2604	2008-11-05 09:20:17.877+01	2
531	XMB2XCODE	\N	2322	2008-11-05 09:20:17.877+01	2
532	XMB2XCODE	\N	2625	2008-11-05 09:20:17.877+01	2
533	XMB2XCODE	\N	2346	2008-11-05 09:20:17.877+01	2
534	XMB2XCODE	\N	2673	2008-11-05 09:20:17.877+01	2
535	XMB2XCODE	\N	2370	2008-11-05 09:20:17.877+01	2
536	XMB2XCODE	\N	2697	2008-11-05 09:20:17.877+01	2
537	XMB2XCODE	\N	2394	2008-11-05 09:20:17.877+01	2
538	XMB2XCODE	\N	2742	2008-11-05 09:20:17.877+01	2
539	XMB2XCODE	\N	2766	2008-11-05 09:20:17.877+01	2
540	XMB2XCODE	\N	3066	2008-11-05 09:20:17.877+01	2
541	XMB2XCODE	\N	2799	2008-11-05 09:20:17.877+01	2
542	XMB2XCODE	\N	3117	2008-11-05 09:20:17.877+01	2
543	XMB2XCODE	\N	2865	2008-11-05 09:20:17.877+01	2
544	XMB2XCODE	\N	3141	2008-11-05 09:20:17.877+01	2
545	XMB2XCODE	\N	2889	2008-11-05 09:20:17.877+01	2
546	XMB2XCODE	\N	3165	2008-11-05 09:20:17.877+01	2
547	XMB2XCODE	\N	2913	2008-11-05 09:20:17.877+01	2
548	XMB2XCODE	\N	3192	2008-11-05 09:20:17.877+01	2
549	XMB2XCODE	\N	2940	2008-11-05 09:20:17.877+01	2
550	XMB2XCODE	\N	3216	2008-11-05 09:20:17.877+01	2
551	XMB2XCODE	\N	2964	2008-11-05 09:20:17.877+01	2
552	XMB2XCODE	\N	3240	2008-11-05 09:20:17.877+01	2
553	XMB2XCODE	\N	2988	2008-11-05 09:20:17.877+01	2
554	XMB2XCODE	\N	3264	2008-11-05 09:20:17.877+01	2
555	XMB2XCODE	\N	3009	2008-11-05 09:20:17.877+01	2
556	XMB2XCODE	\N	3288	2008-11-05 09:20:17.877+01	2
557	XMB2XCODE	\N	3039	2008-11-05 09:20:17.877+01	2
558	XMB2XCODE	\N	3330	2008-11-05 09:20:17.877+01	2
559	XMB2XCODE	\N	2175	2008-11-05 09:20:17.877+01	2
560	XMB2XCODE	\N	2421	2008-11-05 09:20:17.877+01	2
561	XMB2XCODE	\N	2199	2008-11-05 09:20:17.877+01	2
562	XMB2XCODE	\N	2445	2008-11-05 09:20:17.877+01	2
563	XMB2XCODE	\N	2226	2008-11-05 09:20:17.877+01	2
564	XMB2XCODE	\N	2487	2008-11-05 09:20:17.877+01	2
565	XMB2XCODE	\N	2250	2008-11-05 09:20:17.877+01	2
566	XMB2XCODE	\N	2559	2008-11-05 09:20:17.877+01	2
567	XMB2XCODE	\N	2280	2008-11-05 09:20:17.877+01	2
568	XMB2XCODE	\N	2583	2008-11-05 09:20:17.877+01	2
569	XMB2XCODE	\N	2304	2008-11-05 09:20:17.877+01	2
570	XMB2XCODE	\N	2607	2008-11-05 09:20:17.877+01	2
571	XMB2XCODE	\N	2325	2008-11-05 09:20:17.877+01	2
572	XMB2XCODE	\N	2628	2008-11-05 09:20:17.877+01	2
573	XMB2XCODE	\N	2349	2008-11-05 09:20:17.877+01	2
574	XMB2XCODE	\N	2676	2008-11-05 09:20:17.877+01	2
575	XMB2XCODE	\N	2373	2008-11-05 09:20:17.877+01	2
576	XMB2XCODE	\N	2700	2008-11-05 09:20:17.877+01	2
577	XMB2XCODE	\N	2397	2008-11-05 09:20:17.877+01	2
578	XMB2XCODE	\N	2745	2008-11-05 09:20:17.877+01	2
579	XMB2XCODE	\N	2769	2008-11-05 09:20:17.877+01	2
580	XMB2XCODE	\N	3069	2008-11-05 09:20:17.877+01	2
581	XMB2XCODE	\N	2802	2008-11-05 09:20:17.877+01	2
582	XMB2XCODE	\N	3120	2008-11-05 09:20:17.877+01	2
583	XMB2XCODE	\N	2868	2008-11-05 09:20:17.877+01	2
584	XMB2XCODE	\N	3144	2008-11-05 09:20:17.877+01	2
585	XMB2XCODE	\N	2892	2008-11-05 09:20:17.877+01	2
586	XMB2XCODE	\N	3168	2008-11-05 09:20:17.877+01	2
587	XMB2XCODE	\N	2916	2008-11-05 09:20:17.877+01	2
588	XMB2XCODE	\N	3195	2008-11-05 09:20:17.877+01	2
589	XMB2XCODE	\N	2943	2008-11-05 09:20:17.877+01	2
590	XMB2XCODE	\N	3219	2008-11-05 09:20:17.877+01	2
591	XMB2XCODE	\N	2967	2008-11-05 09:20:17.877+01	2
592	XMB2XCODE	\N	3243	2008-11-05 09:20:17.877+01	2
593	XMB2XCODE	\N	2991	2008-11-05 09:20:17.877+01	2
594	XMB2XCODE	\N	3267	2008-11-05 09:20:17.877+01	2
595	XMB2XCODE	\N	3018	2008-11-05 09:20:17.877+01	2
596	XMB2XCODE	\N	3291	2008-11-05 09:20:17.877+01	2
597	XMB2XCODE	\N	3042	2008-11-05 09:20:17.877+01	2
598	XMB2XCODE	\N	3333	2008-11-05 09:20:17.877+01	2
599	XMB2XCODE	\N	2178	2008-11-05 09:20:17.877+01	2
600	XMB2XCODE	\N	2424	2008-11-05 09:20:17.877+01	2
601	XMB2XCODE	\N	2202	2008-11-05 09:20:17.877+01	2
602	XMB2XCODE	\N	2448	2008-11-05 09:20:17.877+01	2
603	XMB2XCODE	\N	2229	2008-11-05 09:20:17.877+01	2
604	XMB2XCODE	\N	2490	2008-11-05 09:20:17.877+01	2
605	XMB2XCODE	\N	2253	2008-11-05 09:20:17.877+01	2
606	XMB2XCODE	\N	2562	2008-11-05 09:20:17.877+01	2
607	XMB2XCODE	\N	2283	2008-11-05 09:20:17.877+01	2
608	XMB2XCODE	\N	2586	2008-11-05 09:20:17.877+01	2
609	XMB2XCODE	\N	2307	2008-11-05 09:20:17.877+01	2
610	XMB2XCODE	\N	2610	2008-11-05 09:20:17.877+01	2
611	XMB2XCODE	\N	2328	2008-11-05 09:20:17.877+01	2
612	XMB2XCODE	\N	2631	2008-11-05 09:20:17.877+01	2
613	XMB2XCODE	\N	2352	2008-11-05 09:20:17.877+01	2
614	XMB2XCODE	\N	2679	2008-11-05 09:20:17.877+01	2
615	XMB2XCODE	\N	2376	2008-11-05 09:20:17.877+01	2
616	XMB2XCODE	\N	2703	2008-11-05 09:20:17.877+01	2
617	XMB2XCODE	\N	2400	2008-11-05 09:20:17.877+01	2
618	XMB2XCODE	\N	2748	2008-11-05 09:20:17.877+01	2
619	XMB2XCODE	\N	2772	2008-11-05 09:20:17.877+01	2
620	XMB2XCODE	\N	3072	2008-11-05 09:20:17.877+01	2
621	XMB2XCODE	\N	2838	2008-11-05 09:20:17.877+01	2
622	XMB2XCODE	\N	3123	2008-11-05 09:20:17.877+01	2
623	XMB2XCODE	\N	2871	2008-11-05 09:20:17.877+01	2
624	XMB2XCODE	\N	3147	2008-11-05 09:20:17.877+01	2
625	XMB2XCODE	\N	2895	2008-11-05 09:20:17.877+01	2
626	XMB2XCODE	\N	3171	2008-11-05 09:20:17.877+01	2
627	XMB2XCODE	\N	2919	2008-11-05 09:20:17.877+01	2
628	XMB2XCODE	\N	3198	2008-11-05 09:20:17.877+01	2
629	XMB2XCODE	\N	2946	2008-11-05 09:20:17.877+01	2
630	XMB2XCODE	\N	3222	2008-11-05 09:20:17.877+01	2
631	XMB2XCODE	\N	2970	2008-11-05 09:20:17.877+01	2
632	XMB2XCODE	\N	3246	2008-11-05 09:20:17.877+01	2
633	XMB2XCODE	\N	2994	2008-11-05 09:20:17.877+01	2
634	XMB2XCODE	\N	3270	2008-11-05 09:20:17.877+01	2
635	XMB2XCODE	\N	3021	2008-11-05 09:20:17.877+01	2
636	XMB2XCODE	\N	3294	2008-11-05 09:20:17.877+01	2
637	XMB2XCODE	\N	3045	2008-11-05 09:20:17.877+01	2
638	XMB2XCODE	\N	3336	2008-11-05 09:20:17.877+01	2
641	CL-3V	\N	19	2008-11-05 09:21:44.03+01	2
642	CL-3V	\N	18	2008-11-05 09:21:44.03+01	2
643	B1B3	\N	19	2008-11-05 09:22:24.274+01	2
644	B1B3	\N	18	2008-11-05 09:22:24.274+01	2
645	C1	\N	19	2008-11-05 09:22:24.898+01	2
646	C2	\N	18	2008-11-05 09:22:25.507+01	2
647	C3	\N	18	2008-11-05 09:22:26.038+01	2
652	BATCH-CODE	\N	972	2008-11-05 09:22:27.63+01	2
653	BATCH-CODE	\N	973	2008-11-05 09:22:27.63+01	2
654	BATCH-CODE	\N	974	2008-11-05 09:22:27.63+01	2
655	BATCH-CODE	\N	975	2008-11-05 09:22:27.63+01	2
656	BATCH-CODE	\N	977	2008-11-05 09:22:28.301+01	2
