1	CL1	\N	\N	5	2008-11-05 09:18:19.915+01	2	\N	\N	\N	1	\N	2009-03-18 10:50:19.475958+01
2	A01	\N	\N	6	2008-11-05 09:18:19.915+01	2	\N	\N	\N	1	1	2009-03-18 10:50:19.475958+01
3	A03	\N	\N	6	2008-11-05 09:18:19.915+01	2	\N	\N	\N	1	1	2009-03-18 10:50:19.475958+01
5	A03	\N	\N	6	2008-11-05 09:19:48.718+01	2	\N	\N	\N	1	4	2009-03-18 10:50:19.475958+01
6	A04	\N	\N	6	2008-11-05 09:19:48.718+01	2	\N	\N	\N	1	4	2009-03-18 10:50:19.475958+01
7	A05	\N	\N	6	2008-11-05 09:19:48.718+01	2	\N	\N	\N	1	4	2009-03-18 10:50:19.475958+01
8	A06	\N	\N	6	2008-11-05 09:19:48.718+01	2	\N	\N	\N	1	4	2009-03-18 10:50:19.475958+01
9	A07	\N	\N	6	2008-11-05 09:19:48.718+01	2	\N	\N	\N	1	4	2009-03-18 10:50:19.475958+01
10	A08	\N	\N	6	2008-11-05 09:19:48.718+01	2	\N	\N	\N	1	4	2009-03-18 10:50:19.475958+01
11	A09	\N	\N	6	2008-11-05 09:19:48.718+01	2	\N	\N	\N	1	4	2009-03-18 10:50:19.475958+01
12	A10	\N	\N	6	2008-11-05 09:19:48.718+01	2	\N	\N	\N	1	4	2009-03-18 10:50:19.475958+01
13	A11	\N	\N	6	2008-11-05 09:19:48.718+01	2	\N	\N	\N	1	4	2009-03-18 10:50:19.475958+01
14	A12	\N	\N	6	2008-11-05 09:19:48.718+01	2	\N	\N	\N	1	4	2009-03-18 10:50:19.475958+01
15	A13	\N	\N	6	2008-11-05 09:19:48.718+01	2	\N	\N	\N	1	4	2009-03-18 10:50:19.475958+01
16	A14	\N	\N	6	2008-11-05 09:19:48.718+01	2	\N	\N	\N	1	4	2009-03-18 10:50:19.475958+01
17	A15	\N	\N	6	2008-11-05 09:19:48.718+01	2	\N	\N	\N	1	4	2009-03-18 10:50:19.475958+01
18	A16	\N	\N	6	2008-11-05 09:19:48.718+01	2	\N	\N	\N	1	4	2009-03-18 10:50:19.475958+01
19	A17	\N	\N	6	2008-11-05 09:19:48.718+01	2	\N	\N	\N	1	4	2009-03-18 10:50:19.475958+01
20	A18	\N	\N	6	2008-11-05 09:19:48.718+01	2	\N	\N	\N	1	4	2009-03-18 10:50:19.475958+01
21	A19	\N	\N	6	2008-11-05 09:19:48.718+01	2	\N	\N	\N	1	4	2009-03-18 10:50:19.475958+01
22	A20	\N	\N	6	2008-11-05 09:19:48.718+01	2	\N	\N	\N	1	4	2009-03-18 10:50:19.475958+01
23	A21	\N	\N	6	2008-11-05 09:19:48.718+01	2	\N	\N	\N	1	4	2009-03-18 10:50:19.475958+01
24	A22	\N	\N	6	2008-11-05 09:19:48.718+01	2	\N	\N	\N	1	4	2009-03-18 10:50:19.475958+01
25	B03	\N	\N	6	2008-11-05 09:19:48.718+01	2	\N	\N	\N	1	4	2009-03-18 10:50:19.475958+01
26	B04	\N	\N	6	2008-11-05 09:19:48.718+01	2	\N	\N	\N	1	4	2009-03-18 10:50:19.475958+01
27	B05	\N	\N	6	2008-11-05 09:19:48.718+01	2	\N	\N	\N	1	4	2009-03-18 10:50:19.475958+01
28	B06	\N	\N	6	2008-11-05 09:19:48.718+01	2	\N	\N	\N	1	4	2009-03-18 10:50:19.475958+01
29	B07	\N	\N	6	2008-11-05 09:19:48.718+01	2	\N	\N	\N	1	4	2009-03-18 10:50:19.475958+01
30	B08	\N	\N	6	2008-11-05 09:19:48.718+01	2	\N	\N	\N	1	4	2009-03-18 10:50:19.475958+01
31	B09	\N	\N	6	2008-11-05 09:19:48.718+01	2	\N	\N	\N	1	4	2009-03-18 10:50:19.475958+01
32	B10	\N	\N	6	2008-11-05 09:19:48.718+01	2	\N	\N	\N	1	4	2009-03-18 10:50:19.475958+01
33	B11	\N	\N	6	2008-11-05 09:19:48.718+01	2	\N	\N	\N	1	4	2009-03-18 10:50:19.475958+01
34	B12	\N	\N	6	2008-11-05 09:19:48.718+01	2	\N	\N	\N	1	4	2009-03-18 10:50:19.475958+01
35	B13	\N	\N	6	2008-11-05 09:19:48.718+01	2	\N	\N	\N	1	4	2009-03-18 10:50:19.475958+01
36	B14	\N	\N	6	2008-11-05 09:19:48.718+01	2	\N	\N	\N	1	4	2009-03-18 10:50:19.475958+01
37	B15	\N	\N	6	2008-11-05 09:19:48.718+01	2	\N	\N	\N	1	4	2009-03-18 10:50:19.475958+01
38	B16	\N	\N	6	2008-11-05 09:19:48.718+01	2	\N	\N	\N	1	4	2009-03-18 10:50:19.475958+01
39	B17	\N	\N	6	2008-11-05 09:19:48.718+01	2	\N	\N	\N	1	4	2009-03-18 10:50:19.475958+01
40	B18	\N	\N	6	2008-11-05 09:19:48.718+01	2	\N	\N	\N	1	4	2009-03-18 10:50:19.475958+01
41	B19	\N	\N	6	2008-11-05 09:19:48.718+01	2	\N	\N	\N	1	4	2009-03-18 10:50:19.475958+01
42	B20	\N	\N	6	2008-11-05 09:19:48.718+01	2	\N	\N	\N	1	4	2009-03-18 10:50:19.475958+01
43	B21	\N	\N	6	2008-11-05 09:19:48.718+01	2	\N	\N	\N	1	4	2009-03-18 10:50:19.475958+01
44	B22	\N	\N	6	2008-11-05 09:19:48.718+01	2	\N	\N	\N	1	4	2009-03-18 10:50:19.475958+01
45	C03	\N	\N	6	2008-11-05 09:19:48.718+01	2	\N	\N	\N	1	4	2009-03-18 10:50:19.475958+01
46	C04	\N	\N	6	2008-11-05 09:19:48.718+01	2	\N	\N	\N	1	4	2009-03-18 10:50:19.475958+01
47	C05	\N	\N	6	2008-11-05 09:19:48.718+01	2	\N	\N	\N	1	4	2009-03-18 10:50:19.475958+01
48	C06	\N	\N	6	2008-11-05 09:19:48.718+01	2	\N	\N	\N	1	4	2009-03-18 10:50:19.475958+01
49	C07	\N	\N	6	2008-11-05 09:19:48.718+01	2	\N	\N	\N	1	4	2009-03-18 10:50:19.475958+01
50	C08	\N	\N	6	2008-11-05 09:19:48.718+01	2	\N	\N	\N	1	4	2009-03-18 10:50:19.475958+01
51	C09	\N	\N	6	2008-11-05 09:19:48.718+01	2	\N	\N	\N	1	4	2009-03-18 10:50:19.475958+01
52	C10	\N	\N	6	2008-11-05 09:19:48.718+01	2	\N	\N	\N	1	4	2009-03-18 10:50:19.475958+01
53	C11	\N	\N	6	2008-11-05 09:19:48.718+01	2	\N	\N	\N	1	4	2009-03-18 10:50:19.475958+01
54	C12	\N	\N	6	2008-11-05 09:19:48.718+01	2	\N	\N	\N	1	4	2009-03-18 10:50:19.475958+01
55	C13	\N	\N	6	2008-11-05 09:19:48.718+01	2	\N	\N	\N	1	4	2009-03-18 10:50:19.475958+01
56	C14	\N	\N	6	2008-11-05 09:19:48.718+01	2	\N	\N	\N	1	4	2009-03-18 10:50:19.475958+01
57	C15	\N	\N	6	2008-11-05 09:19:48.718+01	2	\N	\N	\N	1	4	2009-03-18 10:50:19.475958+01
58	C16	\N	\N	6	2008-11-05 09:19:48.718+01	2	\N	\N	\N	1	4	2009-03-18 10:50:19.475958+01
59	C17	\N	\N	6	2008-11-05 09:19:48.718+01	2	\N	\N	\N	1	4	2009-03-18 10:50:19.475958+01
60	C18	\N	\N	6	2008-11-05 09:19:48.718+01	2	\N	\N	\N	1	4	2009-03-18 10:50:19.475958+01
61	C19	\N	\N	6	2008-11-05 09:19:48.718+01	2	\N	\N	\N	1	4	2009-03-18 10:50:19.475958+01
62	C20	\N	\N	6	2008-11-05 09:19:48.718+01	2	\N	\N	\N	1	4	2009-03-18 10:50:19.475958+01
63	C21	\N	\N	6	2008-11-05 09:19:48.718+01	2	\N	\N	\N	1	4	2009-03-18 10:50:19.475958+01
64	C22	\N	\N	6	2008-11-05 09:19:48.718+01	2	\N	\N	\N	1	4	2009-03-18 10:50:19.475958+01
65	D03	\N	\N	6	2008-11-05 09:19:48.718+01	2	\N	\N	\N	1	4	2009-03-18 10:50:19.475958+01
66	D04	\N	\N	6	2008-11-05 09:19:48.718+01	2	\N	\N	\N	1	4	2009-03-18 10:50:19.475958+01
67	D05	\N	\N	6	2008-11-05 09:19:48.718+01	2	\N	\N	\N	1	4	2009-03-18 10:50:19.475958+01
68	D06	\N	\N	6	2008-11-05 09:19:48.718+01	2	\N	\N	\N	1	4	2009-03-18 10:50:19.475958+01
69	D07	\N	\N	6	2008-11-05 09:19:48.718+01	2	\N	\N	\N	1	4	2009-03-18 10:50:19.475958+01
70	D08	\N	\N	6	2008-11-05 09:19:48.718+01	2	\N	\N	\N	1	4	2009-03-18 10:50:19.475958+01
71	D09	\N	\N	6	2008-11-05 09:19:48.718+01	2	\N	\N	\N	1	4	2009-03-18 10:50:19.475958+01
72	D10	\N	\N	6	2008-11-05 09:19:48.718+01	2	\N	\N	\N	1	4	2009-03-18 10:50:19.475958+01
73	D11	\N	\N	6	2008-11-05 09:19:48.718+01	2	\N	\N	\N	1	4	2009-03-18 10:50:19.475958+01
74	D12	\N	\N	6	2008-11-05 09:19:48.718+01	2	\N	\N	\N	1	4	2009-03-18 10:50:19.475958+01
75	D13	\N	\N	6	2008-11-05 09:19:48.718+01	2	\N	\N	\N	1	4	2009-03-18 10:50:19.475958+01
76	D14	\N	\N	6	2008-11-05 09:19:48.718+01	2	\N	\N	\N	1	4	2009-03-18 10:50:19.475958+01
77	D15	\N	\N	6	2008-11-05 09:19:48.718+01	2	\N	\N	\N	1	4	2009-03-18 10:50:19.475958+01
78	D16	\N	\N	6	2008-11-05 09:19:48.718+01	2	\N	\N	\N	1	4	2009-03-18 10:50:19.475958+01
79	D17	\N	\N	6	2008-11-05 09:19:48.718+01	2	\N	\N	\N	1	4	2009-03-18 10:50:19.475958+01
80	D18	\N	\N	6	2008-11-05 09:19:48.718+01	2	\N	\N	\N	1	4	2009-03-18 10:50:19.475958+01
81	D19	\N	\N	6	2008-11-05 09:19:48.718+01	2	\N	\N	\N	1	4	2009-03-18 10:50:19.475958+01
82	D20	\N	\N	6	2008-11-05 09:19:48.718+01	2	\N	\N	\N	1	4	2009-03-18 10:50:19.475958+01
83	D21	\N	\N	6	2008-11-05 09:19:48.718+01	2	\N	\N	\N	1	4	2009-03-18 10:50:19.475958+01
84	D22	\N	\N	6	2008-11-05 09:19:48.718+01	2	\N	\N	\N	1	4	2009-03-18 10:50:19.475958+01
85	E03	\N	\N	6	2008-11-05 09:19:48.718+01	2	\N	\N	\N	1	4	2009-03-18 10:50:19.475958+01
86	E04	\N	\N	6	2008-11-05 09:19:48.718+01	2	\N	\N	\N	1	4	2009-03-18 10:50:19.475958+01
87	E05	\N	\N	6	2008-11-05 09:19:48.718+01	2	\N	\N	\N	1	4	2009-03-18 10:50:19.475958+01
88	E06	\N	\N	6	2008-11-05 09:19:48.718+01	2	\N	\N	\N	1	4	2009-03-18 10:50:19.475958+01
89	E07	\N	\N	6	2008-11-05 09:19:48.718+01	2	\N	\N	\N	1	4	2009-03-18 10:50:19.475958+01
90	E08	\N	\N	6	2008-11-05 09:19:48.718+01	2	\N	\N	\N	1	4	2009-03-18 10:50:19.475958+01
91	E09	\N	\N	6	2008-11-05 09:19:48.718+01	2	\N	\N	\N	1	4	2009-03-18 10:50:19.475958+01
92	E10	\N	\N	6	2008-11-05 09:19:48.718+01	2	\N	\N	\N	1	4	2009-03-18 10:50:19.475958+01
93	E11	\N	\N	6	2008-11-05 09:19:48.718+01	2	\N	\N	\N	1	4	2009-03-18 10:50:19.475958+01
94	E12	\N	\N	6	2008-11-05 09:19:48.718+01	2	\N	\N	\N	1	4	2009-03-18 10:50:19.475958+01
95	E13	\N	\N	6	2008-11-05 09:19:48.718+01	2	\N	\N	\N	1	4	2009-03-18 10:50:19.475958+01
96	E14	\N	\N	6	2008-11-05 09:19:48.718+01	2	\N	\N	\N	1	4	2009-03-18 10:50:19.475958+01
97	E15	\N	\N	6	2008-11-05 09:19:48.718+01	2	\N	\N	\N	1	4	2009-03-18 10:50:19.475958+01
98	E16	\N	\N	6	2008-11-05 09:19:48.718+01	2	\N	\N	\N	1	4	2009-03-18 10:50:19.475958+01
99	E17	\N	\N	6	2008-11-05 09:19:48.718+01	2	\N	\N	\N	1	4	2009-03-18 10:50:19.475958+01
100	E18	\N	\N	6	2008-11-05 09:19:48.718+01	2	\N	\N	\N	1	4	2009-03-18 10:50:19.475958+01
101	E19	\N	\N	6	2008-11-05 09:19:48.718+01	2	\N	\N	\N	1	4	2009-03-18 10:50:19.475958+01
102	E20	\N	\N	6	2008-11-05 09:19:48.718+01	2	\N	\N	\N	1	4	2009-03-18 10:50:19.475958+01
103	E21	\N	\N	6	2008-11-05 09:19:48.718+01	2	\N	\N	\N	1	4	2009-03-18 10:50:19.475958+01
104	E22	\N	\N	6	2008-11-05 09:19:48.718+01	2	\N	\N	\N	1	4	2009-03-18 10:50:19.475958+01
105	F03	\N	\N	6	2008-11-05 09:19:48.718+01	2	\N	\N	\N	1	4	2009-03-18 10:50:19.475958+01
106	F04	\N	\N	6	2008-11-05 09:19:48.718+01	2	\N	\N	\N	1	4	2009-03-18 10:50:19.475958+01
107	F05	\N	\N	6	2008-11-05 09:19:48.718+01	2	\N	\N	\N	1	4	2009-03-18 10:50:19.475958+01
108	F06	\N	\N	6	2008-11-05 09:19:48.718+01	2	\N	\N	\N	1	4	2009-03-18 10:50:19.475958+01
109	F07	\N	\N	6	2008-11-05 09:19:48.718+01	2	\N	\N	\N	1	4	2009-03-18 10:50:19.475958+01
110	F08	\N	\N	6	2008-11-05 09:19:48.718+01	2	\N	\N	\N	1	4	2009-03-18 10:50:19.475958+01
111	F09	\N	\N	6	2008-11-05 09:19:48.718+01	2	\N	\N	\N	1	4	2009-03-18 10:50:19.475958+01
112	F10	\N	\N	6	2008-11-05 09:19:48.718+01	2	\N	\N	\N	1	4	2009-03-18 10:50:19.475958+01
113	F11	\N	\N	6	2008-11-05 09:19:48.718+01	2	\N	\N	\N	1	4	2009-03-18 10:50:19.475958+01
114	F12	\N	\N	6	2008-11-05 09:19:48.718+01	2	\N	\N	\N	1	4	2009-03-18 10:50:19.475958+01
115	F13	\N	\N	6	2008-11-05 09:19:48.718+01	2	\N	\N	\N	1	4	2009-03-18 10:50:19.475958+01
116	F14	\N	\N	6	2008-11-05 09:19:48.718+01	2	\N	\N	\N	1	4	2009-03-18 10:50:19.475958+01
117	F15	\N	\N	6	2008-11-05 09:19:48.718+01	2	\N	\N	\N	1	4	2009-03-18 10:50:19.475958+01
118	F16	\N	\N	6	2008-11-05 09:19:48.718+01	2	\N	\N	\N	1	4	2009-03-18 10:50:19.475958+01
119	F17	\N	\N	6	2008-11-05 09:19:48.718+01	2	\N	\N	\N	1	4	2009-03-18 10:50:19.475958+01
120	F18	\N	\N	6	2008-11-05 09:19:48.718+01	2	\N	\N	\N	1	4	2009-03-18 10:50:19.475958+01
121	F19	\N	\N	6	2008-11-05 09:19:48.718+01	2	\N	\N	\N	1	4	2009-03-18 10:50:19.475958+01
122	F20	\N	\N	6	2008-11-05 09:19:48.718+01	2	\N	\N	\N	1	4	2009-03-18 10:50:19.475958+01
123	F21	\N	\N	6	2008-11-05 09:19:48.718+01	2	\N	\N	\N	1	4	2009-03-18 10:50:19.475958+01
124	F22	\N	\N	6	2008-11-05 09:19:48.718+01	2	\N	\N	\N	1	4	2009-03-18 10:50:19.475958+01
125	G03	\N	\N	6	2008-11-05 09:19:48.718+01	2	\N	\N	\N	1	4	2009-03-18 10:50:19.475958+01
126	G04	\N	\N	6	2008-11-05 09:19:48.718+01	2	\N	\N	\N	1	4	2009-03-18 10:50:19.475958+01
127	G05	\N	\N	6	2008-11-05 09:19:48.718+01	2	\N	\N	\N	1	4	2009-03-18 10:50:19.475958+01
128	G06	\N	\N	6	2008-11-05 09:19:48.718+01	2	\N	\N	\N	1	4	2009-03-18 10:50:19.475958+01
129	G07	\N	\N	6	2008-11-05 09:19:48.718+01	2	\N	\N	\N	1	4	2009-03-18 10:50:19.475958+01
130	G08	\N	\N	6	2008-11-05 09:19:48.718+01	2	\N	\N	\N	1	4	2009-03-18 10:50:19.475958+01
131	G09	\N	\N	6	2008-11-05 09:19:48.718+01	2	\N	\N	\N	1	4	2009-03-18 10:50:19.475958+01
132	G10	\N	\N	6	2008-11-05 09:19:48.718+01	2	\N	\N	\N	1	4	2009-03-18 10:50:19.475958+01
133	G11	\N	\N	6	2008-11-05 09:19:48.718+01	2	\N	\N	\N	1	4	2009-03-18 10:50:19.475958+01
134	G12	\N	\N	6	2008-11-05 09:19:48.718+01	2	\N	\N	\N	1	4	2009-03-18 10:50:19.475958+01
135	G13	\N	\N	6	2008-11-05 09:19:48.718+01	2	\N	\N	\N	1	4	2009-03-18 10:50:19.475958+01
136	G14	\N	\N	6	2008-11-05 09:19:48.718+01	2	\N	\N	\N	1	4	2009-03-18 10:50:19.475958+01
137	G15	\N	\N	6	2008-11-05 09:19:48.718+01	2	\N	\N	\N	1	4	2009-03-18 10:50:19.475958+01
138	G16	\N	\N	6	2008-11-05 09:19:48.718+01	2	\N	\N	\N	1	4	2009-03-18 10:50:19.475958+01
139	G17	\N	\N	6	2008-11-05 09:19:48.718+01	2	\N	\N	\N	1	4	2009-03-18 10:50:19.475958+01
140	G18	\N	\N	6	2008-11-05 09:19:48.718+01	2	\N	\N	\N	1	4	2009-03-18 10:50:19.475958+01
141	G19	\N	\N	6	2008-11-05 09:19:48.718+01	2	\N	\N	\N	1	4	2009-03-18 10:50:19.475958+01
142	G20	\N	\N	6	2008-11-05 09:19:48.718+01	2	\N	\N	\N	1	4	2009-03-18 10:50:19.475958+01
143	G21	\N	\N	6	2008-11-05 09:19:48.718+01	2	\N	\N	\N	1	4	2009-03-18 10:50:19.475958+01
144	G22	\N	\N	6	2008-11-05 09:19:48.718+01	2	\N	\N	\N	1	4	2009-03-18 10:50:19.475958+01
145	H03	\N	\N	6	2008-11-05 09:19:48.718+01	2	\N	\N	\N	1	4	2009-03-18 10:50:19.475958+01
146	H04	\N	\N	6	2008-11-05 09:19:48.718+01	2	\N	\N	\N	1	4	2009-03-18 10:50:19.475958+01
147	H05	\N	\N	6	2008-11-05 09:19:48.718+01	2	\N	\N	\N	1	4	2009-03-18 10:50:19.475958+01
148	H06	\N	\N	6	2008-11-05 09:19:48.718+01	2	\N	\N	\N	1	4	2009-03-18 10:50:19.475958+01
149	H07	\N	\N	6	2008-11-05 09:19:48.718+01	2	\N	\N	\N	1	4	2009-03-18 10:50:19.475958+01
150	H08	\N	\N	6	2008-11-05 09:19:48.718+01	2	\N	\N	\N	1	4	2009-03-18 10:50:19.475958+01
151	H09	\N	\N	6	2008-11-05 09:19:48.718+01	2	\N	\N	\N	1	4	2009-03-18 10:50:19.475958+01
152	H10	\N	\N	6	2008-11-05 09:19:48.718+01	2	\N	\N	\N	1	4	2009-03-18 10:50:19.475958+01
153	H11	\N	\N	6	2008-11-05 09:19:48.718+01	2	\N	\N	\N	1	4	2009-03-18 10:50:19.475958+01
154	H12	\N	\N	6	2008-11-05 09:19:48.718+01	2	\N	\N	\N	1	4	2009-03-18 10:50:19.475958+01
155	H13	\N	\N	6	2008-11-05 09:19:48.718+01	2	\N	\N	\N	1	4	2009-03-18 10:50:19.475958+01
156	H14	\N	\N	6	2008-11-05 09:19:48.718+01	2	\N	\N	\N	1	4	2009-03-18 10:50:19.475958+01
157	H15	\N	\N	6	2008-11-05 09:19:48.718+01	2	\N	\N	\N	1	4	2009-03-18 10:50:19.475958+01
158	H16	\N	\N	6	2008-11-05 09:19:48.718+01	2	\N	\N	\N	1	4	2009-03-18 10:50:19.475958+01
159	H17	\N	\N	6	2008-11-05 09:19:48.718+01	2	\N	\N	\N	1	4	2009-03-18 10:50:19.475958+01
160	H18	\N	\N	6	2008-11-05 09:19:48.718+01	2	\N	\N	\N	1	4	2009-03-18 10:50:19.475958+01
161	H19	\N	\N	6	2008-11-05 09:19:48.718+01	2	\N	\N	\N	1	4	2009-03-18 10:50:19.475958+01
162	H20	\N	\N	6	2008-11-05 09:19:48.718+01	2	\N	\N	\N	1	4	2009-03-18 10:50:19.475958+01
163	H21	\N	\N	6	2008-11-05 09:19:48.718+01	2	\N	\N	\N	1	4	2009-03-18 10:50:19.475958+01
164	H22	\N	\N	6	2008-11-05 09:19:48.718+01	2	\N	\N	\N	1	4	2009-03-18 10:50:19.475958+01
165	I03	\N	\N	6	2008-11-05 09:19:48.718+01	2	\N	\N	\N	1	4	2009-03-18 10:50:19.475958+01
166	I04	\N	\N	6	2008-11-05 09:19:48.718+01	2	\N	\N	\N	1	4	2009-03-18 10:50:19.475958+01
167	I05	\N	\N	6	2008-11-05 09:19:48.718+01	2	\N	\N	\N	1	4	2009-03-18 10:50:19.475958+01
168	I06	\N	\N	6	2008-11-05 09:19:48.718+01	2	\N	\N	\N	1	4	2009-03-18 10:50:19.475958+01
169	I07	\N	\N	6	2008-11-05 09:19:48.718+01	2	\N	\N	\N	1	4	2009-03-18 10:50:19.475958+01
170	I08	\N	\N	6	2008-11-05 09:19:48.718+01	2	\N	\N	\N	1	4	2009-03-18 10:50:19.475958+01
171	I09	\N	\N	6	2008-11-05 09:19:48.718+01	2	\N	\N	\N	1	4	2009-03-18 10:50:19.475958+01
172	I10	\N	\N	6	2008-11-05 09:19:48.718+01	2	\N	\N	\N	1	4	2009-03-18 10:50:19.475958+01
173	I11	\N	\N	6	2008-11-05 09:19:48.718+01	2	\N	\N	\N	1	4	2009-03-18 10:50:19.475958+01
174	I12	\N	\N	6	2008-11-05 09:19:48.718+01	2	\N	\N	\N	1	4	2009-03-18 10:50:19.475958+01
175	I13	\N	\N	6	2008-11-05 09:19:48.718+01	2	\N	\N	\N	1	4	2009-03-18 10:50:19.475958+01
176	I14	\N	\N	6	2008-11-05 09:19:48.718+01	2	\N	\N	\N	1	4	2009-03-18 10:50:19.475958+01
177	I15	\N	\N	6	2008-11-05 09:19:48.718+01	2	\N	\N	\N	1	4	2009-03-18 10:50:19.475958+01
178	I16	\N	\N	6	2008-11-05 09:19:48.718+01	2	\N	\N	\N	1	4	2009-03-18 10:50:19.475958+01
179	I17	\N	\N	6	2008-11-05 09:19:48.718+01	2	\N	\N	\N	1	4	2009-03-18 10:50:19.475958+01
180	I18	\N	\N	6	2008-11-05 09:19:48.718+01	2	\N	\N	\N	1	4	2009-03-18 10:50:19.475958+01
181	I19	\N	\N	6	2008-11-05 09:19:48.718+01	2	\N	\N	\N	1	4	2009-03-18 10:50:19.475958+01
182	I20	\N	\N	6	2008-11-05 09:19:48.718+01	2	\N	\N	\N	1	4	2009-03-18 10:50:19.475958+01
183	I21	\N	\N	6	2008-11-05 09:19:48.718+01	2	\N	\N	\N	1	4	2009-03-18 10:50:19.475958+01
184	I22	\N	\N	6	2008-11-05 09:19:48.718+01	2	\N	\N	\N	1	4	2009-03-18 10:50:19.475958+01
185	J03	\N	\N	6	2008-11-05 09:19:48.718+01	2	\N	\N	\N	1	4	2009-03-18 10:50:19.475958+01
186	J04	\N	\N	6	2008-11-05 09:19:48.718+01	2	\N	\N	\N	1	4	2009-03-18 10:50:19.475958+01
187	J05	\N	\N	6	2008-11-05 09:19:48.718+01	2	\N	\N	\N	1	4	2009-03-18 10:50:19.475958+01
188	J06	\N	\N	6	2008-11-05 09:19:48.718+01	2	\N	\N	\N	1	4	2009-03-18 10:50:19.475958+01
189	J07	\N	\N	6	2008-11-05 09:19:48.718+01	2	\N	\N	\N	1	4	2009-03-18 10:50:19.475958+01
190	J08	\N	\N	6	2008-11-05 09:19:48.718+01	2	\N	\N	\N	1	4	2009-03-18 10:50:19.475958+01
191	J09	\N	\N	6	2008-11-05 09:19:48.718+01	2	\N	\N	\N	1	4	2009-03-18 10:50:19.475958+01
192	J10	\N	\N	6	2008-11-05 09:19:48.718+01	2	\N	\N	\N	1	4	2009-03-18 10:50:19.475958+01
193	J11	\N	\N	6	2008-11-05 09:19:48.718+01	2	\N	\N	\N	1	4	2009-03-18 10:50:19.475958+01
194	J12	\N	\N	6	2008-11-05 09:19:48.718+01	2	\N	\N	\N	1	4	2009-03-18 10:50:19.475958+01
195	J13	\N	\N	6	2008-11-05 09:19:48.718+01	2	\N	\N	\N	1	4	2009-03-18 10:50:19.475958+01
196	J14	\N	\N	6	2008-11-05 09:19:48.718+01	2	\N	\N	\N	1	4	2009-03-18 10:50:19.475958+01
197	J15	\N	\N	6	2008-11-05 09:19:48.718+01	2	\N	\N	\N	1	4	2009-03-18 10:50:19.475958+01
198	J16	\N	\N	6	2008-11-05 09:19:48.718+01	2	\N	\N	\N	1	4	2009-03-18 10:50:19.475958+01
199	J17	\N	\N	6	2008-11-05 09:19:48.718+01	2	\N	\N	\N	1	4	2009-03-18 10:50:19.475958+01
200	J18	\N	\N	6	2008-11-05 09:19:48.718+01	2	\N	\N	\N	1	4	2009-03-18 10:50:19.475958+01
201	J19	\N	\N	6	2008-11-05 09:19:48.718+01	2	\N	\N	\N	1	4	2009-03-18 10:50:19.475958+01
202	J20	\N	\N	6	2008-11-05 09:19:48.718+01	2	\N	\N	\N	1	4	2009-03-18 10:50:19.475958+01
203	J21	\N	\N	6	2008-11-05 09:19:48.718+01	2	\N	\N	\N	1	4	2009-03-18 10:50:19.475958+01
204	J22	\N	\N	6	2008-11-05 09:19:48.718+01	2	\N	\N	\N	1	4	2009-03-18 10:50:19.475958+01
205	K03	\N	\N	6	2008-11-05 09:19:48.718+01	2	\N	\N	\N	1	4	2009-03-18 10:50:19.475958+01
206	K04	\N	\N	6	2008-11-05 09:19:48.718+01	2	\N	\N	\N	1	4	2009-03-18 10:50:19.475958+01
207	K05	\N	\N	6	2008-11-05 09:19:48.718+01	2	\N	\N	\N	1	4	2009-03-18 10:50:19.475958+01
208	K06	\N	\N	6	2008-11-05 09:19:48.718+01	2	\N	\N	\N	1	4	2009-03-18 10:50:19.475958+01
209	K07	\N	\N	6	2008-11-05 09:19:48.718+01	2	\N	\N	\N	1	4	2009-03-18 10:50:19.475958+01
210	K08	\N	\N	6	2008-11-05 09:19:48.718+01	2	\N	\N	\N	1	4	2009-03-18 10:50:19.475958+01
211	K09	\N	\N	6	2008-11-05 09:19:48.718+01	2	\N	\N	\N	1	4	2009-03-18 10:50:19.475958+01
212	K10	\N	\N	6	2008-11-05 09:19:48.718+01	2	\N	\N	\N	1	4	2009-03-18 10:50:19.475958+01
213	K11	\N	\N	6	2008-11-05 09:19:48.718+01	2	\N	\N	\N	1	4	2009-03-18 10:50:19.475958+01
214	K12	\N	\N	6	2008-11-05 09:19:48.718+01	2	\N	\N	\N	1	4	2009-03-18 10:50:19.475958+01
215	K13	\N	\N	6	2008-11-05 09:19:48.718+01	2	\N	\N	\N	1	4	2009-03-18 10:50:19.475958+01
216	K14	\N	\N	6	2008-11-05 09:19:48.718+01	2	\N	\N	\N	1	4	2009-03-18 10:50:19.475958+01
217	K15	\N	\N	6	2008-11-05 09:19:48.718+01	2	\N	\N	\N	1	4	2009-03-18 10:50:19.475958+01
218	K16	\N	\N	6	2008-11-05 09:19:48.718+01	2	\N	\N	\N	1	4	2009-03-18 10:50:19.475958+01
219	K17	\N	\N	6	2008-11-05 09:19:48.718+01	2	\N	\N	\N	1	4	2009-03-18 10:50:19.475958+01
220	K18	\N	\N	6	2008-11-05 09:19:48.718+01	2	\N	\N	\N	1	4	2009-03-18 10:50:19.475958+01
221	K19	\N	\N	6	2008-11-05 09:19:48.718+01	2	\N	\N	\N	1	4	2009-03-18 10:50:19.475958+01
222	K20	\N	\N	6	2008-11-05 09:19:48.718+01	2	\N	\N	\N	1	4	2009-03-18 10:50:19.475958+01
223	K21	\N	\N	6	2008-11-05 09:19:48.718+01	2	\N	\N	\N	1	4	2009-03-18 10:50:19.475958+01
224	K22	\N	\N	6	2008-11-05 09:19:48.718+01	2	\N	\N	\N	1	4	2009-03-18 10:50:19.475958+01
225	L03	\N	\N	6	2008-11-05 09:19:48.718+01	2	\N	\N	\N	1	4	2009-03-18 10:50:19.475958+01
226	L04	\N	\N	6	2008-11-05 09:19:48.718+01	2	\N	\N	\N	1	4	2009-03-18 10:50:19.475958+01
227	L05	\N	\N	6	2008-11-05 09:19:48.718+01	2	\N	\N	\N	1	4	2009-03-18 10:50:19.475958+01
228	L06	\N	\N	6	2008-11-05 09:19:48.718+01	2	\N	\N	\N	1	4	2009-03-18 10:50:19.475958+01
229	L07	\N	\N	6	2008-11-05 09:19:48.718+01	2	\N	\N	\N	1	4	2009-03-18 10:50:19.475958+01
230	L08	\N	\N	6	2008-11-05 09:19:48.718+01	2	\N	\N	\N	1	4	2009-03-18 10:50:19.475958+01
231	L09	\N	\N	6	2008-11-05 09:19:48.718+01	2	\N	\N	\N	1	4	2009-03-18 10:50:19.475958+01
232	L10	\N	\N	6	2008-11-05 09:19:48.718+01	2	\N	\N	\N	1	4	2009-03-18 10:50:19.475958+01
233	L11	\N	\N	6	2008-11-05 09:19:48.718+01	2	\N	\N	\N	1	4	2009-03-18 10:50:19.475958+01
234	L12	\N	\N	6	2008-11-05 09:19:48.718+01	2	\N	\N	\N	1	4	2009-03-18 10:50:19.475958+01
235	L13	\N	\N	6	2008-11-05 09:19:48.718+01	2	\N	\N	\N	1	4	2009-03-18 10:50:19.475958+01
236	L14	\N	\N	6	2008-11-05 09:19:48.718+01	2	\N	\N	\N	1	4	2009-03-18 10:50:19.475958+01
237	L15	\N	\N	6	2008-11-05 09:19:48.718+01	2	\N	\N	\N	1	4	2009-03-18 10:50:19.475958+01
238	L16	\N	\N	6	2008-11-05 09:19:48.718+01	2	\N	\N	\N	1	4	2009-03-18 10:50:19.475958+01
239	L17	\N	\N	6	2008-11-05 09:19:48.718+01	2	\N	\N	\N	1	4	2009-03-18 10:50:19.475958+01
240	L18	\N	\N	6	2008-11-05 09:19:48.718+01	2	\N	\N	\N	1	4	2009-03-18 10:50:19.475958+01
241	L19	\N	\N	6	2008-11-05 09:19:48.718+01	2	\N	\N	\N	1	4	2009-03-18 10:50:19.475958+01
242	L20	\N	\N	6	2008-11-05 09:19:48.718+01	2	\N	\N	\N	1	4	2009-03-18 10:50:19.475958+01
243	L21	\N	\N	6	2008-11-05 09:19:48.718+01	2	\N	\N	\N	1	4	2009-03-18 10:50:19.475958+01
244	L22	\N	\N	6	2008-11-05 09:19:48.718+01	2	\N	\N	\N	1	4	2009-03-18 10:50:19.475958+01
245	M03	\N	\N	6	2008-11-05 09:19:48.718+01	2	\N	\N	\N	1	4	2009-03-18 10:50:19.475958+01
246	M04	\N	\N	6	2008-11-05 09:19:48.718+01	2	\N	\N	\N	1	4	2009-03-18 10:50:19.475958+01
247	M05	\N	\N	6	2008-11-05 09:19:48.718+01	2	\N	\N	\N	1	4	2009-03-18 10:50:19.475958+01
248	M06	\N	\N	6	2008-11-05 09:19:48.718+01	2	\N	\N	\N	1	4	2009-03-18 10:50:19.475958+01
249	M07	\N	\N	6	2008-11-05 09:19:48.718+01	2	\N	\N	\N	1	4	2009-03-18 10:50:19.475958+01
250	M08	\N	\N	6	2008-11-05 09:19:48.718+01	2	\N	\N	\N	1	4	2009-03-18 10:50:19.475958+01
251	M09	\N	\N	6	2008-11-05 09:19:48.718+01	2	\N	\N	\N	1	4	2009-03-18 10:50:19.475958+01
252	M10	\N	\N	6	2008-11-05 09:19:48.718+01	2	\N	\N	\N	1	4	2009-03-18 10:50:19.475958+01
253	M11	\N	\N	6	2008-11-05 09:19:48.718+01	2	\N	\N	\N	1	4	2009-03-18 10:50:19.475958+01
254	M12	\N	\N	6	2008-11-05 09:19:48.718+01	2	\N	\N	\N	1	4	2009-03-18 10:50:19.475958+01
255	M13	\N	\N	6	2008-11-05 09:19:48.718+01	2	\N	\N	\N	1	4	2009-03-18 10:50:19.475958+01
256	M14	\N	\N	6	2008-11-05 09:19:48.718+01	2	\N	\N	\N	1	4	2009-03-18 10:50:19.475958+01
257	M15	\N	\N	6	2008-11-05 09:19:48.718+01	2	\N	\N	\N	1	4	2009-03-18 10:50:19.475958+01
258	M16	\N	\N	6	2008-11-05 09:19:48.718+01	2	\N	\N	\N	1	4	2009-03-18 10:50:19.475958+01
259	M17	\N	\N	6	2008-11-05 09:19:48.718+01	2	\N	\N	\N	1	4	2009-03-18 10:50:19.475958+01
260	M18	\N	\N	6	2008-11-05 09:19:48.718+01	2	\N	\N	\N	1	4	2009-03-18 10:50:19.475958+01
261	M19	\N	\N	6	2008-11-05 09:19:48.718+01	2	\N	\N	\N	1	4	2009-03-18 10:50:19.475958+01
262	M20	\N	\N	6	2008-11-05 09:19:48.718+01	2	\N	\N	\N	1	4	2009-03-18 10:50:19.475958+01
263	M21	\N	\N	6	2008-11-05 09:19:48.718+01	2	\N	\N	\N	1	4	2009-03-18 10:50:19.475958+01
264	M22	\N	\N	6	2008-11-05 09:19:48.718+01	2	\N	\N	\N	1	4	2009-03-18 10:50:19.475958+01
265	N03	\N	\N	6	2008-11-05 09:19:48.718+01	2	\N	\N	\N	1	4	2009-03-18 10:50:19.475958+01
266	N04	\N	\N	6	2008-11-05 09:19:48.718+01	2	\N	\N	\N	1	4	2009-03-18 10:50:19.475958+01
267	N05	\N	\N	6	2008-11-05 09:19:48.718+01	2	\N	\N	\N	1	4	2009-03-18 10:50:19.475958+01
268	N06	\N	\N	6	2008-11-05 09:19:48.718+01	2	\N	\N	\N	1	4	2009-03-18 10:50:19.475958+01
269	N07	\N	\N	6	2008-11-05 09:19:48.718+01	2	\N	\N	\N	1	4	2009-03-18 10:50:19.475958+01
270	N08	\N	\N	6	2008-11-05 09:19:48.718+01	2	\N	\N	\N	1	4	2009-03-18 10:50:19.475958+01
271	N09	\N	\N	6	2008-11-05 09:19:48.718+01	2	\N	\N	\N	1	4	2009-03-18 10:50:19.475958+01
272	N10	\N	\N	6	2008-11-05 09:19:48.718+01	2	\N	\N	\N	1	4	2009-03-18 10:50:19.475958+01
273	N11	\N	\N	6	2008-11-05 09:19:48.718+01	2	\N	\N	\N	1	4	2009-03-18 10:50:19.475958+01
274	N12	\N	\N	6	2008-11-05 09:19:48.718+01	2	\N	\N	\N	1	4	2009-03-18 10:50:19.475958+01
275	N13	\N	\N	6	2008-11-05 09:19:48.718+01	2	\N	\N	\N	1	4	2009-03-18 10:50:19.475958+01
276	N14	\N	\N	6	2008-11-05 09:19:48.718+01	2	\N	\N	\N	1	4	2009-03-18 10:50:19.475958+01
277	N15	\N	\N	6	2008-11-05 09:19:48.718+01	2	\N	\N	\N	1	4	2009-03-18 10:50:19.475958+01
278	N16	\N	\N	6	2008-11-05 09:19:48.718+01	2	\N	\N	\N	1	4	2009-03-18 10:50:19.475958+01
279	N17	\N	\N	6	2008-11-05 09:19:48.718+01	2	\N	\N	\N	1	4	2009-03-18 10:50:19.475958+01
280	N18	\N	\N	6	2008-11-05 09:19:48.718+01	2	\N	\N	\N	1	4	2009-03-18 10:50:19.475958+01
281	N19	\N	\N	6	2008-11-05 09:19:48.718+01	2	\N	\N	\N	1	4	2009-03-18 10:50:19.475958+01
282	N20	\N	\N	6	2008-11-05 09:19:48.718+01	2	\N	\N	\N	1	4	2009-03-18 10:50:19.475958+01
283	N21	\N	\N	6	2008-11-05 09:19:48.718+01	2	\N	\N	\N	1	4	2009-03-18 10:50:19.475958+01
284	N22	\N	\N	6	2008-11-05 09:19:48.718+01	2	\N	\N	\N	1	4	2009-03-18 10:50:19.475958+01
285	O03	\N	\N	6	2008-11-05 09:19:48.718+01	2	\N	\N	\N	1	4	2009-03-18 10:50:19.475958+01
286	O04	\N	\N	6	2008-11-05 09:19:48.718+01	2	\N	\N	\N	1	4	2009-03-18 10:50:19.475958+01
287	O05	\N	\N	6	2008-11-05 09:19:48.718+01	2	\N	\N	\N	1	4	2009-03-18 10:50:19.475958+01
288	O06	\N	\N	6	2008-11-05 09:19:48.718+01	2	\N	\N	\N	1	4	2009-03-18 10:50:19.475958+01
289	O07	\N	\N	6	2008-11-05 09:19:48.718+01	2	\N	\N	\N	1	4	2009-03-18 10:50:19.475958+01
290	O08	\N	\N	6	2008-11-05 09:19:48.718+01	2	\N	\N	\N	1	4	2009-03-18 10:50:19.475958+01
291	O09	\N	\N	6	2008-11-05 09:19:48.718+01	2	\N	\N	\N	1	4	2009-03-18 10:50:19.475958+01
292	O10	\N	\N	6	2008-11-05 09:19:48.718+01	2	\N	\N	\N	1	4	2009-03-18 10:50:19.475958+01
293	O11	\N	\N	6	2008-11-05 09:19:48.718+01	2	\N	\N	\N	1	4	2009-03-18 10:50:19.475958+01
294	O12	\N	\N	6	2008-11-05 09:19:48.718+01	2	\N	\N	\N	1	4	2009-03-18 10:50:19.475958+01
295	O13	\N	\N	6	2008-11-05 09:19:48.718+01	2	\N	\N	\N	1	4	2009-03-18 10:50:19.475958+01
296	O14	\N	\N	6	2008-11-05 09:19:48.718+01	2	\N	\N	\N	1	4	2009-03-18 10:50:19.475958+01
297	O15	\N	\N	6	2008-11-05 09:19:48.718+01	2	\N	\N	\N	1	4	2009-03-18 10:50:19.475958+01
298	O16	\N	\N	6	2008-11-05 09:19:48.718+01	2	\N	\N	\N	1	4	2009-03-18 10:50:19.475958+01
299	O17	\N	\N	6	2008-11-05 09:19:48.718+01	2	\N	\N	\N	1	4	2009-03-18 10:50:19.475958+01
300	O18	\N	\N	6	2008-11-05 09:19:48.718+01	2	\N	\N	\N	1	4	2009-03-18 10:50:19.475958+01
301	O19	\N	\N	6	2008-11-05 09:19:48.718+01	2	\N	\N	\N	1	4	2009-03-18 10:50:19.475958+01
302	O20	\N	\N	6	2008-11-05 09:19:48.718+01	2	\N	\N	\N	1	4	2009-03-18 10:50:19.475958+01
303	O21	\N	\N	6	2008-11-05 09:19:48.718+01	2	\N	\N	\N	1	4	2009-03-18 10:50:19.475958+01
304	O22	\N	\N	6	2008-11-05 09:19:48.718+01	2	\N	\N	\N	1	4	2009-03-18 10:50:19.475958+01
305	P03	\N	\N	6	2008-11-05 09:19:48.718+01	2	\N	\N	\N	1	4	2009-03-18 10:50:19.475958+01
306	P04	\N	\N	6	2008-11-05 09:19:48.718+01	2	\N	\N	\N	1	4	2009-03-18 10:50:19.475958+01
307	P05	\N	\N	6	2008-11-05 09:19:48.718+01	2	\N	\N	\N	1	4	2009-03-18 10:50:19.475958+01
308	P06	\N	\N	6	2008-11-05 09:19:48.718+01	2	\N	\N	\N	1	4	2009-03-18 10:50:19.475958+01
309	P07	\N	\N	6	2008-11-05 09:19:48.718+01	2	\N	\N	\N	1	4	2009-03-18 10:50:19.475958+01
310	P08	\N	\N	6	2008-11-05 09:19:48.718+01	2	\N	\N	\N	1	4	2009-03-18 10:50:19.475958+01
311	P09	\N	\N	6	2008-11-05 09:19:48.718+01	2	\N	\N	\N	1	4	2009-03-18 10:50:19.475958+01
312	P10	\N	\N	6	2008-11-05 09:19:48.718+01	2	\N	\N	\N	1	4	2009-03-18 10:50:19.475958+01
313	P11	\N	\N	6	2008-11-05 09:19:48.718+01	2	\N	\N	\N	1	4	2009-03-18 10:50:19.475958+01
314	P12	\N	\N	6	2008-11-05 09:19:48.718+01	2	\N	\N	\N	1	4	2009-03-18 10:50:19.475958+01
315	P13	\N	\N	6	2008-11-05 09:19:48.718+01	2	\N	\N	\N	1	4	2009-03-18 10:50:19.475958+01
316	P14	\N	\N	6	2008-11-05 09:19:48.718+01	2	\N	\N	\N	1	4	2009-03-18 10:50:19.475958+01
317	P15	\N	\N	6	2008-11-05 09:19:48.718+01	2	\N	\N	\N	1	4	2009-03-18 10:50:19.475958+01
318	P16	\N	\N	6	2008-11-05 09:19:48.718+01	2	\N	\N	\N	1	4	2009-03-18 10:50:19.475958+01
319	P17	\N	\N	6	2008-11-05 09:19:48.718+01	2	\N	\N	\N	1	4	2009-03-18 10:50:19.475958+01
320	P18	\N	\N	6	2008-11-05 09:19:48.718+01	2	\N	\N	\N	1	4	2009-03-18 10:50:19.475958+01
321	P19	\N	\N	6	2008-11-05 09:19:48.718+01	2	\N	\N	\N	1	4	2009-03-18 10:50:19.475958+01
322	P20	\N	\N	6	2008-11-05 09:19:48.718+01	2	\N	\N	\N	1	4	2009-03-18 10:50:19.475958+01
323	P21	\N	\N	6	2008-11-05 09:19:48.718+01	2	\N	\N	\N	1	4	2009-03-18 10:50:19.475958+01
324	P22	\N	\N	6	2008-11-05 09:19:48.718+01	2	\N	\N	\N	1	4	2009-03-18 10:50:19.475958+01
325	MP002-1	\N	\N	1	2008-11-05 09:20:17.877+01	2	\N	\N	\N	1	\N	2009-03-18 10:50:19.475958+01
326	A03	\N	\N	6	2008-11-05 09:20:17.877+01	2	\N	\N	\N	1	325	2009-03-18 10:50:19.475958+01
327	A04	\N	\N	6	2008-11-05 09:20:17.877+01	2	\N	\N	\N	1	325	2009-03-18 10:50:19.475958+01
328	A05	\N	\N	6	2008-11-05 09:20:17.877+01	2	\N	\N	\N	1	325	2009-03-18 10:50:19.475958+01
329	A06	\N	\N	6	2008-11-05 09:20:17.877+01	2	\N	\N	\N	1	325	2009-03-18 10:50:19.475958+01
330	A07	\N	\N	6	2008-11-05 09:20:17.877+01	2	\N	\N	\N	1	325	2009-03-18 10:50:19.475958+01
331	A08	\N	\N	6	2008-11-05 09:20:17.877+01	2	\N	\N	\N	1	325	2009-03-18 10:50:19.475958+01
332	A09	\N	\N	6	2008-11-05 09:20:17.877+01	2	\N	\N	\N	1	325	2009-03-18 10:50:19.475958+01
333	A10	\N	\N	6	2008-11-05 09:20:17.877+01	2	\N	\N	\N	1	325	2009-03-18 10:50:19.475958+01
334	A11	\N	\N	6	2008-11-05 09:20:17.877+01	2	\N	\N	\N	1	325	2009-03-18 10:50:19.475958+01
335	A12	\N	\N	6	2008-11-05 09:20:17.877+01	2	\N	\N	\N	1	325	2009-03-18 10:50:19.475958+01
336	A13	\N	\N	6	2008-11-05 09:20:17.877+01	2	\N	\N	\N	1	325	2009-03-18 10:50:19.475958+01
337	A14	\N	\N	6	2008-11-05 09:20:17.877+01	2	\N	\N	\N	1	325	2009-03-18 10:50:19.475958+01
338	A15	\N	\N	6	2008-11-05 09:20:17.877+01	2	\N	\N	\N	1	325	2009-03-18 10:50:19.475958+01
339	A16	\N	\N	6	2008-11-05 09:20:17.877+01	2	\N	\N	\N	1	325	2009-03-18 10:50:19.475958+01
340	A17	\N	\N	6	2008-11-05 09:20:17.877+01	2	\N	\N	\N	1	325	2009-03-18 10:50:19.475958+01
341	A18	\N	\N	6	2008-11-05 09:20:17.877+01	2	\N	\N	\N	1	325	2009-03-18 10:50:19.475958+01
342	A19	\N	\N	6	2008-11-05 09:20:17.877+01	2	\N	\N	\N	1	325	2009-03-18 10:50:19.475958+01
343	A20	\N	\N	6	2008-11-05 09:20:17.877+01	2	\N	\N	\N	1	325	2009-03-18 10:50:19.475958+01
344	A21	\N	\N	6	2008-11-05 09:20:17.877+01	2	\N	\N	\N	1	325	2009-03-18 10:50:19.475958+01
345	A22	\N	\N	6	2008-11-05 09:20:17.877+01	2	\N	\N	\N	1	325	2009-03-18 10:50:19.475958+01
346	B03	\N	\N	6	2008-11-05 09:20:17.877+01	2	\N	\N	\N	1	325	2009-03-18 10:50:19.475958+01
347	B04	\N	\N	6	2008-11-05 09:20:17.877+01	2	\N	\N	\N	1	325	2009-03-18 10:50:19.475958+01
348	B05	\N	\N	6	2008-11-05 09:20:17.877+01	2	\N	\N	\N	1	325	2009-03-18 10:50:19.475958+01
349	B06	\N	\N	6	2008-11-05 09:20:17.877+01	2	\N	\N	\N	1	325	2009-03-18 10:50:19.475958+01
350	B07	\N	\N	6	2008-11-05 09:20:17.877+01	2	\N	\N	\N	1	325	2009-03-18 10:50:19.475958+01
351	B08	\N	\N	6	2008-11-05 09:20:17.877+01	2	\N	\N	\N	1	325	2009-03-18 10:50:19.475958+01
352	B09	\N	\N	6	2008-11-05 09:20:17.877+01	2	\N	\N	\N	1	325	2009-03-18 10:50:19.475958+01
353	B10	\N	\N	6	2008-11-05 09:20:17.877+01	2	\N	\N	\N	1	325	2009-03-18 10:50:19.475958+01
354	B11	\N	\N	6	2008-11-05 09:20:17.877+01	2	\N	\N	\N	1	325	2009-03-18 10:50:19.475958+01
355	B12	\N	\N	6	2008-11-05 09:20:17.877+01	2	\N	\N	\N	1	325	2009-03-18 10:50:19.475958+01
356	B13	\N	\N	6	2008-11-05 09:20:17.877+01	2	\N	\N	\N	1	325	2009-03-18 10:50:19.475958+01
357	B14	\N	\N	6	2008-11-05 09:20:17.877+01	2	\N	\N	\N	1	325	2009-03-18 10:50:19.475958+01
358	B15	\N	\N	6	2008-11-05 09:20:17.877+01	2	\N	\N	\N	1	325	2009-03-18 10:50:19.475958+01
359	B16	\N	\N	6	2008-11-05 09:20:17.877+01	2	\N	\N	\N	1	325	2009-03-18 10:50:19.475958+01
360	B17	\N	\N	6	2008-11-05 09:20:17.877+01	2	\N	\N	\N	1	325	2009-03-18 10:50:19.475958+01
361	B18	\N	\N	6	2008-11-05 09:20:17.877+01	2	\N	\N	\N	1	325	2009-03-18 10:50:19.475958+01
362	B19	\N	\N	6	2008-11-05 09:20:17.877+01	2	\N	\N	\N	1	325	2009-03-18 10:50:19.475958+01
363	B20	\N	\N	6	2008-11-05 09:20:17.877+01	2	\N	\N	\N	1	325	2009-03-18 10:50:19.475958+01
364	B21	\N	\N	6	2008-11-05 09:20:17.877+01	2	\N	\N	\N	1	325	2009-03-18 10:50:19.475958+01
365	B22	\N	\N	6	2008-11-05 09:20:17.877+01	2	\N	\N	\N	1	325	2009-03-18 10:50:19.475958+01
366	C03	\N	\N	6	2008-11-05 09:20:17.877+01	2	\N	\N	\N	1	325	2009-03-18 10:50:19.475958+01
367	C04	\N	\N	6	2008-11-05 09:20:17.877+01	2	\N	\N	\N	1	325	2009-03-18 10:50:19.475958+01
368	C05	\N	\N	6	2008-11-05 09:20:17.877+01	2	\N	\N	\N	1	325	2009-03-18 10:50:19.475958+01
369	C06	\N	\N	6	2008-11-05 09:20:17.877+01	2	\N	\N	\N	1	325	2009-03-18 10:50:19.475958+01
370	C07	\N	\N	6	2008-11-05 09:20:17.877+01	2	\N	\N	\N	1	325	2009-03-18 10:50:19.475958+01
371	C08	\N	\N	6	2008-11-05 09:20:17.877+01	2	\N	\N	\N	1	325	2009-03-18 10:50:19.475958+01
372	C09	\N	\N	6	2008-11-05 09:20:17.877+01	2	\N	\N	\N	1	325	2009-03-18 10:50:19.475958+01
373	C10	\N	\N	6	2008-11-05 09:20:17.877+01	2	\N	\N	\N	1	325	2009-03-18 10:50:19.475958+01
374	C11	\N	\N	6	2008-11-05 09:20:17.877+01	2	\N	\N	\N	1	325	2009-03-18 10:50:19.475958+01
375	C12	\N	\N	6	2008-11-05 09:20:17.877+01	2	\N	\N	\N	1	325	2009-03-18 10:50:19.475958+01
376	C13	\N	\N	6	2008-11-05 09:20:17.877+01	2	\N	\N	\N	1	325	2009-03-18 10:50:19.475958+01
377	C14	\N	\N	6	2008-11-05 09:20:17.877+01	2	\N	\N	\N	1	325	2009-03-18 10:50:19.475958+01
378	C15	\N	\N	6	2008-11-05 09:20:17.877+01	2	\N	\N	\N	1	325	2009-03-18 10:50:19.475958+01
379	C16	\N	\N	6	2008-11-05 09:20:17.877+01	2	\N	\N	\N	1	325	2009-03-18 10:50:19.475958+01
380	C17	\N	\N	6	2008-11-05 09:20:17.877+01	2	\N	\N	\N	1	325	2009-03-18 10:50:19.475958+01
381	C18	\N	\N	6	2008-11-05 09:20:17.877+01	2	\N	\N	\N	1	325	2009-03-18 10:50:19.475958+01
382	C19	\N	\N	6	2008-11-05 09:20:17.877+01	2	\N	\N	\N	1	325	2009-03-18 10:50:19.475958+01
383	C20	\N	\N	6	2008-11-05 09:20:17.877+01	2	\N	\N	\N	1	325	2009-03-18 10:50:19.475958+01
384	C21	\N	\N	6	2008-11-05 09:20:17.877+01	2	\N	\N	\N	1	325	2009-03-18 10:50:19.475958+01
385	C22	\N	\N	6	2008-11-05 09:20:17.877+01	2	\N	\N	\N	1	325	2009-03-18 10:50:19.475958+01
386	D03	\N	\N	6	2008-11-05 09:20:17.877+01	2	\N	\N	\N	1	325	2009-03-18 10:50:19.475958+01
387	D04	\N	\N	6	2008-11-05 09:20:17.877+01	2	\N	\N	\N	1	325	2009-03-18 10:50:19.475958+01
388	D05	\N	\N	6	2008-11-05 09:20:17.877+01	2	\N	\N	\N	1	325	2009-03-18 10:50:19.475958+01
389	D06	\N	\N	6	2008-11-05 09:20:17.877+01	2	\N	\N	\N	1	325	2009-03-18 10:50:19.475958+01
390	D07	\N	\N	6	2008-11-05 09:20:17.877+01	2	\N	\N	\N	1	325	2009-03-18 10:50:19.475958+01
391	D08	\N	\N	6	2008-11-05 09:20:17.877+01	2	\N	\N	\N	1	325	2009-03-18 10:50:19.475958+01
392	D09	\N	\N	6	2008-11-05 09:20:17.877+01	2	\N	\N	\N	1	325	2009-03-18 10:50:19.475958+01
393	D10	\N	\N	6	2008-11-05 09:20:17.877+01	2	\N	\N	\N	1	325	2009-03-18 10:50:19.475958+01
394	D11	\N	\N	6	2008-11-05 09:20:17.877+01	2	\N	\N	\N	1	325	2009-03-18 10:50:19.475958+01
395	D12	\N	\N	6	2008-11-05 09:20:17.877+01	2	\N	\N	\N	1	325	2009-03-18 10:50:19.475958+01
396	D13	\N	\N	6	2008-11-05 09:20:17.877+01	2	\N	\N	\N	1	325	2009-03-18 10:50:19.475958+01
397	D14	\N	\N	6	2008-11-05 09:20:17.877+01	2	\N	\N	\N	1	325	2009-03-18 10:50:19.475958+01
398	D15	\N	\N	6	2008-11-05 09:20:17.877+01	2	\N	\N	\N	1	325	2009-03-18 10:50:19.475958+01
399	D16	\N	\N	6	2008-11-05 09:20:17.877+01	2	\N	\N	\N	1	325	2009-03-18 10:50:19.475958+01
400	D17	\N	\N	6	2008-11-05 09:20:17.877+01	2	\N	\N	\N	1	325	2009-03-18 10:50:19.475958+01
401	D18	\N	\N	6	2008-11-05 09:20:17.877+01	2	\N	\N	\N	1	325	2009-03-18 10:50:19.475958+01
402	D19	\N	\N	6	2008-11-05 09:20:17.877+01	2	\N	\N	\N	1	325	2009-03-18 10:50:19.475958+01
403	D20	\N	\N	6	2008-11-05 09:20:17.877+01	2	\N	\N	\N	1	325	2009-03-18 10:50:19.475958+01
404	D21	\N	\N	6	2008-11-05 09:20:17.877+01	2	\N	\N	\N	1	325	2009-03-18 10:50:19.475958+01
405	D22	\N	\N	6	2008-11-05 09:20:17.877+01	2	\N	\N	\N	1	325	2009-03-18 10:50:19.475958+01
406	E03	\N	\N	6	2008-11-05 09:20:17.877+01	2	\N	\N	\N	1	325	2009-03-18 10:50:19.475958+01
407	E04	\N	\N	6	2008-11-05 09:20:17.877+01	2	\N	\N	\N	1	325	2009-03-18 10:50:19.475958+01
408	E05	\N	\N	6	2008-11-05 09:20:17.877+01	2	\N	\N	\N	1	325	2009-03-18 10:50:19.475958+01
409	E06	\N	\N	6	2008-11-05 09:20:17.877+01	2	\N	\N	\N	1	325	2009-03-18 10:50:19.475958+01
410	E07	\N	\N	6	2008-11-05 09:20:17.877+01	2	\N	\N	\N	1	325	2009-03-18 10:50:19.475958+01
411	E08	\N	\N	6	2008-11-05 09:20:17.877+01	2	\N	\N	\N	1	325	2009-03-18 10:50:19.475958+01
412	E09	\N	\N	6	2008-11-05 09:20:17.877+01	2	\N	\N	\N	1	325	2009-03-18 10:50:19.475958+01
413	E10	\N	\N	6	2008-11-05 09:20:17.877+01	2	\N	\N	\N	1	325	2009-03-18 10:50:19.475958+01
414	E11	\N	\N	6	2008-11-05 09:20:17.877+01	2	\N	\N	\N	1	325	2009-03-18 10:50:19.475958+01
415	E12	\N	\N	6	2008-11-05 09:20:17.877+01	2	\N	\N	\N	1	325	2009-03-18 10:50:19.475958+01
416	E13	\N	\N	6	2008-11-05 09:20:17.877+01	2	\N	\N	\N	1	325	2009-03-18 10:50:19.475958+01
417	E14	\N	\N	6	2008-11-05 09:20:17.877+01	2	\N	\N	\N	1	325	2009-03-18 10:50:19.475958+01
418	E15	\N	\N	6	2008-11-05 09:20:17.877+01	2	\N	\N	\N	1	325	2009-03-18 10:50:19.475958+01
419	E16	\N	\N	6	2008-11-05 09:20:17.877+01	2	\N	\N	\N	1	325	2009-03-18 10:50:19.475958+01
420	E17	\N	\N	6	2008-11-05 09:20:17.877+01	2	\N	\N	\N	1	325	2009-03-18 10:50:19.475958+01
421	E18	\N	\N	6	2008-11-05 09:20:17.877+01	2	\N	\N	\N	1	325	2009-03-18 10:50:19.475958+01
422	E19	\N	\N	6	2008-11-05 09:20:17.877+01	2	\N	\N	\N	1	325	2009-03-18 10:50:19.475958+01
423	E20	\N	\N	6	2008-11-05 09:20:17.877+01	2	\N	\N	\N	1	325	2009-03-18 10:50:19.475958+01
424	E21	\N	\N	6	2008-11-05 09:20:17.877+01	2	\N	\N	\N	1	325	2009-03-18 10:50:19.475958+01
425	E22	\N	\N	6	2008-11-05 09:20:17.877+01	2	\N	\N	\N	1	325	2009-03-18 10:50:19.475958+01
426	F03	\N	\N	6	2008-11-05 09:20:17.877+01	2	\N	\N	\N	1	325	2009-03-18 10:50:19.475958+01
427	F04	\N	\N	6	2008-11-05 09:20:17.877+01	2	\N	\N	\N	1	325	2009-03-18 10:50:19.475958+01
428	F05	\N	\N	6	2008-11-05 09:20:17.877+01	2	\N	\N	\N	1	325	2009-03-18 10:50:19.475958+01
429	F06	\N	\N	6	2008-11-05 09:20:17.877+01	2	\N	\N	\N	1	325	2009-03-18 10:50:19.475958+01
430	F07	\N	\N	6	2008-11-05 09:20:17.877+01	2	\N	\N	\N	1	325	2009-03-18 10:50:19.475958+01
431	F08	\N	\N	6	2008-11-05 09:20:17.877+01	2	\N	\N	\N	1	325	2009-03-18 10:50:19.475958+01
432	F09	\N	\N	6	2008-11-05 09:20:17.877+01	2	\N	\N	\N	1	325	2009-03-18 10:50:19.475958+01
433	F10	\N	\N	6	2008-11-05 09:20:17.877+01	2	\N	\N	\N	1	325	2009-03-18 10:50:19.475958+01
434	F11	\N	\N	6	2008-11-05 09:20:17.877+01	2	\N	\N	\N	1	325	2009-03-18 10:50:19.475958+01
435	F12	\N	\N	6	2008-11-05 09:20:17.877+01	2	\N	\N	\N	1	325	2009-03-18 10:50:19.475958+01
436	F13	\N	\N	6	2008-11-05 09:20:17.877+01	2	\N	\N	\N	1	325	2009-03-18 10:50:19.475958+01
437	F14	\N	\N	6	2008-11-05 09:20:17.877+01	2	\N	\N	\N	1	325	2009-03-18 10:50:19.475958+01
438	F15	\N	\N	6	2008-11-05 09:20:17.877+01	2	\N	\N	\N	1	325	2009-03-18 10:50:19.475958+01
439	F16	\N	\N	6	2008-11-05 09:20:17.877+01	2	\N	\N	\N	1	325	2009-03-18 10:50:19.475958+01
440	F17	\N	\N	6	2008-11-05 09:20:17.877+01	2	\N	\N	\N	1	325	2009-03-18 10:50:19.475958+01
441	F18	\N	\N	6	2008-11-05 09:20:17.877+01	2	\N	\N	\N	1	325	2009-03-18 10:50:19.475958+01
442	F19	\N	\N	6	2008-11-05 09:20:17.877+01	2	\N	\N	\N	1	325	2009-03-18 10:50:19.475958+01
443	F20	\N	\N	6	2008-11-05 09:20:17.877+01	2	\N	\N	\N	1	325	2009-03-18 10:50:19.475958+01
444	F21	\N	\N	6	2008-11-05 09:20:17.877+01	2	\N	\N	\N	1	325	2009-03-18 10:50:19.475958+01
445	F22	\N	\N	6	2008-11-05 09:20:17.877+01	2	\N	\N	\N	1	325	2009-03-18 10:50:19.475958+01
446	G03	\N	\N	6	2008-11-05 09:20:17.877+01	2	\N	\N	\N	1	325	2009-03-18 10:50:19.475958+01
447	G04	\N	\N	6	2008-11-05 09:20:17.877+01	2	\N	\N	\N	1	325	2009-03-18 10:50:19.475958+01
448	G05	\N	\N	6	2008-11-05 09:20:17.877+01	2	\N	\N	\N	1	325	2009-03-18 10:50:19.475958+01
449	G06	\N	\N	6	2008-11-05 09:20:17.877+01	2	\N	\N	\N	1	325	2009-03-18 10:50:19.475958+01
450	G07	\N	\N	6	2008-11-05 09:20:17.877+01	2	\N	\N	\N	1	325	2009-03-18 10:50:19.475958+01
451	G08	\N	\N	6	2008-11-05 09:20:17.877+01	2	\N	\N	\N	1	325	2009-03-18 10:50:19.475958+01
452	G09	\N	\N	6	2008-11-05 09:20:17.877+01	2	\N	\N	\N	1	325	2009-03-18 10:50:19.475958+01
453	G10	\N	\N	6	2008-11-05 09:20:17.877+01	2	\N	\N	\N	1	325	2009-03-18 10:50:19.475958+01
454	G11	\N	\N	6	2008-11-05 09:20:17.877+01	2	\N	\N	\N	1	325	2009-03-18 10:50:19.475958+01
455	G12	\N	\N	6	2008-11-05 09:20:17.877+01	2	\N	\N	\N	1	325	2009-03-18 10:50:19.475958+01
456	G13	\N	\N	6	2008-11-05 09:20:17.877+01	2	\N	\N	\N	1	325	2009-03-18 10:50:19.475958+01
457	G14	\N	\N	6	2008-11-05 09:20:17.877+01	2	\N	\N	\N	1	325	2009-03-18 10:50:19.475958+01
458	G15	\N	\N	6	2008-11-05 09:20:17.877+01	2	\N	\N	\N	1	325	2009-03-18 10:50:19.475958+01
459	G16	\N	\N	6	2008-11-05 09:20:17.877+01	2	\N	\N	\N	1	325	2009-03-18 10:50:19.475958+01
460	G17	\N	\N	6	2008-11-05 09:20:17.877+01	2	\N	\N	\N	1	325	2009-03-18 10:50:19.475958+01
461	G18	\N	\N	6	2008-11-05 09:20:17.877+01	2	\N	\N	\N	1	325	2009-03-18 10:50:19.475958+01
462	G19	\N	\N	6	2008-11-05 09:20:17.877+01	2	\N	\N	\N	1	325	2009-03-18 10:50:19.475958+01
463	G20	\N	\N	6	2008-11-05 09:20:17.877+01	2	\N	\N	\N	1	325	2009-03-18 10:50:19.475958+01
464	G21	\N	\N	6	2008-11-05 09:20:17.877+01	2	\N	\N	\N	1	325	2009-03-18 10:50:19.475958+01
465	G22	\N	\N	6	2008-11-05 09:20:17.877+01	2	\N	\N	\N	1	325	2009-03-18 10:50:19.475958+01
466	H03	\N	\N	6	2008-11-05 09:20:17.877+01	2	\N	\N	\N	1	325	2009-03-18 10:50:19.475958+01
467	H04	\N	\N	6	2008-11-05 09:20:17.877+01	2	\N	\N	\N	1	325	2009-03-18 10:50:19.475958+01
468	H05	\N	\N	6	2008-11-05 09:20:17.877+01	2	\N	\N	\N	1	325	2009-03-18 10:50:19.475958+01
469	H06	\N	\N	6	2008-11-05 09:20:17.877+01	2	\N	\N	\N	1	325	2009-03-18 10:50:19.475958+01
470	H07	\N	\N	6	2008-11-05 09:20:17.877+01	2	\N	\N	\N	1	325	2009-03-18 10:50:19.475958+01
471	H08	\N	\N	6	2008-11-05 09:20:17.877+01	2	\N	\N	\N	1	325	2009-03-18 10:50:19.475958+01
472	H09	\N	\N	6	2008-11-05 09:20:17.877+01	2	\N	\N	\N	1	325	2009-03-18 10:50:19.475958+01
473	H10	\N	\N	6	2008-11-05 09:20:17.877+01	2	\N	\N	\N	1	325	2009-03-18 10:50:19.475958+01
474	H11	\N	\N	6	2008-11-05 09:20:17.877+01	2	\N	\N	\N	1	325	2009-03-18 10:50:19.475958+01
475	H12	\N	\N	6	2008-11-05 09:20:17.877+01	2	\N	\N	\N	1	325	2009-03-18 10:50:19.475958+01
476	H13	\N	\N	6	2008-11-05 09:20:17.877+01	2	\N	\N	\N	1	325	2009-03-18 10:50:19.475958+01
477	H14	\N	\N	6	2008-11-05 09:20:17.877+01	2	\N	\N	\N	1	325	2009-03-18 10:50:19.475958+01
478	H15	\N	\N	6	2008-11-05 09:20:17.877+01	2	\N	\N	\N	1	325	2009-03-18 10:50:19.475958+01
479	H16	\N	\N	6	2008-11-05 09:20:17.877+01	2	\N	\N	\N	1	325	2009-03-18 10:50:19.475958+01
480	H17	\N	\N	6	2008-11-05 09:20:17.877+01	2	\N	\N	\N	1	325	2009-03-18 10:50:19.475958+01
481	H18	\N	\N	6	2008-11-05 09:20:17.877+01	2	\N	\N	\N	1	325	2009-03-18 10:50:19.475958+01
482	H19	\N	\N	6	2008-11-05 09:20:17.877+01	2	\N	\N	\N	1	325	2009-03-18 10:50:19.475958+01
483	H20	\N	\N	6	2008-11-05 09:20:17.877+01	2	\N	\N	\N	1	325	2009-03-18 10:50:19.475958+01
484	H21	\N	\N	6	2008-11-05 09:20:17.877+01	2	\N	\N	\N	1	325	2009-03-18 10:50:19.475958+01
485	H22	\N	\N	6	2008-11-05 09:20:17.877+01	2	\N	\N	\N	1	325	2009-03-18 10:50:19.475958+01
486	I03	\N	\N	6	2008-11-05 09:20:17.877+01	2	\N	\N	\N	1	325	2009-03-18 10:50:19.475958+01
487	I04	\N	\N	6	2008-11-05 09:20:17.877+01	2	\N	\N	\N	1	325	2009-03-18 10:50:19.475958+01
488	I05	\N	\N	6	2008-11-05 09:20:17.877+01	2	\N	\N	\N	1	325	2009-03-18 10:50:19.475958+01
489	I06	\N	\N	6	2008-11-05 09:20:17.877+01	2	\N	\N	\N	1	325	2009-03-18 10:50:19.475958+01
490	I07	\N	\N	6	2008-11-05 09:20:17.877+01	2	\N	\N	\N	1	325	2009-03-18 10:50:19.475958+01
491	I08	\N	\N	6	2008-11-05 09:20:17.877+01	2	\N	\N	\N	1	325	2009-03-18 10:50:19.475958+01
492	I09	\N	\N	6	2008-11-05 09:20:17.877+01	2	\N	\N	\N	1	325	2009-03-18 10:50:19.475958+01
493	I10	\N	\N	6	2008-11-05 09:20:17.877+01	2	\N	\N	\N	1	325	2009-03-18 10:50:19.475958+01
494	I11	\N	\N	6	2008-11-05 09:20:17.877+01	2	\N	\N	\N	1	325	2009-03-18 10:50:19.475958+01
495	I12	\N	\N	6	2008-11-05 09:20:17.877+01	2	\N	\N	\N	1	325	2009-03-18 10:50:19.475958+01
496	I13	\N	\N	6	2008-11-05 09:20:17.877+01	2	\N	\N	\N	1	325	2009-03-18 10:50:19.475958+01
497	I14	\N	\N	6	2008-11-05 09:20:17.877+01	2	\N	\N	\N	1	325	2009-03-18 10:50:19.475958+01
498	I15	\N	\N	6	2008-11-05 09:20:17.877+01	2	\N	\N	\N	1	325	2009-03-18 10:50:19.475958+01
499	I16	\N	\N	6	2008-11-05 09:20:17.877+01	2	\N	\N	\N	1	325	2009-03-18 10:50:19.475958+01
500	I17	\N	\N	6	2008-11-05 09:20:17.877+01	2	\N	\N	\N	1	325	2009-03-18 10:50:19.475958+01
501	I18	\N	\N	6	2008-11-05 09:20:17.877+01	2	\N	\N	\N	1	325	2009-03-18 10:50:19.475958+01
502	I19	\N	\N	6	2008-11-05 09:20:17.877+01	2	\N	\N	\N	1	325	2009-03-18 10:50:19.475958+01
503	I20	\N	\N	6	2008-11-05 09:20:17.877+01	2	\N	\N	\N	1	325	2009-03-18 10:50:19.475958+01
504	I21	\N	\N	6	2008-11-05 09:20:17.877+01	2	\N	\N	\N	1	325	2009-03-18 10:50:19.475958+01
505	I22	\N	\N	6	2008-11-05 09:20:17.877+01	2	\N	\N	\N	1	325	2009-03-18 10:50:19.475958+01
506	J03	\N	\N	6	2008-11-05 09:20:17.877+01	2	\N	\N	\N	1	325	2009-03-18 10:50:19.475958+01
507	J04	\N	\N	6	2008-11-05 09:20:17.877+01	2	\N	\N	\N	1	325	2009-03-18 10:50:19.475958+01
508	J05	\N	\N	6	2008-11-05 09:20:17.877+01	2	\N	\N	\N	1	325	2009-03-18 10:50:19.475958+01
509	J06	\N	\N	6	2008-11-05 09:20:17.877+01	2	\N	\N	\N	1	325	2009-03-18 10:50:19.475958+01
510	J07	\N	\N	6	2008-11-05 09:20:17.877+01	2	\N	\N	\N	1	325	2009-03-18 10:50:19.475958+01
511	J08	\N	\N	6	2008-11-05 09:20:17.877+01	2	\N	\N	\N	1	325	2009-03-18 10:50:19.475958+01
512	J09	\N	\N	6	2008-11-05 09:20:17.877+01	2	\N	\N	\N	1	325	2009-03-18 10:50:19.475958+01
513	J10	\N	\N	6	2008-11-05 09:20:17.877+01	2	\N	\N	\N	1	325	2009-03-18 10:50:19.475958+01
514	J11	\N	\N	6	2008-11-05 09:20:17.877+01	2	\N	\N	\N	1	325	2009-03-18 10:50:19.475958+01
515	J12	\N	\N	6	2008-11-05 09:20:17.877+01	2	\N	\N	\N	1	325	2009-03-18 10:50:19.475958+01
516	J13	\N	\N	6	2008-11-05 09:20:17.877+01	2	\N	\N	\N	1	325	2009-03-18 10:50:19.475958+01
517	J14	\N	\N	6	2008-11-05 09:20:17.877+01	2	\N	\N	\N	1	325	2009-03-18 10:50:19.475958+01
518	J15	\N	\N	6	2008-11-05 09:20:17.877+01	2	\N	\N	\N	1	325	2009-03-18 10:50:19.475958+01
519	J16	\N	\N	6	2008-11-05 09:20:17.877+01	2	\N	\N	\N	1	325	2009-03-18 10:50:19.475958+01
520	J17	\N	\N	6	2008-11-05 09:20:17.877+01	2	\N	\N	\N	1	325	2009-03-18 10:50:19.475958+01
521	J18	\N	\N	6	2008-11-05 09:20:17.877+01	2	\N	\N	\N	1	325	2009-03-18 10:50:19.475958+01
522	J19	\N	\N	6	2008-11-05 09:20:17.877+01	2	\N	\N	\N	1	325	2009-03-18 10:50:19.475958+01
523	J20	\N	\N	6	2008-11-05 09:20:17.877+01	2	\N	\N	\N	1	325	2009-03-18 10:50:19.475958+01
524	J21	\N	\N	6	2008-11-05 09:20:17.877+01	2	\N	\N	\N	1	325	2009-03-18 10:50:19.475958+01
525	J22	\N	\N	6	2008-11-05 09:20:17.877+01	2	\N	\N	\N	1	325	2009-03-18 10:50:19.475958+01
526	K03	\N	\N	6	2008-11-05 09:20:17.877+01	2	\N	\N	\N	1	325	2009-03-18 10:50:19.475958+01
527	K04	\N	\N	6	2008-11-05 09:20:17.877+01	2	\N	\N	\N	1	325	2009-03-18 10:50:19.475958+01
528	K05	\N	\N	6	2008-11-05 09:20:17.877+01	2	\N	\N	\N	1	325	2009-03-18 10:50:19.475958+01
529	K06	\N	\N	6	2008-11-05 09:20:17.877+01	2	\N	\N	\N	1	325	2009-03-18 10:50:19.475958+01
530	K07	\N	\N	6	2008-11-05 09:20:17.877+01	2	\N	\N	\N	1	325	2009-03-18 10:50:19.475958+01
531	K08	\N	\N	6	2008-11-05 09:20:17.877+01	2	\N	\N	\N	1	325	2009-03-18 10:50:19.475958+01
532	K09	\N	\N	6	2008-11-05 09:20:17.877+01	2	\N	\N	\N	1	325	2009-03-18 10:50:19.475958+01
533	K10	\N	\N	6	2008-11-05 09:20:17.877+01	2	\N	\N	\N	1	325	2009-03-18 10:50:19.475958+01
534	K11	\N	\N	6	2008-11-05 09:20:17.877+01	2	\N	\N	\N	1	325	2009-03-18 10:50:19.475958+01
535	K12	\N	\N	6	2008-11-05 09:20:17.877+01	2	\N	\N	\N	1	325	2009-03-18 10:50:19.475958+01
536	K13	\N	\N	6	2008-11-05 09:20:17.877+01	2	\N	\N	\N	1	325	2009-03-18 10:50:19.475958+01
537	K14	\N	\N	6	2008-11-05 09:20:17.877+01	2	\N	\N	\N	1	325	2009-03-18 10:50:19.475958+01
538	K15	\N	\N	6	2008-11-05 09:20:17.877+01	2	\N	\N	\N	1	325	2009-03-18 10:50:19.475958+01
539	K16	\N	\N	6	2008-11-05 09:20:17.877+01	2	\N	\N	\N	1	325	2009-03-18 10:50:19.475958+01
540	K17	\N	\N	6	2008-11-05 09:20:17.877+01	2	\N	\N	\N	1	325	2009-03-18 10:50:19.475958+01
541	K18	\N	\N	6	2008-11-05 09:20:17.877+01	2	\N	\N	\N	1	325	2009-03-18 10:50:19.475958+01
542	K19	\N	\N	6	2008-11-05 09:20:17.877+01	2	\N	\N	\N	1	325	2009-03-18 10:50:19.475958+01
543	K20	\N	\N	6	2008-11-05 09:20:17.877+01	2	\N	\N	\N	1	325	2009-03-18 10:50:19.475958+01
544	K21	\N	\N	6	2008-11-05 09:20:17.877+01	2	\N	\N	\N	1	325	2009-03-18 10:50:19.475958+01
545	K22	\N	\N	6	2008-11-05 09:20:17.877+01	2	\N	\N	\N	1	325	2009-03-18 10:50:19.475958+01
546	L03	\N	\N	6	2008-11-05 09:20:17.877+01	2	\N	\N	\N	1	325	2009-03-18 10:50:19.475958+01
547	L04	\N	\N	6	2008-11-05 09:20:17.877+01	2	\N	\N	\N	1	325	2009-03-18 10:50:19.475958+01
548	L05	\N	\N	6	2008-11-05 09:20:17.877+01	2	\N	\N	\N	1	325	2009-03-18 10:50:19.475958+01
549	L06	\N	\N	6	2008-11-05 09:20:17.877+01	2	\N	\N	\N	1	325	2009-03-18 10:50:19.475958+01
550	L07	\N	\N	6	2008-11-05 09:20:17.877+01	2	\N	\N	\N	1	325	2009-03-18 10:50:19.475958+01
551	L08	\N	\N	6	2008-11-05 09:20:17.877+01	2	\N	\N	\N	1	325	2009-03-18 10:50:19.475958+01
552	L09	\N	\N	6	2008-11-05 09:20:17.877+01	2	\N	\N	\N	1	325	2009-03-18 10:50:19.475958+01
553	L10	\N	\N	6	2008-11-05 09:20:17.877+01	2	\N	\N	\N	1	325	2009-03-18 10:50:19.475958+01
554	L11	\N	\N	6	2008-11-05 09:20:17.877+01	2	\N	\N	\N	1	325	2009-03-18 10:50:19.475958+01
555	L12	\N	\N	6	2008-11-05 09:20:17.877+01	2	\N	\N	\N	1	325	2009-03-18 10:50:19.475958+01
556	L13	\N	\N	6	2008-11-05 09:20:17.877+01	2	\N	\N	\N	1	325	2009-03-18 10:50:19.475958+01
557	L14	\N	\N	6	2008-11-05 09:20:17.877+01	2	\N	\N	\N	1	325	2009-03-18 10:50:19.475958+01
558	L15	\N	\N	6	2008-11-05 09:20:17.877+01	2	\N	\N	\N	1	325	2009-03-18 10:50:19.475958+01
559	L16	\N	\N	6	2008-11-05 09:20:17.877+01	2	\N	\N	\N	1	325	2009-03-18 10:50:19.475958+01
560	L17	\N	\N	6	2008-11-05 09:20:17.877+01	2	\N	\N	\N	1	325	2009-03-18 10:50:19.475958+01
561	L18	\N	\N	6	2008-11-05 09:20:17.877+01	2	\N	\N	\N	1	325	2009-03-18 10:50:19.475958+01
562	L19	\N	\N	6	2008-11-05 09:20:17.877+01	2	\N	\N	\N	1	325	2009-03-18 10:50:19.475958+01
563	L20	\N	\N	6	2008-11-05 09:20:17.877+01	2	\N	\N	\N	1	325	2009-03-18 10:50:19.475958+01
564	L21	\N	\N	6	2008-11-05 09:20:17.877+01	2	\N	\N	\N	1	325	2009-03-18 10:50:19.475958+01
565	L22	\N	\N	6	2008-11-05 09:20:17.877+01	2	\N	\N	\N	1	325	2009-03-18 10:50:19.475958+01
566	M03	\N	\N	6	2008-11-05 09:20:17.877+01	2	\N	\N	\N	1	325	2009-03-18 10:50:19.475958+01
567	M04	\N	\N	6	2008-11-05 09:20:17.877+01	2	\N	\N	\N	1	325	2009-03-18 10:50:19.475958+01
568	M05	\N	\N	6	2008-11-05 09:20:17.877+01	2	\N	\N	\N	1	325	2009-03-18 10:50:19.475958+01
569	M06	\N	\N	6	2008-11-05 09:20:17.877+01	2	\N	\N	\N	1	325	2009-03-18 10:50:19.475958+01
570	M07	\N	\N	6	2008-11-05 09:20:17.877+01	2	\N	\N	\N	1	325	2009-03-18 10:50:19.475958+01
571	M08	\N	\N	6	2008-11-05 09:20:17.877+01	2	\N	\N	\N	1	325	2009-03-18 10:50:19.475958+01
572	M09	\N	\N	6	2008-11-05 09:20:17.877+01	2	\N	\N	\N	1	325	2009-03-18 10:50:19.475958+01
573	M10	\N	\N	6	2008-11-05 09:20:17.877+01	2	\N	\N	\N	1	325	2009-03-18 10:50:19.475958+01
574	M11	\N	\N	6	2008-11-05 09:20:17.877+01	2	\N	\N	\N	1	325	2009-03-18 10:50:19.475958+01
575	M12	\N	\N	6	2008-11-05 09:20:17.877+01	2	\N	\N	\N	1	325	2009-03-18 10:50:19.475958+01
576	M13	\N	\N	6	2008-11-05 09:20:17.877+01	2	\N	\N	\N	1	325	2009-03-18 10:50:19.475958+01
577	M14	\N	\N	6	2008-11-05 09:20:17.877+01	2	\N	\N	\N	1	325	2009-03-18 10:50:19.475958+01
578	M15	\N	\N	6	2008-11-05 09:20:17.877+01	2	\N	\N	\N	1	325	2009-03-18 10:50:19.475958+01
579	M16	\N	\N	6	2008-11-05 09:20:17.877+01	2	\N	\N	\N	1	325	2009-03-18 10:50:19.475958+01
580	M17	\N	\N	6	2008-11-05 09:20:17.877+01	2	\N	\N	\N	1	325	2009-03-18 10:50:19.475958+01
581	M18	\N	\N	6	2008-11-05 09:20:17.877+01	2	\N	\N	\N	1	325	2009-03-18 10:50:19.475958+01
582	M19	\N	\N	6	2008-11-05 09:20:17.877+01	2	\N	\N	\N	1	325	2009-03-18 10:50:19.475958+01
583	M20	\N	\N	6	2008-11-05 09:20:17.877+01	2	\N	\N	\N	1	325	2009-03-18 10:50:19.475958+01
584	M21	\N	\N	6	2008-11-05 09:20:17.877+01	2	\N	\N	\N	1	325	2009-03-18 10:50:19.475958+01
585	M22	\N	\N	6	2008-11-05 09:20:17.877+01	2	\N	\N	\N	1	325	2009-03-18 10:50:19.475958+01
586	N03	\N	\N	6	2008-11-05 09:20:17.877+01	2	\N	\N	\N	1	325	2009-03-18 10:50:19.475958+01
587	N04	\N	\N	6	2008-11-05 09:20:17.877+01	2	\N	\N	\N	1	325	2009-03-18 10:50:19.475958+01
588	N05	\N	\N	6	2008-11-05 09:20:17.877+01	2	\N	\N	\N	1	325	2009-03-18 10:50:19.475958+01
589	N06	\N	\N	6	2008-11-05 09:20:17.877+01	2	\N	\N	\N	1	325	2009-03-18 10:50:19.475958+01
590	N07	\N	\N	6	2008-11-05 09:20:17.877+01	2	\N	\N	\N	1	325	2009-03-18 10:50:19.475958+01
591	N08	\N	\N	6	2008-11-05 09:20:17.877+01	2	\N	\N	\N	1	325	2009-03-18 10:50:19.475958+01
592	N09	\N	\N	6	2008-11-05 09:20:17.877+01	2	\N	\N	\N	1	325	2009-03-18 10:50:19.475958+01
593	N10	\N	\N	6	2008-11-05 09:20:17.877+01	2	\N	\N	\N	1	325	2009-03-18 10:50:19.475958+01
594	N11	\N	\N	6	2008-11-05 09:20:17.877+01	2	\N	\N	\N	1	325	2009-03-18 10:50:19.475958+01
595	N12	\N	\N	6	2008-11-05 09:20:17.877+01	2	\N	\N	\N	1	325	2009-03-18 10:50:19.475958+01
596	N13	\N	\N	6	2008-11-05 09:20:17.877+01	2	\N	\N	\N	1	325	2009-03-18 10:50:19.475958+01
597	N14	\N	\N	6	2008-11-05 09:20:17.877+01	2	\N	\N	\N	1	325	2009-03-18 10:50:19.475958+01
598	N15	\N	\N	6	2008-11-05 09:20:17.877+01	2	\N	\N	\N	1	325	2009-03-18 10:50:19.475958+01
599	N16	\N	\N	6	2008-11-05 09:20:17.877+01	2	\N	\N	\N	1	325	2009-03-18 10:50:19.475958+01
600	N17	\N	\N	6	2008-11-05 09:20:17.877+01	2	\N	\N	\N	1	325	2009-03-18 10:50:19.475958+01
601	N18	\N	\N	6	2008-11-05 09:20:17.877+01	2	\N	\N	\N	1	325	2009-03-18 10:50:19.475958+01
602	N19	\N	\N	6	2008-11-05 09:20:17.877+01	2	\N	\N	\N	1	325	2009-03-18 10:50:19.475958+01
603	N20	\N	\N	6	2008-11-05 09:20:17.877+01	2	\N	\N	\N	1	325	2009-03-18 10:50:19.475958+01
604	N21	\N	\N	6	2008-11-05 09:20:17.877+01	2	\N	\N	\N	1	325	2009-03-18 10:50:19.475958+01
605	N22	\N	\N	6	2008-11-05 09:20:17.877+01	2	\N	\N	\N	1	325	2009-03-18 10:50:19.475958+01
606	O03	\N	\N	6	2008-11-05 09:20:17.877+01	2	\N	\N	\N	1	325	2009-03-18 10:50:19.475958+01
607	O04	\N	\N	6	2008-11-05 09:20:17.877+01	2	\N	\N	\N	1	325	2009-03-18 10:50:19.475958+01
608	O05	\N	\N	6	2008-11-05 09:20:17.877+01	2	\N	\N	\N	1	325	2009-03-18 10:50:19.475958+01
609	O06	\N	\N	6	2008-11-05 09:20:17.877+01	2	\N	\N	\N	1	325	2009-03-18 10:50:19.475958+01
610	O07	\N	\N	6	2008-11-05 09:20:17.877+01	2	\N	\N	\N	1	325	2009-03-18 10:50:19.475958+01
611	O08	\N	\N	6	2008-11-05 09:20:17.877+01	2	\N	\N	\N	1	325	2009-03-18 10:50:19.475958+01
612	O09	\N	\N	6	2008-11-05 09:20:17.877+01	2	\N	\N	\N	1	325	2009-03-18 10:50:19.475958+01
613	O10	\N	\N	6	2008-11-05 09:20:17.877+01	2	\N	\N	\N	1	325	2009-03-18 10:50:19.475958+01
614	O11	\N	\N	6	2008-11-05 09:20:17.877+01	2	\N	\N	\N	1	325	2009-03-18 10:50:19.475958+01
615	O12	\N	\N	6	2008-11-05 09:20:17.877+01	2	\N	\N	\N	1	325	2009-03-18 10:50:19.475958+01
616	O13	\N	\N	6	2008-11-05 09:20:17.877+01	2	\N	\N	\N	1	325	2009-03-18 10:50:19.475958+01
617	O14	\N	\N	6	2008-11-05 09:20:17.877+01	2	\N	\N	\N	1	325	2009-03-18 10:50:19.475958+01
618	O15	\N	\N	6	2008-11-05 09:20:17.877+01	2	\N	\N	\N	1	325	2009-03-18 10:50:19.475958+01
619	O16	\N	\N	6	2008-11-05 09:20:17.877+01	2	\N	\N	\N	1	325	2009-03-18 10:50:19.475958+01
620	O17	\N	\N	6	2008-11-05 09:20:17.877+01	2	\N	\N	\N	1	325	2009-03-18 10:50:19.475958+01
621	O18	\N	\N	6	2008-11-05 09:20:17.877+01	2	\N	\N	\N	1	325	2009-03-18 10:50:19.475958+01
622	O19	\N	\N	6	2008-11-05 09:20:17.877+01	2	\N	\N	\N	1	325	2009-03-18 10:50:19.475958+01
623	O20	\N	\N	6	2008-11-05 09:20:17.877+01	2	\N	\N	\N	1	325	2009-03-18 10:50:19.475958+01
624	O21	\N	\N	6	2008-11-05 09:20:17.877+01	2	\N	\N	\N	1	325	2009-03-18 10:50:19.475958+01
625	O22	\N	\N	6	2008-11-05 09:20:17.877+01	2	\N	\N	\N	1	325	2009-03-18 10:50:19.475958+01
626	P03	\N	\N	6	2008-11-05 09:20:17.877+01	2	\N	\N	\N	1	325	2009-03-18 10:50:19.475958+01
627	P04	\N	\N	6	2008-11-05 09:20:17.877+01	2	\N	\N	\N	1	325	2009-03-18 10:50:19.475958+01
628	P05	\N	\N	6	2008-11-05 09:20:17.877+01	2	\N	\N	\N	1	325	2009-03-18 10:50:19.475958+01
629	P06	\N	\N	6	2008-11-05 09:20:17.877+01	2	\N	\N	\N	1	325	2009-03-18 10:50:19.475958+01
630	P07	\N	\N	6	2008-11-05 09:20:17.877+01	2	\N	\N	\N	1	325	2009-03-18 10:50:19.475958+01
631	P08	\N	\N	6	2008-11-05 09:20:17.877+01	2	\N	\N	\N	1	325	2009-03-18 10:50:19.475958+01
632	P09	\N	\N	6	2008-11-05 09:20:17.877+01	2	\N	\N	\N	1	325	2009-03-18 10:50:19.475958+01
633	P10	\N	\N	6	2008-11-05 09:20:17.877+01	2	\N	\N	\N	1	325	2009-03-18 10:50:19.475958+01
634	P11	\N	\N	6	2008-11-05 09:20:17.877+01	2	\N	\N	\N	1	325	2009-03-18 10:50:19.475958+01
635	P12	\N	\N	6	2008-11-05 09:20:17.877+01	2	\N	\N	\N	1	325	2009-03-18 10:50:19.475958+01
636	P13	\N	\N	6	2008-11-05 09:20:17.877+01	2	\N	\N	\N	1	325	2009-03-18 10:50:19.475958+01
637	P14	\N	\N	6	2008-11-05 09:20:17.877+01	2	\N	\N	\N	1	325	2009-03-18 10:50:19.475958+01
638	P15	\N	\N	6	2008-11-05 09:20:17.877+01	2	\N	\N	\N	1	325	2009-03-18 10:50:19.475958+01
639	P16	\N	\N	6	2008-11-05 09:20:17.877+01	2	\N	\N	\N	1	325	2009-03-18 10:50:19.475958+01
640	P17	\N	\N	6	2008-11-05 09:20:17.877+01	2	\N	\N	\N	1	325	2009-03-18 10:50:19.475958+01
641	P18	\N	\N	6	2008-11-05 09:20:17.877+01	2	\N	\N	\N	1	325	2009-03-18 10:50:19.475958+01
642	P19	\N	\N	6	2008-11-05 09:20:17.877+01	2	\N	\N	\N	1	325	2009-03-18 10:50:19.475958+01
643	P20	\N	\N	6	2008-11-05 09:20:17.877+01	2	\N	\N	\N	1	325	2009-03-18 10:50:19.475958+01
644	P21	\N	\N	6	2008-11-05 09:20:17.877+01	2	\N	\N	\N	1	325	2009-03-18 10:50:19.475958+01
645	P22	\N	\N	6	2008-11-05 09:20:17.877+01	2	\N	\N	\N	1	325	2009-03-18 10:50:19.475958+01
646	MP	\N	\N	1	2008-11-05 09:20:47.161+01	2	\N	\N	1	\N	\N	2009-03-18 10:50:19.475958+01
647	A03	\N	\N	6	2008-11-05 09:20:47.161+01	2	\N	\N	1	\N	646	2009-03-18 10:50:19.475958+01
648	A04	\N	\N	6	2008-11-05 09:20:47.161+01	2	\N	\N	1	\N	646	2009-03-18 10:50:19.475958+01
649	A05	\N	\N	6	2008-11-05 09:20:47.161+01	2	\N	\N	1	\N	646	2009-03-18 10:50:19.475958+01
650	A06	\N	\N	6	2008-11-05 09:20:47.161+01	2	\N	\N	1	\N	646	2009-03-18 10:50:19.475958+01
651	A07	\N	\N	6	2008-11-05 09:20:47.161+01	2	\N	\N	1	\N	646	2009-03-18 10:50:19.475958+01
652	A08	\N	\N	6	2008-11-05 09:20:47.161+01	2	\N	\N	1	\N	646	2009-03-18 10:50:19.475958+01
653	A09	\N	\N	6	2008-11-05 09:20:47.161+01	2	\N	\N	1	\N	646	2009-03-18 10:50:19.475958+01
654	A10	\N	\N	6	2008-11-05 09:20:47.161+01	2	\N	\N	1	\N	646	2009-03-18 10:50:19.475958+01
655	A11	\N	\N	6	2008-11-05 09:20:47.161+01	2	\N	\N	1	\N	646	2009-03-18 10:50:19.475958+01
656	A12	\N	\N	6	2008-11-05 09:20:47.161+01	2	\N	\N	1	\N	646	2009-03-18 10:50:19.475958+01
657	A13	\N	\N	6	2008-11-05 09:20:47.161+01	2	\N	\N	1	\N	646	2009-03-18 10:50:19.475958+01
658	A14	\N	\N	6	2008-11-05 09:20:47.161+01	2	\N	\N	1	\N	646	2009-03-18 10:50:19.475958+01
659	A15	\N	\N	6	2008-11-05 09:20:47.161+01	2	\N	\N	1	\N	646	2009-03-18 10:50:19.475958+01
660	A16	\N	\N	6	2008-11-05 09:20:47.161+01	2	\N	\N	1	\N	646	2009-03-18 10:50:19.475958+01
661	A17	\N	\N	6	2008-11-05 09:20:47.161+01	2	\N	\N	1	\N	646	2009-03-18 10:50:19.475958+01
662	A18	\N	\N	6	2008-11-05 09:20:47.161+01	2	\N	\N	1	\N	646	2009-03-18 10:50:19.475958+01
663	A19	\N	\N	6	2008-11-05 09:20:47.161+01	2	\N	\N	1	\N	646	2009-03-18 10:50:19.475958+01
664	A20	\N	\N	6	2008-11-05 09:20:47.161+01	2	\N	\N	1	\N	646	2009-03-18 10:50:19.475958+01
665	A21	\N	\N	6	2008-11-05 09:20:47.161+01	2	\N	\N	1	\N	646	2009-03-18 10:50:19.475958+01
666	A22	\N	\N	6	2008-11-05 09:20:47.161+01	2	\N	\N	1	\N	646	2009-03-18 10:50:19.475958+01
667	B03	\N	\N	6	2008-11-05 09:20:47.161+01	2	\N	\N	1	\N	646	2009-03-18 10:50:19.475958+01
668	B04	\N	\N	6	2008-11-05 09:20:47.161+01	2	\N	\N	1	\N	646	2009-03-18 10:50:19.475958+01
669	B05	\N	\N	6	2008-11-05 09:20:47.161+01	2	\N	\N	1	\N	646	2009-03-18 10:50:19.475958+01
670	B06	\N	\N	6	2008-11-05 09:20:47.161+01	2	\N	\N	1	\N	646	2009-03-18 10:50:19.475958+01
671	B07	\N	\N	6	2008-11-05 09:20:47.161+01	2	\N	\N	1	\N	646	2009-03-18 10:50:19.475958+01
672	B08	\N	\N	6	2008-11-05 09:20:47.161+01	2	\N	\N	1	\N	646	2009-03-18 10:50:19.475958+01
673	B09	\N	\N	6	2008-11-05 09:20:47.161+01	2	\N	\N	1	\N	646	2009-03-18 10:50:19.475958+01
674	B10	\N	\N	6	2008-11-05 09:20:47.161+01	2	\N	\N	1	\N	646	2009-03-18 10:50:19.475958+01
675	B11	\N	\N	6	2008-11-05 09:20:47.161+01	2	\N	\N	1	\N	646	2009-03-18 10:50:19.475958+01
676	B12	\N	\N	6	2008-11-05 09:20:47.161+01	2	\N	\N	1	\N	646	2009-03-18 10:50:19.475958+01
677	B13	\N	\N	6	2008-11-05 09:20:47.161+01	2	\N	\N	1	\N	646	2009-03-18 10:50:19.475958+01
678	B14	\N	\N	6	2008-11-05 09:20:47.161+01	2	\N	\N	1	\N	646	2009-03-18 10:50:19.475958+01
679	B15	\N	\N	6	2008-11-05 09:20:47.161+01	2	\N	\N	1	\N	646	2009-03-18 10:50:19.475958+01
680	B16	\N	\N	6	2008-11-05 09:20:47.161+01	2	\N	\N	1	\N	646	2009-03-18 10:50:19.475958+01
681	B17	\N	\N	6	2008-11-05 09:20:47.161+01	2	\N	\N	1	\N	646	2009-03-18 10:50:19.475958+01
682	B18	\N	\N	6	2008-11-05 09:20:47.161+01	2	\N	\N	1	\N	646	2009-03-18 10:50:19.475958+01
683	B19	\N	\N	6	2008-11-05 09:20:47.161+01	2	\N	\N	1	\N	646	2009-03-18 10:50:19.475958+01
684	B20	\N	\N	6	2008-11-05 09:20:47.161+01	2	\N	\N	1	\N	646	2009-03-18 10:50:19.475958+01
685	B21	\N	\N	6	2008-11-05 09:20:47.161+01	2	\N	\N	1	\N	646	2009-03-18 10:50:19.475958+01
686	B22	\N	\N	6	2008-11-05 09:20:47.161+01	2	\N	\N	1	\N	646	2009-03-18 10:50:19.475958+01
687	C03	\N	\N	6	2008-11-05 09:20:47.161+01	2	\N	\N	1	\N	646	2009-03-18 10:50:19.475958+01
688	C04	\N	\N	6	2008-11-05 09:20:47.161+01	2	\N	\N	1	\N	646	2009-03-18 10:50:19.475958+01
689	C05	\N	\N	6	2008-11-05 09:20:47.161+01	2	\N	\N	1	\N	646	2009-03-18 10:50:19.475958+01
690	C06	\N	\N	6	2008-11-05 09:20:47.161+01	2	\N	\N	1	\N	646	2009-03-18 10:50:19.475958+01
691	C07	\N	\N	6	2008-11-05 09:20:47.161+01	2	\N	\N	1	\N	646	2009-03-18 10:50:19.475958+01
692	C08	\N	\N	6	2008-11-05 09:20:47.161+01	2	\N	\N	1	\N	646	2009-03-18 10:50:19.475958+01
693	C09	\N	\N	6	2008-11-05 09:20:47.161+01	2	\N	\N	1	\N	646	2009-03-18 10:50:19.475958+01
694	C10	\N	\N	6	2008-11-05 09:20:47.161+01	2	\N	\N	1	\N	646	2009-03-18 10:50:19.475958+01
695	C11	\N	\N	6	2008-11-05 09:20:47.161+01	2	\N	\N	1	\N	646	2009-03-18 10:50:19.475958+01
696	C12	\N	\N	6	2008-11-05 09:20:47.161+01	2	\N	\N	1	\N	646	2009-03-18 10:50:19.475958+01
697	C13	\N	\N	6	2008-11-05 09:20:47.161+01	2	\N	\N	1	\N	646	2009-03-18 10:50:19.475958+01
698	C14	\N	\N	6	2008-11-05 09:20:47.161+01	2	\N	\N	1	\N	646	2009-03-18 10:50:19.475958+01
699	C15	\N	\N	6	2008-11-05 09:20:47.161+01	2	\N	\N	1	\N	646	2009-03-18 10:50:19.475958+01
700	C16	\N	\N	6	2008-11-05 09:20:47.161+01	2	\N	\N	1	\N	646	2009-03-18 10:50:19.475958+01
701	C17	\N	\N	6	2008-11-05 09:20:47.161+01	2	\N	\N	1	\N	646	2009-03-18 10:50:19.475958+01
702	C18	\N	\N	6	2008-11-05 09:20:47.161+01	2	\N	\N	1	\N	646	2009-03-18 10:50:19.475958+01
703	C19	\N	\N	6	2008-11-05 09:20:47.161+01	2	\N	\N	1	\N	646	2009-03-18 10:50:19.475958+01
704	C20	\N	\N	6	2008-11-05 09:20:47.161+01	2	\N	\N	1	\N	646	2009-03-18 10:50:19.475958+01
705	C21	\N	\N	6	2008-11-05 09:20:47.161+01	2	\N	\N	1	\N	646	2009-03-18 10:50:19.475958+01
706	C22	\N	\N	6	2008-11-05 09:20:47.161+01	2	\N	\N	1	\N	646	2009-03-18 10:50:19.475958+01
707	D03	\N	\N	6	2008-11-05 09:20:47.161+01	2	\N	\N	1	\N	646	2009-03-18 10:50:19.475958+01
708	D04	\N	\N	6	2008-11-05 09:20:47.161+01	2	\N	\N	1	\N	646	2009-03-18 10:50:19.475958+01
709	D05	\N	\N	6	2008-11-05 09:20:47.161+01	2	\N	\N	1	\N	646	2009-03-18 10:50:19.475958+01
710	D06	\N	\N	6	2008-11-05 09:20:47.161+01	2	\N	\N	1	\N	646	2009-03-18 10:50:19.475958+01
711	D07	\N	\N	6	2008-11-05 09:20:47.161+01	2	\N	\N	1	\N	646	2009-03-18 10:50:19.475958+01
712	D08	\N	\N	6	2008-11-05 09:20:47.161+01	2	\N	\N	1	\N	646	2009-03-18 10:50:19.475958+01
713	D09	\N	\N	6	2008-11-05 09:20:47.161+01	2	\N	\N	1	\N	646	2009-03-18 10:50:19.475958+01
714	D10	\N	\N	6	2008-11-05 09:20:47.161+01	2	\N	\N	1	\N	646	2009-03-18 10:50:19.475958+01
715	D11	\N	\N	6	2008-11-05 09:20:47.161+01	2	\N	\N	1	\N	646	2009-03-18 10:50:19.475958+01
716	D12	\N	\N	6	2008-11-05 09:20:47.161+01	2	\N	\N	1	\N	646	2009-03-18 10:50:19.475958+01
717	D13	\N	\N	6	2008-11-05 09:20:47.161+01	2	\N	\N	1	\N	646	2009-03-18 10:50:19.475958+01
718	D14	\N	\N	6	2008-11-05 09:20:47.161+01	2	\N	\N	1	\N	646	2009-03-18 10:50:19.475958+01
719	D15	\N	\N	6	2008-11-05 09:20:47.161+01	2	\N	\N	1	\N	646	2009-03-18 10:50:19.475958+01
720	D16	\N	\N	6	2008-11-05 09:20:47.161+01	2	\N	\N	1	\N	646	2009-03-18 10:50:19.475958+01
721	D17	\N	\N	6	2008-11-05 09:20:47.161+01	2	\N	\N	1	\N	646	2009-03-18 10:50:19.475958+01
722	D18	\N	\N	6	2008-11-05 09:20:47.161+01	2	\N	\N	1	\N	646	2009-03-18 10:50:19.475958+01
723	D19	\N	\N	6	2008-11-05 09:20:47.161+01	2	\N	\N	1	\N	646	2009-03-18 10:50:19.475958+01
724	D20	\N	\N	6	2008-11-05 09:20:47.161+01	2	\N	\N	1	\N	646	2009-03-18 10:50:19.475958+01
725	D21	\N	\N	6	2008-11-05 09:20:47.161+01	2	\N	\N	1	\N	646	2009-03-18 10:50:19.475958+01
726	D22	\N	\N	6	2008-11-05 09:20:47.161+01	2	\N	\N	1	\N	646	2009-03-18 10:50:19.475958+01
727	E03	\N	\N	6	2008-11-05 09:20:47.161+01	2	\N	\N	1	\N	646	2009-03-18 10:50:19.475958+01
728	E04	\N	\N	6	2008-11-05 09:20:47.161+01	2	\N	\N	1	\N	646	2009-03-18 10:50:19.475958+01
729	E05	\N	\N	6	2008-11-05 09:20:47.161+01	2	\N	\N	1	\N	646	2009-03-18 10:50:19.475958+01
730	E06	\N	\N	6	2008-11-05 09:20:47.161+01	2	\N	\N	1	\N	646	2009-03-18 10:50:19.475958+01
731	E07	\N	\N	6	2008-11-05 09:20:47.161+01	2	\N	\N	1	\N	646	2009-03-18 10:50:19.475958+01
732	E08	\N	\N	6	2008-11-05 09:20:47.161+01	2	\N	\N	1	\N	646	2009-03-18 10:50:19.475958+01
733	E09	\N	\N	6	2008-11-05 09:20:47.161+01	2	\N	\N	1	\N	646	2009-03-18 10:50:19.475958+01
734	E10	\N	\N	6	2008-11-05 09:20:47.161+01	2	\N	\N	1	\N	646	2009-03-18 10:50:19.475958+01
735	E11	\N	\N	6	2008-11-05 09:20:47.161+01	2	\N	\N	1	\N	646	2009-03-18 10:50:19.475958+01
736	E12	\N	\N	6	2008-11-05 09:20:47.161+01	2	\N	\N	1	\N	646	2009-03-18 10:50:19.475958+01
737	E13	\N	\N	6	2008-11-05 09:20:47.161+01	2	\N	\N	1	\N	646	2009-03-18 10:50:19.475958+01
738	E14	\N	\N	6	2008-11-05 09:20:47.161+01	2	\N	\N	1	\N	646	2009-03-18 10:50:19.475958+01
739	E15	\N	\N	6	2008-11-05 09:20:47.161+01	2	\N	\N	1	\N	646	2009-03-18 10:50:19.475958+01
740	E16	\N	\N	6	2008-11-05 09:20:47.161+01	2	\N	\N	1	\N	646	2009-03-18 10:50:19.475958+01
741	E17	\N	\N	6	2008-11-05 09:20:47.161+01	2	\N	\N	1	\N	646	2009-03-18 10:50:19.475958+01
742	E18	\N	\N	6	2008-11-05 09:20:47.161+01	2	\N	\N	1	\N	646	2009-03-18 10:50:19.475958+01
743	E19	\N	\N	6	2008-11-05 09:20:47.161+01	2	\N	\N	1	\N	646	2009-03-18 10:50:19.475958+01
744	E20	\N	\N	6	2008-11-05 09:20:47.161+01	2	\N	\N	1	\N	646	2009-03-18 10:50:19.475958+01
745	E21	\N	\N	6	2008-11-05 09:20:47.161+01	2	\N	\N	1	\N	646	2009-03-18 10:50:19.475958+01
746	E22	\N	\N	6	2008-11-05 09:20:47.161+01	2	\N	\N	1	\N	646	2009-03-18 10:50:19.475958+01
747	F03	\N	\N	6	2008-11-05 09:20:47.161+01	2	\N	\N	1	\N	646	2009-03-18 10:50:19.475958+01
748	F04	\N	\N	6	2008-11-05 09:20:47.161+01	2	\N	\N	1	\N	646	2009-03-18 10:50:19.475958+01
749	F05	\N	\N	6	2008-11-05 09:20:47.161+01	2	\N	\N	1	\N	646	2009-03-18 10:50:19.475958+01
750	F06	\N	\N	6	2008-11-05 09:20:47.161+01	2	\N	\N	1	\N	646	2009-03-18 10:50:19.475958+01
751	F07	\N	\N	6	2008-11-05 09:20:47.161+01	2	\N	\N	1	\N	646	2009-03-18 10:50:19.475958+01
752	F08	\N	\N	6	2008-11-05 09:20:47.161+01	2	\N	\N	1	\N	646	2009-03-18 10:50:19.475958+01
753	F09	\N	\N	6	2008-11-05 09:20:47.161+01	2	\N	\N	1	\N	646	2009-03-18 10:50:19.475958+01
754	F10	\N	\N	6	2008-11-05 09:20:47.161+01	2	\N	\N	1	\N	646	2009-03-18 10:50:19.475958+01
755	F11	\N	\N	6	2008-11-05 09:20:47.161+01	2	\N	\N	1	\N	646	2009-03-18 10:50:19.475958+01
756	F12	\N	\N	6	2008-11-05 09:20:47.161+01	2	\N	\N	1	\N	646	2009-03-18 10:50:19.475958+01
757	F13	\N	\N	6	2008-11-05 09:20:47.161+01	2	\N	\N	1	\N	646	2009-03-18 10:50:19.475958+01
758	F14	\N	\N	6	2008-11-05 09:20:47.161+01	2	\N	\N	1	\N	646	2009-03-18 10:50:19.475958+01
759	F15	\N	\N	6	2008-11-05 09:20:47.161+01	2	\N	\N	1	\N	646	2009-03-18 10:50:19.475958+01
760	F16	\N	\N	6	2008-11-05 09:20:47.161+01	2	\N	\N	1	\N	646	2009-03-18 10:50:19.475958+01
761	F17	\N	\N	6	2008-11-05 09:20:47.161+01	2	\N	\N	1	\N	646	2009-03-18 10:50:19.475958+01
762	F18	\N	\N	6	2008-11-05 09:20:47.161+01	2	\N	\N	1	\N	646	2009-03-18 10:50:19.475958+01
763	F19	\N	\N	6	2008-11-05 09:20:47.161+01	2	\N	\N	1	\N	646	2009-03-18 10:50:19.475958+01
764	F20	\N	\N	6	2008-11-05 09:20:47.161+01	2	\N	\N	1	\N	646	2009-03-18 10:50:19.475958+01
765	F21	\N	\N	6	2008-11-05 09:20:47.161+01	2	\N	\N	1	\N	646	2009-03-18 10:50:19.475958+01
766	F22	\N	\N	6	2008-11-05 09:20:47.161+01	2	\N	\N	1	\N	646	2009-03-18 10:50:19.475958+01
767	G03	\N	\N	6	2008-11-05 09:20:47.161+01	2	\N	\N	1	\N	646	2009-03-18 10:50:19.475958+01
768	G04	\N	\N	6	2008-11-05 09:20:47.161+01	2	\N	\N	1	\N	646	2009-03-18 10:50:19.475958+01
769	G05	\N	\N	6	2008-11-05 09:20:47.161+01	2	\N	\N	1	\N	646	2009-03-18 10:50:19.475958+01
770	G06	\N	\N	6	2008-11-05 09:20:47.161+01	2	\N	\N	1	\N	646	2009-03-18 10:50:19.475958+01
771	G07	\N	\N	6	2008-11-05 09:20:47.161+01	2	\N	\N	1	\N	646	2009-03-18 10:50:19.475958+01
772	G08	\N	\N	6	2008-11-05 09:20:47.161+01	2	\N	\N	1	\N	646	2009-03-18 10:50:19.475958+01
773	G09	\N	\N	6	2008-11-05 09:20:47.161+01	2	\N	\N	1	\N	646	2009-03-18 10:50:19.475958+01
774	G10	\N	\N	6	2008-11-05 09:20:47.161+01	2	\N	\N	1	\N	646	2009-03-18 10:50:19.475958+01
775	G11	\N	\N	6	2008-11-05 09:20:47.161+01	2	\N	\N	1	\N	646	2009-03-18 10:50:19.475958+01
776	G12	\N	\N	6	2008-11-05 09:20:47.161+01	2	\N	\N	1	\N	646	2009-03-18 10:50:19.475958+01
777	G13	\N	\N	6	2008-11-05 09:20:47.161+01	2	\N	\N	1	\N	646	2009-03-18 10:50:19.475958+01
778	G14	\N	\N	6	2008-11-05 09:20:47.161+01	2	\N	\N	1	\N	646	2009-03-18 10:50:19.475958+01
779	G15	\N	\N	6	2008-11-05 09:20:47.161+01	2	\N	\N	1	\N	646	2009-03-18 10:50:19.475958+01
780	G16	\N	\N	6	2008-11-05 09:20:47.161+01	2	\N	\N	1	\N	646	2009-03-18 10:50:19.475958+01
781	G17	\N	\N	6	2008-11-05 09:20:47.161+01	2	\N	\N	1	\N	646	2009-03-18 10:50:19.475958+01
782	G18	\N	\N	6	2008-11-05 09:20:47.161+01	2	\N	\N	1	\N	646	2009-03-18 10:50:19.475958+01
783	G19	\N	\N	6	2008-11-05 09:20:47.161+01	2	\N	\N	1	\N	646	2009-03-18 10:50:19.475958+01
784	G20	\N	\N	6	2008-11-05 09:20:47.161+01	2	\N	\N	1	\N	646	2009-03-18 10:50:19.475958+01
785	G21	\N	\N	6	2008-11-05 09:20:47.161+01	2	\N	\N	1	\N	646	2009-03-18 10:50:19.475958+01
786	G22	\N	\N	6	2008-11-05 09:20:47.161+01	2	\N	\N	1	\N	646	2009-03-18 10:50:19.475958+01
787	H03	\N	\N	6	2008-11-05 09:20:47.161+01	2	\N	\N	1	\N	646	2009-03-18 10:50:19.475958+01
788	H04	\N	\N	6	2008-11-05 09:20:47.161+01	2	\N	\N	1	\N	646	2009-03-18 10:50:19.475958+01
789	H05	\N	\N	6	2008-11-05 09:20:47.161+01	2	\N	\N	1	\N	646	2009-03-18 10:50:19.475958+01
790	H06	\N	\N	6	2008-11-05 09:20:47.161+01	2	\N	\N	1	\N	646	2009-03-18 10:50:19.475958+01
791	H07	\N	\N	6	2008-11-05 09:20:47.161+01	2	\N	\N	1	\N	646	2009-03-18 10:50:19.475958+01
792	H08	\N	\N	6	2008-11-05 09:20:47.161+01	2	\N	\N	1	\N	646	2009-03-18 10:50:19.475958+01
793	H09	\N	\N	6	2008-11-05 09:20:47.161+01	2	\N	\N	1	\N	646	2009-03-18 10:50:19.475958+01
794	H10	\N	\N	6	2008-11-05 09:20:47.161+01	2	\N	\N	1	\N	646	2009-03-18 10:50:19.475958+01
795	H11	\N	\N	6	2008-11-05 09:20:47.161+01	2	\N	\N	1	\N	646	2009-03-18 10:50:19.475958+01
796	H12	\N	\N	6	2008-11-05 09:20:47.161+01	2	\N	\N	1	\N	646	2009-03-18 10:50:19.475958+01
797	H13	\N	\N	6	2008-11-05 09:20:47.161+01	2	\N	\N	1	\N	646	2009-03-18 10:50:19.475958+01
798	H14	\N	\N	6	2008-11-05 09:20:47.161+01	2	\N	\N	1	\N	646	2009-03-18 10:50:19.475958+01
799	H15	\N	\N	6	2008-11-05 09:20:47.161+01	2	\N	\N	1	\N	646	2009-03-18 10:50:19.475958+01
800	H16	\N	\N	6	2008-11-05 09:20:47.161+01	2	\N	\N	1	\N	646	2009-03-18 10:50:19.475958+01
801	H17	\N	\N	6	2008-11-05 09:20:47.161+01	2	\N	\N	1	\N	646	2009-03-18 10:50:19.475958+01
802	H18	\N	\N	6	2008-11-05 09:20:47.161+01	2	\N	\N	1	\N	646	2009-03-18 10:50:19.475958+01
803	H19	\N	\N	6	2008-11-05 09:20:47.161+01	2	\N	\N	1	\N	646	2009-03-18 10:50:19.475958+01
804	H20	\N	\N	6	2008-11-05 09:20:47.161+01	2	\N	\N	1	\N	646	2009-03-18 10:50:19.475958+01
805	H21	\N	\N	6	2008-11-05 09:20:47.161+01	2	\N	\N	1	\N	646	2009-03-18 10:50:19.475958+01
806	H22	\N	\N	6	2008-11-05 09:20:47.161+01	2	\N	\N	1	\N	646	2009-03-18 10:50:19.475958+01
807	I03	\N	\N	6	2008-11-05 09:20:47.161+01	2	\N	\N	1	\N	646	2009-03-18 10:50:19.475958+01
808	I04	\N	\N	6	2008-11-05 09:20:47.161+01	2	\N	\N	1	\N	646	2009-03-18 10:50:19.475958+01
809	I05	\N	\N	6	2008-11-05 09:20:47.161+01	2	\N	\N	1	\N	646	2009-03-18 10:50:19.475958+01
810	I06	\N	\N	6	2008-11-05 09:20:47.161+01	2	\N	\N	1	\N	646	2009-03-18 10:50:19.475958+01
811	I07	\N	\N	6	2008-11-05 09:20:47.161+01	2	\N	\N	1	\N	646	2009-03-18 10:50:19.475958+01
812	I08	\N	\N	6	2008-11-05 09:20:47.161+01	2	\N	\N	1	\N	646	2009-03-18 10:50:19.475958+01
813	I09	\N	\N	6	2008-11-05 09:20:47.161+01	2	\N	\N	1	\N	646	2009-03-18 10:50:19.475958+01
814	I10	\N	\N	6	2008-11-05 09:20:47.161+01	2	\N	\N	1	\N	646	2009-03-18 10:50:19.475958+01
815	I11	\N	\N	6	2008-11-05 09:20:47.161+01	2	\N	\N	1	\N	646	2009-03-18 10:50:19.475958+01
816	I12	\N	\N	6	2008-11-05 09:20:47.161+01	2	\N	\N	1	\N	646	2009-03-18 10:50:19.475958+01
817	I13	\N	\N	6	2008-11-05 09:20:47.161+01	2	\N	\N	1	\N	646	2009-03-18 10:50:19.475958+01
818	I14	\N	\N	6	2008-11-05 09:20:47.161+01	2	\N	\N	1	\N	646	2009-03-18 10:50:19.475958+01
819	I15	\N	\N	6	2008-11-05 09:20:47.161+01	2	\N	\N	1	\N	646	2009-03-18 10:50:19.475958+01
820	I16	\N	\N	6	2008-11-05 09:20:47.161+01	2	\N	\N	1	\N	646	2009-03-18 10:50:19.475958+01
821	I17	\N	\N	6	2008-11-05 09:20:47.161+01	2	\N	\N	1	\N	646	2009-03-18 10:50:19.475958+01
822	I18	\N	\N	6	2008-11-05 09:20:47.161+01	2	\N	\N	1	\N	646	2009-03-18 10:50:19.475958+01
823	I19	\N	\N	6	2008-11-05 09:20:47.161+01	2	\N	\N	1	\N	646	2009-03-18 10:50:19.475958+01
824	I20	\N	\N	6	2008-11-05 09:20:47.161+01	2	\N	\N	1	\N	646	2009-03-18 10:50:19.475958+01
825	I21	\N	\N	6	2008-11-05 09:20:47.161+01	2	\N	\N	1	\N	646	2009-03-18 10:50:19.475958+01
826	I22	\N	\N	6	2008-11-05 09:20:47.161+01	2	\N	\N	1	\N	646	2009-03-18 10:50:19.475958+01
827	J03	\N	\N	6	2008-11-05 09:20:47.161+01	2	\N	\N	1	\N	646	2009-03-18 10:50:19.475958+01
828	J04	\N	\N	6	2008-11-05 09:20:47.161+01	2	\N	\N	1	\N	646	2009-03-18 10:50:19.475958+01
829	J05	\N	\N	6	2008-11-05 09:20:47.161+01	2	\N	\N	1	\N	646	2009-03-18 10:50:19.475958+01
830	J06	\N	\N	6	2008-11-05 09:20:47.161+01	2	\N	\N	1	\N	646	2009-03-18 10:50:19.475958+01
831	J07	\N	\N	6	2008-11-05 09:20:47.161+01	2	\N	\N	1	\N	646	2009-03-18 10:50:19.475958+01
832	J08	\N	\N	6	2008-11-05 09:20:47.161+01	2	\N	\N	1	\N	646	2009-03-18 10:50:19.475958+01
833	J09	\N	\N	6	2008-11-05 09:20:47.161+01	2	\N	\N	1	\N	646	2009-03-18 10:50:19.475958+01
834	J10	\N	\N	6	2008-11-05 09:20:47.161+01	2	\N	\N	1	\N	646	2009-03-18 10:50:19.475958+01
835	J11	\N	\N	6	2008-11-05 09:20:47.161+01	2	\N	\N	1	\N	646	2009-03-18 10:50:19.475958+01
836	J12	\N	\N	6	2008-11-05 09:20:47.161+01	2	\N	\N	1	\N	646	2009-03-18 10:50:19.475958+01
837	J13	\N	\N	6	2008-11-05 09:20:47.161+01	2	\N	\N	1	\N	646	2009-03-18 10:50:19.475958+01
838	J14	\N	\N	6	2008-11-05 09:20:47.161+01	2	\N	\N	1	\N	646	2009-03-18 10:50:19.475958+01
839	J15	\N	\N	6	2008-11-05 09:20:47.161+01	2	\N	\N	1	\N	646	2009-03-18 10:50:19.475958+01
840	J16	\N	\N	6	2008-11-05 09:20:47.161+01	2	\N	\N	1	\N	646	2009-03-18 10:50:19.475958+01
841	J17	\N	\N	6	2008-11-05 09:20:47.161+01	2	\N	\N	1	\N	646	2009-03-18 10:50:19.475958+01
842	J18	\N	\N	6	2008-11-05 09:20:47.161+01	2	\N	\N	1	\N	646	2009-03-18 10:50:19.475958+01
843	J19	\N	\N	6	2008-11-05 09:20:47.161+01	2	\N	\N	1	\N	646	2009-03-18 10:50:19.475958+01
844	J20	\N	\N	6	2008-11-05 09:20:47.161+01	2	\N	\N	1	\N	646	2009-03-18 10:50:19.475958+01
845	J21	\N	\N	6	2008-11-05 09:20:47.161+01	2	\N	\N	1	\N	646	2009-03-18 10:50:19.475958+01
846	J22	\N	\N	6	2008-11-05 09:20:47.161+01	2	\N	\N	1	\N	646	2009-03-18 10:50:19.475958+01
847	K03	\N	\N	6	2008-11-05 09:20:47.161+01	2	\N	\N	1	\N	646	2009-03-18 10:50:19.475958+01
848	K04	\N	\N	6	2008-11-05 09:20:47.161+01	2	\N	\N	1	\N	646	2009-03-18 10:50:19.475958+01
849	K05	\N	\N	6	2008-11-05 09:20:47.161+01	2	\N	\N	1	\N	646	2009-03-18 10:50:19.475958+01
850	K06	\N	\N	6	2008-11-05 09:20:47.161+01	2	\N	\N	1	\N	646	2009-03-18 10:50:19.475958+01
851	K07	\N	\N	6	2008-11-05 09:20:47.161+01	2	\N	\N	1	\N	646	2009-03-18 10:50:19.475958+01
852	K08	\N	\N	6	2008-11-05 09:20:47.161+01	2	\N	\N	1	\N	646	2009-03-18 10:50:19.475958+01
853	K09	\N	\N	6	2008-11-05 09:20:47.161+01	2	\N	\N	1	\N	646	2009-03-18 10:50:19.475958+01
854	K10	\N	\N	6	2008-11-05 09:20:47.161+01	2	\N	\N	1	\N	646	2009-03-18 10:50:19.475958+01
855	K11	\N	\N	6	2008-11-05 09:20:47.161+01	2	\N	\N	1	\N	646	2009-03-18 10:50:19.475958+01
856	K12	\N	\N	6	2008-11-05 09:20:47.161+01	2	\N	\N	1	\N	646	2009-03-18 10:50:19.475958+01
857	K13	\N	\N	6	2008-11-05 09:20:47.161+01	2	\N	\N	1	\N	646	2009-03-18 10:50:19.475958+01
858	K14	\N	\N	6	2008-11-05 09:20:47.161+01	2	\N	\N	1	\N	646	2009-03-18 10:50:19.475958+01
859	K15	\N	\N	6	2008-11-05 09:20:47.161+01	2	\N	\N	1	\N	646	2009-03-18 10:50:19.475958+01
860	K16	\N	\N	6	2008-11-05 09:20:47.161+01	2	\N	\N	1	\N	646	2009-03-18 10:50:19.475958+01
861	K17	\N	\N	6	2008-11-05 09:20:47.161+01	2	\N	\N	1	\N	646	2009-03-18 10:50:19.475958+01
862	K18	\N	\N	6	2008-11-05 09:20:47.161+01	2	\N	\N	1	\N	646	2009-03-18 10:50:19.475958+01
863	K19	\N	\N	6	2008-11-05 09:20:47.161+01	2	\N	\N	1	\N	646	2009-03-18 10:50:19.475958+01
864	K20	\N	\N	6	2008-11-05 09:20:47.161+01	2	\N	\N	1	\N	646	2009-03-18 10:50:19.475958+01
865	K21	\N	\N	6	2008-11-05 09:20:47.161+01	2	\N	\N	1	\N	646	2009-03-18 10:50:19.475958+01
866	K22	\N	\N	6	2008-11-05 09:20:47.161+01	2	\N	\N	1	\N	646	2009-03-18 10:50:19.475958+01
867	L03	\N	\N	6	2008-11-05 09:20:47.161+01	2	\N	\N	1	\N	646	2009-03-18 10:50:19.475958+01
868	L04	\N	\N	6	2008-11-05 09:20:47.161+01	2	\N	\N	1	\N	646	2009-03-18 10:50:19.475958+01
869	L05	\N	\N	6	2008-11-05 09:20:47.161+01	2	\N	\N	1	\N	646	2009-03-18 10:50:19.475958+01
870	L06	\N	\N	6	2008-11-05 09:20:47.161+01	2	\N	\N	1	\N	646	2009-03-18 10:50:19.475958+01
871	L07	\N	\N	6	2008-11-05 09:20:47.161+01	2	\N	\N	1	\N	646	2009-03-18 10:50:19.475958+01
872	L08	\N	\N	6	2008-11-05 09:20:47.161+01	2	\N	\N	1	\N	646	2009-03-18 10:50:19.475958+01
873	L09	\N	\N	6	2008-11-05 09:20:47.161+01	2	\N	\N	1	\N	646	2009-03-18 10:50:19.475958+01
874	L10	\N	\N	6	2008-11-05 09:20:47.161+01	2	\N	\N	1	\N	646	2009-03-18 10:50:19.475958+01
875	L11	\N	\N	6	2008-11-05 09:20:47.161+01	2	\N	\N	1	\N	646	2009-03-18 10:50:19.475958+01
876	L12	\N	\N	6	2008-11-05 09:20:47.161+01	2	\N	\N	1	\N	646	2009-03-18 10:50:19.475958+01
877	L13	\N	\N	6	2008-11-05 09:20:47.161+01	2	\N	\N	1	\N	646	2009-03-18 10:50:19.475958+01
878	L14	\N	\N	6	2008-11-05 09:20:47.161+01	2	\N	\N	1	\N	646	2009-03-18 10:50:19.475958+01
879	L15	\N	\N	6	2008-11-05 09:20:47.161+01	2	\N	\N	1	\N	646	2009-03-18 10:50:19.475958+01
880	L16	\N	\N	6	2008-11-05 09:20:47.161+01	2	\N	\N	1	\N	646	2009-03-18 10:50:19.475958+01
881	L17	\N	\N	6	2008-11-05 09:20:47.161+01	2	\N	\N	1	\N	646	2009-03-18 10:50:19.475958+01
882	L18	\N	\N	6	2008-11-05 09:20:47.161+01	2	\N	\N	1	\N	646	2009-03-18 10:50:19.475958+01
883	L19	\N	\N	6	2008-11-05 09:20:47.161+01	2	\N	\N	1	\N	646	2009-03-18 10:50:19.475958+01
884	L20	\N	\N	6	2008-11-05 09:20:47.161+01	2	\N	\N	1	\N	646	2009-03-18 10:50:19.475958+01
885	L21	\N	\N	6	2008-11-05 09:20:47.161+01	2	\N	\N	1	\N	646	2009-03-18 10:50:19.475958+01
886	L22	\N	\N	6	2008-11-05 09:20:47.161+01	2	\N	\N	1	\N	646	2009-03-18 10:50:19.475958+01
887	M03	\N	\N	6	2008-11-05 09:20:47.161+01	2	\N	\N	1	\N	646	2009-03-18 10:50:19.475958+01
888	M04	\N	\N	6	2008-11-05 09:20:47.161+01	2	\N	\N	1	\N	646	2009-03-18 10:50:19.475958+01
889	M05	\N	\N	6	2008-11-05 09:20:47.161+01	2	\N	\N	1	\N	646	2009-03-18 10:50:19.475958+01
890	M06	\N	\N	6	2008-11-05 09:20:47.161+01	2	\N	\N	1	\N	646	2009-03-18 10:50:19.475958+01
891	M07	\N	\N	6	2008-11-05 09:20:47.161+01	2	\N	\N	1	\N	646	2009-03-18 10:50:19.475958+01
892	M08	\N	\N	6	2008-11-05 09:20:47.161+01	2	\N	\N	1	\N	646	2009-03-18 10:50:19.475958+01
893	M09	\N	\N	6	2008-11-05 09:20:47.161+01	2	\N	\N	1	\N	646	2009-03-18 10:50:19.475958+01
894	M10	\N	\N	6	2008-11-05 09:20:47.161+01	2	\N	\N	1	\N	646	2009-03-18 10:50:19.475958+01
895	M11	\N	\N	6	2008-11-05 09:20:47.161+01	2	\N	\N	1	\N	646	2009-03-18 10:50:19.475958+01
896	M12	\N	\N	6	2008-11-05 09:20:47.161+01	2	\N	\N	1	\N	646	2009-03-18 10:50:19.475958+01
897	M13	\N	\N	6	2008-11-05 09:20:47.161+01	2	\N	\N	1	\N	646	2009-03-18 10:50:19.475958+01
898	M14	\N	\N	6	2008-11-05 09:20:47.161+01	2	\N	\N	1	\N	646	2009-03-18 10:50:19.475958+01
899	M15	\N	\N	6	2008-11-05 09:20:47.161+01	2	\N	\N	1	\N	646	2009-03-18 10:50:19.475958+01
900	M16	\N	\N	6	2008-11-05 09:20:47.161+01	2	\N	\N	1	\N	646	2009-03-18 10:50:19.475958+01
901	M17	\N	\N	6	2008-11-05 09:20:47.161+01	2	\N	\N	1	\N	646	2009-03-18 10:50:19.475958+01
902	M18	\N	\N	6	2008-11-05 09:20:47.161+01	2	\N	\N	1	\N	646	2009-03-18 10:50:19.475958+01
903	M19	\N	\N	6	2008-11-05 09:20:47.161+01	2	\N	\N	1	\N	646	2009-03-18 10:50:19.475958+01
904	M20	\N	\N	6	2008-11-05 09:20:47.161+01	2	\N	\N	1	\N	646	2009-03-18 10:50:19.475958+01
905	M21	\N	\N	6	2008-11-05 09:20:47.161+01	2	\N	\N	1	\N	646	2009-03-18 10:50:19.475958+01
906	M22	\N	\N	6	2008-11-05 09:20:47.161+01	2	\N	\N	1	\N	646	2009-03-18 10:50:19.475958+01
907	N03	\N	\N	6	2008-11-05 09:20:47.161+01	2	\N	\N	1	\N	646	2009-03-18 10:50:19.475958+01
908	N04	\N	\N	6	2008-11-05 09:20:47.161+01	2	\N	\N	1	\N	646	2009-03-18 10:50:19.475958+01
909	N05	\N	\N	6	2008-11-05 09:20:47.161+01	2	\N	\N	1	\N	646	2009-03-18 10:50:19.475958+01
910	N06	\N	\N	6	2008-11-05 09:20:47.161+01	2	\N	\N	1	\N	646	2009-03-18 10:50:19.475958+01
911	N07	\N	\N	6	2008-11-05 09:20:47.161+01	2	\N	\N	1	\N	646	2009-03-18 10:50:19.475958+01
912	N08	\N	\N	6	2008-11-05 09:20:47.161+01	2	\N	\N	1	\N	646	2009-03-18 10:50:19.475958+01
913	N09	\N	\N	6	2008-11-05 09:20:47.161+01	2	\N	\N	1	\N	646	2009-03-18 10:50:19.475958+01
914	N10	\N	\N	6	2008-11-05 09:20:47.161+01	2	\N	\N	1	\N	646	2009-03-18 10:50:19.475958+01
915	N11	\N	\N	6	2008-11-05 09:20:47.161+01	2	\N	\N	1	\N	646	2009-03-18 10:50:19.475958+01
916	N12	\N	\N	6	2008-11-05 09:20:47.161+01	2	\N	\N	1	\N	646	2009-03-18 10:50:19.475958+01
917	N13	\N	\N	6	2008-11-05 09:20:47.161+01	2	\N	\N	1	\N	646	2009-03-18 10:50:19.475958+01
918	N14	\N	\N	6	2008-11-05 09:20:47.161+01	2	\N	\N	1	\N	646	2009-03-18 10:50:19.475958+01
919	N15	\N	\N	6	2008-11-05 09:20:47.161+01	2	\N	\N	1	\N	646	2009-03-18 10:50:19.475958+01
920	N16	\N	\N	6	2008-11-05 09:20:47.161+01	2	\N	\N	1	\N	646	2009-03-18 10:50:19.475958+01
921	N17	\N	\N	6	2008-11-05 09:20:47.161+01	2	\N	\N	1	\N	646	2009-03-18 10:50:19.475958+01
922	N18	\N	\N	6	2008-11-05 09:20:47.161+01	2	\N	\N	1	\N	646	2009-03-18 10:50:19.475958+01
923	N19	\N	\N	6	2008-11-05 09:20:47.161+01	2	\N	\N	1	\N	646	2009-03-18 10:50:19.475958+01
924	N20	\N	\N	6	2008-11-05 09:20:47.161+01	2	\N	\N	1	\N	646	2009-03-18 10:50:19.475958+01
925	N21	\N	\N	6	2008-11-05 09:20:47.161+01	2	\N	\N	1	\N	646	2009-03-18 10:50:19.475958+01
926	N22	\N	\N	6	2008-11-05 09:20:47.161+01	2	\N	\N	1	\N	646	2009-03-18 10:50:19.475958+01
927	O03	\N	\N	6	2008-11-05 09:20:47.161+01	2	\N	\N	1	\N	646	2009-03-18 10:50:19.475958+01
928	O04	\N	\N	6	2008-11-05 09:20:47.161+01	2	\N	\N	1	\N	646	2009-03-18 10:50:19.475958+01
929	O05	\N	\N	6	2008-11-05 09:20:47.161+01	2	\N	\N	1	\N	646	2009-03-18 10:50:19.475958+01
930	O06	\N	\N	6	2008-11-05 09:20:47.161+01	2	\N	\N	1	\N	646	2009-03-18 10:50:19.475958+01
931	O07	\N	\N	6	2008-11-05 09:20:47.161+01	2	\N	\N	1	\N	646	2009-03-18 10:50:19.475958+01
932	O08	\N	\N	6	2008-11-05 09:20:47.161+01	2	\N	\N	1	\N	646	2009-03-18 10:50:19.475958+01
933	O09	\N	\N	6	2008-11-05 09:20:47.161+01	2	\N	\N	1	\N	646	2009-03-18 10:50:19.475958+01
934	O10	\N	\N	6	2008-11-05 09:20:47.161+01	2	\N	\N	1	\N	646	2009-03-18 10:50:19.475958+01
935	O11	\N	\N	6	2008-11-05 09:20:47.161+01	2	\N	\N	1	\N	646	2009-03-18 10:50:19.475958+01
936	O12	\N	\N	6	2008-11-05 09:20:47.161+01	2	\N	\N	1	\N	646	2009-03-18 10:50:19.475958+01
937	O13	\N	\N	6	2008-11-05 09:20:47.161+01	2	\N	\N	1	\N	646	2009-03-18 10:50:19.475958+01
938	O14	\N	\N	6	2008-11-05 09:20:47.161+01	2	\N	\N	1	\N	646	2009-03-18 10:50:19.475958+01
939	O15	\N	\N	6	2008-11-05 09:20:47.161+01	2	\N	\N	1	\N	646	2009-03-18 10:50:19.475958+01
940	O16	\N	\N	6	2008-11-05 09:20:47.161+01	2	\N	\N	1	\N	646	2009-03-18 10:50:19.475958+01
941	O17	\N	\N	6	2008-11-05 09:20:47.161+01	2	\N	\N	1	\N	646	2009-03-18 10:50:19.475958+01
942	O18	\N	\N	6	2008-11-05 09:20:47.161+01	2	\N	\N	1	\N	646	2009-03-18 10:50:19.475958+01
943	O19	\N	\N	6	2008-11-05 09:20:47.161+01	2	\N	\N	1	\N	646	2009-03-18 10:50:19.475958+01
944	O20	\N	\N	6	2008-11-05 09:20:47.161+01	2	\N	\N	1	\N	646	2009-03-18 10:50:19.475958+01
945	O21	\N	\N	6	2008-11-05 09:20:47.161+01	2	\N	\N	1	\N	646	2009-03-18 10:50:19.475958+01
946	O22	\N	\N	6	2008-11-05 09:20:47.161+01	2	\N	\N	1	\N	646	2009-03-18 10:50:19.475958+01
947	P03	\N	\N	6	2008-11-05 09:20:47.161+01	2	\N	\N	1	\N	646	2009-03-18 10:50:19.475958+01
948	P04	\N	\N	6	2008-11-05 09:20:47.161+01	2	\N	\N	1	\N	646	2009-03-18 10:50:19.475958+01
949	P05	\N	\N	6	2008-11-05 09:20:47.161+01	2	\N	\N	1	\N	646	2009-03-18 10:50:19.475958+01
950	P06	\N	\N	6	2008-11-05 09:20:47.161+01	2	\N	\N	1	\N	646	2009-03-18 10:50:19.475958+01
951	P07	\N	\N	6	2008-11-05 09:20:47.161+01	2	\N	\N	1	\N	646	2009-03-18 10:50:19.475958+01
952	P08	\N	\N	6	2008-11-05 09:20:47.161+01	2	\N	\N	1	\N	646	2009-03-18 10:50:19.475958+01
953	P09	\N	\N	6	2008-11-05 09:20:47.161+01	2	\N	\N	1	\N	646	2009-03-18 10:50:19.475958+01
954	P10	\N	\N	6	2008-11-05 09:20:47.161+01	2	\N	\N	1	\N	646	2009-03-18 10:50:19.475958+01
955	P11	\N	\N	6	2008-11-05 09:20:47.161+01	2	\N	\N	1	\N	646	2009-03-18 10:50:19.475958+01
956	P12	\N	\N	6	2008-11-05 09:20:47.161+01	2	\N	\N	1	\N	646	2009-03-18 10:50:19.475958+01
957	P13	\N	\N	6	2008-11-05 09:20:47.161+01	2	\N	\N	1	\N	646	2009-03-18 10:50:19.475958+01
958	P14	\N	\N	6	2008-11-05 09:20:47.161+01	2	\N	\N	1	\N	646	2009-03-18 10:50:19.475958+01
959	P15	\N	\N	6	2008-11-05 09:20:47.161+01	2	\N	\N	1	\N	646	2009-03-18 10:50:19.475958+01
960	P16	\N	\N	6	2008-11-05 09:20:47.161+01	2	\N	\N	1	\N	646	2009-03-18 10:50:19.475958+01
961	P17	\N	\N	6	2008-11-05 09:20:47.161+01	2	\N	\N	1	\N	646	2009-03-18 10:50:19.475958+01
962	P18	\N	\N	6	2008-11-05 09:20:47.161+01	2	\N	\N	1	\N	646	2009-03-18 10:50:19.475958+01
963	P19	\N	\N	6	2008-11-05 09:20:47.161+01	2	\N	\N	1	\N	646	2009-03-18 10:50:19.475958+01
964	P20	\N	\N	6	2008-11-05 09:20:47.161+01	2	\N	\N	1	\N	646	2009-03-18 10:50:19.475958+01
965	P21	\N	\N	6	2008-11-05 09:20:47.161+01	2	\N	\N	1	\N	646	2009-03-18 10:50:19.475958+01
966	P22	\N	\N	6	2008-11-05 09:20:47.161+01	2	\N	\N	1	\N	646	2009-03-18 10:50:19.475958+01
974	CL-3V	\N	\N	5	2008-11-05 09:21:44.03+01	2	\N	\N	\N	1	\N	2009-03-18 10:50:19.475958+01
975	A01	\N	\N	6	2008-11-05 09:21:44.03+01	2	\N	\N	\N	1	974	2009-03-18 10:50:19.475958+01
976	A02	\N	\N	6	2008-11-05 09:21:44.03+01	2	\N	\N	\N	1	974	2009-03-18 10:50:19.475958+01
979	3V-125	325	325	2	2008-11-05 09:21:45.092+01	2	\N	\N	\N	1	\N	2009-03-18 10:50:19.475958+01
980	3V-126	325	325	2	2008-11-05 09:21:45.092+01	2	\N	\N	\N	1	\N	2009-03-18 10:50:19.475958+01
981	DP	646	646	2	2008-11-05 09:21:45.092+01	2	\N	\N	1	\N	\N	2009-03-18 10:50:19.475958+01
986	3VCP5	325	979	3	2008-11-05 09:21:46.559+01	2	\N	974	\N	1	\N	2009-03-18 10:50:19.475958+01
987	3VCP6	325	979	3	2008-11-05 09:21:46.559+01	2	\N	974	\N	1	\N	2009-03-18 10:50:19.475958+01
988	3VCP7	325	979	3	2008-11-05 09:21:46.559+01	2	\N	974	\N	1	\N	2009-03-18 10:50:19.475958+01
989	3VCP8	325	979	3	2008-11-05 09:21:46.559+01	2	\N	974	\N	1	\N	2009-03-18 10:50:19.475958+01
982	3VCP1	4	977	3	2008-11-05 09:21:46.559+01	2	1	974	\N	1	\N	2009-03-18 10:50:19.475958+01
990	3VRP1A	4	982	4	2008-11-05 09:21:47.449+01	2	1	\N	\N	1	\N	2009-03-18 10:50:19.475958+01
991	3VRP1B	4	982	4	2008-11-05 09:21:47.449+01	2	1	\N	\N	1	\N	2009-03-18 10:50:19.475958+01
983	3VCP2	4	977	3	2008-11-05 09:21:46.559+01	2	1	974	\N	1	\N	2009-03-18 10:50:19.475958+01
992	3VRP2	4	983	4	2008-11-05 09:21:47.449+01	2	1	\N	\N	1	\N	2009-03-18 10:50:19.475958+01
984	3VCP3	325	979	3	2008-11-05 09:21:46.559+01	2	2	974	\N	1	\N	2009-03-18 10:50:19.475958+01
993	3VRP3T	325	984	4	2008-11-05 09:21:47.449+01	2	2	\N	\N	1	\N	2009-03-18 10:50:19.475958+01
985	3VCP4	325	979	3	2008-11-05 09:21:46.559+01	2	2	974	\N	1	\N	2009-03-18 10:50:19.475958+01
4	MP001-1	\N	\N	1	2008-11-05 09:19:48.718+01	2	3	\N	\N	1	\N	2009-03-18 10:50:19.475958+01
977	3V-123	4	4	2	2008-11-05 09:21:45.092+01	2	3	\N	\N	1	\N	2009-03-18 10:50:19.475958+01
978	3V-124	4	4	2	2008-11-05 09:21:45.092+01	2	3	\N	\N	1	\N	2009-03-18 10:50:19.475958+01
994	B1B3	\N	\N	5	2008-11-05 09:22:24.274+01	2	\N	\N	\N	1	\N	2009-03-18 10:50:19.475958+01
995	B01	\N	\N	6	2008-11-05 09:22:24.274+01	2	\N	\N	\N	1	994	2009-03-18 10:50:19.475958+01
996	B03	\N	\N	6	2008-11-05 09:22:24.274+01	2	\N	\N	\N	1	994	2009-03-18 10:50:19.475958+01
997	C1	\N	\N	5	2008-11-05 09:22:24.898+01	2	\N	\N	\N	1	\N	2009-03-18 10:50:19.475958+01
998	C01	\N	\N	6	2008-11-05 09:22:24.898+01	2	\N	\N	\N	1	997	2009-03-18 10:50:19.475958+01
999	C2	\N	\N	5	2008-11-05 09:22:25.507+01	2	\N	\N	\N	1	\N	2009-03-18 10:50:19.475958+01
1000	C02	\N	\N	6	2008-11-05 09:22:25.507+01	2	\N	\N	\N	1	999	2009-03-18 10:50:19.475958+01
1001	C3	\N	\N	5	2008-11-05 09:22:26.038+01	2	\N	\N	\N	1	\N	2009-03-18 10:50:19.475958+01
1002	C03	\N	\N	6	2008-11-05 09:22:26.038+01	2	\N	\N	\N	1	1001	2009-03-18 10:50:19.475958+01
1008	MP1-MIXED	\N	\N	1	2008-11-05 09:22:27.63+01	2	\N	997	\N	1	\N	2009-03-18 10:50:19.475958+01
1009	A01	\N	\N	6	2008-11-05 09:22:27.63+01	2	\N	\N	\N	1	1008	2009-03-18 10:50:19.475958+01
1010	A02	\N	\N	6	2008-11-05 09:22:27.63+01	2	\N	\N	\N	1	1008	2009-03-18 10:50:19.475958+01
1011	A03	\N	\N	6	2008-11-05 09:22:27.63+01	2	\N	\N	\N	1	1008	2009-03-18 10:50:19.475958+01
1012	B02	\N	\N	6	2008-11-05 09:22:27.63+01	2	\N	\N	\N	1	1008	2009-03-18 10:50:19.475958+01
1013	MP2-NO-CL	\N	\N	1	2008-11-05 09:22:28.301+01	2	\N	\N	\N	1	\N	2009-03-18 10:50:19.475958+01
1014	A01	\N	\N	6	2008-11-05 09:22:28.301+01	2	\N	\N	\N	1	1013	2009-03-18 10:50:19.475958+01
1015	A02	\N	\N	6	2008-11-05 09:22:28.301+01	2	\N	\N	\N	1	1013	2009-03-18 10:50:19.475958+01
1016	A03	\N	\N	6	2008-11-05 09:22:28.301+01	2	\N	\N	\N	1	1013	2009-03-18 10:50:19.475958+01
1017	B02	\N	\N	6	2008-11-05 09:22:28.301+01	2	\N	\N	\N	1	1013	2009-03-18 10:50:19.475958+01
1018	C03	\N	\N	6	2008-11-05 09:22:28.301+01	2	\N	\N	\N	1	1013	2009-03-18 10:50:19.475958+01
1019	DP1-A	1008	1008	2	2008-11-05 09:22:29.035+01	2	\N	999	\N	1	\N	2009-03-18 10:50:19.475958+01
1020	DP1-B	1008	1008	2	2008-11-05 09:22:29.035+01	2	\N	\N	\N	1	\N	2009-03-18 10:50:19.475958+01
1021	DP2-A	1013	1013	2	2008-11-05 09:22:29.035+01	2	\N	\N	\N	1	\N	2009-03-18 10:50:19.475958+01
1023	CP1-A1	1008	1019	3	2008-11-05 09:22:29.94+01	2	\N	1001	\N	1	\N	2009-03-18 10:50:19.475958+01
1024	CP1-A2	1008	1019	3	2008-11-05 09:22:29.94+01	2	\N	\N	\N	1	\N	2009-03-18 10:50:19.475958+01
1025	CP1-B1	1008	1020	3	2008-11-05 09:22:29.94+01	2	\N	\N	\N	1	\N	2009-03-18 10:50:19.475958+01
1026	CP2-A1	1013	1021	3	2008-11-05 09:22:29.94+01	2	\N	994	\N	1	\N	2009-03-18 10:50:19.475958+01
1029	RP1-A2X	1008	1024	4	2008-11-05 09:22:31.564+01	2	\N	994	\N	1	\N	2009-03-18 10:50:19.475958+01
1030	RP1-B1X	1008	1025	4	2008-11-05 09:22:31.564+01	2	\N	999	\N	1	\N	2009-03-18 10:50:19.475958+01
1031	RP2-A1X	1013	1026	4	2008-11-05 09:22:31.564+01	2	\N	997	\N	1	\N	2009-03-18 10:50:19.475958+01
1032	EMPTY-MP	\N	\N	1	2008-11-05 09:22:43.584+01	2	\N	\N	\N	1	\N	2009-03-18 10:50:19.475958+01
1042	CP-TEST-1	\N	\N	3	2009-02-09 12:09:19.327518+01	2	\N	\N	\N	1	\N	2009-03-18 10:50:19.475958+01
1043	CP-TEST-2	\N	\N	3	2009-02-09 12:09:50.077973+01	2	\N	\N	\N	1	\N	2009-03-18 10:50:19.475958+01
1044	CP-TEST-3	\N	\N	3	2009-02-09 12:16:25.616106+01	2	\N	\N	\N	1	\N	2009-03-18 10:50:19.475958+01
