1	\\x636f646509555345522e6465736372697074696f6e0973747564795f4f626a6563740973747564795f6f626a6563745f547970650970726f6a6563740970726f63657373696e675f696e737472756374696f6e730963656c6c5f706c617465730a4558503509412073696d706c65206578706572696d656e7409564952555331095649525553095959093e2070726f63657373696e672d696e737472756374696f6e732e747874093e2063656c6c506c617465732e7478740a4558503609616e6f74686572206578706572696d656e7409564952555331095649525553096b6f6b6f09090a
2	\\x636f646509555345522e6465736372697074696f6e0973747564795f4f626a6563740973747564795f6f626a6563745f547970650970726f6a6563740970726f63657373696e675f696e737472756374696f6e730963656c6c5f706c617465730a4558503509412073696d706c65206578706572696d656e7409564952555331095649525553095959093e2070726f63657373696e672d696e737472756374696f6e732e747874093e2063656c6c506c617465732e7478740a4558503609616e6f74686572206578706572696d656e7409564952555331095649525553096b6f6b6f0909
3	\\x636f646509555345522e6465736372697074696f6e0973747564795f4f626a6563740973747564795f6f626a6563745f547970650970726f6a6563740970726f63657373696e675f696e737472756374696f6e730963656c6c5f706c617465730a4558503509412073696d706c65206578706572696d656e7409564952555331095649525553095959093e2070726f63657373696e672d696e737472756374696f6e732e747874093e2063656c6c506c617465732e7478740a4558503609616e6f74686572206578706572696d656e7409564952555331095649525553096b6f6b6f09
4	\\x636f646509555345522e6465736372697074696f6e0973747564795f4f626a6563740973747564795f6f626a6563745f547970650970726f6a6563740970726f63657373696e675f696e737472756374696f6e730963656c6c5f706c617465730a4558503509412073696d706c65206578706572696d656e7409564952555331095649525553095959093e2070726f63657373696e672d696e737472756374696f6e732e747874093e2063656c6c506c617465732e7478740a4558503609616e6f74686572206578706572696d656e7409564952555331095649525553096b6f6b6f
5	\\x636f646509555345522e6465736372697074696f6e0973747564795f4f626a6563740973747564795f6f626a6563745f547970650970726f6a6563740970726f63657373696e675f696e737472756374696f6e730963656c6c5f706c617465730a4558503509412073696d706c65206578706572696d656e7409564952555331095649525553095959093e2070726f63657373696e672d696e737472756374696f6e732e747874093e2063656c6c506c617465732e7478740a4558503609616e6f74686572206578706572696d656e7409564952555331095649525553096b6f
6	\\x33564350310a33564350320a3356435033
7	\\x616c610a6d610a6b6f74610a610a6b6f740a6a6573740a6964696f7461
8	\\x33564350310a33564350320a3356435033
9	\\x33564350310a33564350320a3356435033
10	\\x33564350310a33564350320a3356435033
11	\\x33564350310a33564350320a3356435033
12	\\x33564350310a33564350320a3356435033
