<?xml version="1.0"?>
<!DOCTYPE Configure PUBLIC "-//Jetty//Configure//EN" "http://www.eclipse.org/jetty/configure.dtd">

<Configure id="Server" class="org.eclipse.jetty.server.Server">

    <Set name="ThreadPool">
      <!-- Default queued blocking threadpool -->
      <New class="org.eclipse.jetty.util.thread.QueuedThreadPool">
        <Set name="minThreads">25</Set>
        <Set name="maxThreads">250</Set>
      </New>
    </Set>

    <Call name="addConnector">
        <Arg>
          <New class="org.eclipse.jetty.server.nio.SelectChannelConnector">
             <Set name="Port">8082</Set>
             <Set name="maxIdleTime">30000</Set>
             <Set name="Acceptors">2</Set>
             <Set name="AcceptQueueSize">100</Set>
          </New>
        </Arg>
    </Call>

<Set name="handler">
      <New id="Handlers" class="org.eclipse.jetty.server.handler.HandlerCollection">
        <Set name="handlers">
         <Array type="org.eclipse.jetty.server.Handler">
            <Item>
             <New id="Contexts" class="org.eclipse.jetty.server.handler.ContextHandlerCollection"/>
           </Item>
         </Array>
        </Set>
      </New>
    </Set>

 <Call name="addBean">
      <Arg>
        <New id="DeploymentManager" class="org.eclipse.jetty.deploy.DeploymentManager">
          <Set name="contexts">
            <Ref id="Contexts" />
          </Set>
          <Call name="addAppProvider">
            <Arg>
              <New class="org.eclipse.jetty.deploy.providers.WebAppProvider">
                <Set name="monitoredDir"><Property name="jetty.home" default="." />/webapps</Set>
                <Set name="scanInterval">5</Set>
                <Set name="extractWars">true</Set>
              </New>
            </Arg>
          </Call>
        </New>
      </Arg>
    </Call>

    <!-- =========================================================== -->
    <!-- extra options                                               -->
    <!-- =========================================================== -->

    <Set name="stopAtShutdown">true</Set>
    <Set name="sendServerVersion">true</Set>
    <Set name="sendDateHeader">true</Set>
    <Set name="gracefulShutdown">1000</Set>

</Configure>
