1		System User	system		\N	2008-11-05 09:18:00.622+01	\N	\\xaced00057372004163682e73797374656d73782e636973642e6f70656e6269732e67656e657269632e7368617265642e62617369632e64746f2e446973706c617953657474696e677300000000000000010200035a001575736557696c64636172645365617263684d6f64654c000e636f6c756d6e53657474696e677374000f4c6a6176612f7574696c2f4d61703b4c000f73656374696f6e53657474696e677371007e0001787000737200176a6176612e7574696c2e4c696e6b6564486173684d617034c04e5c106cc0fb0200015a000b6163636573734f72646572787200116a6176612e7574696c2e486173684d61700507dac1c31660d103000246000a6c6f6164466163746f724900097468726573686f6c6478703f4000000000000c7708000000100000000078007371007e00043f4000000000000c7708000000100000000078	t
3	John	Observer	observer	observer@o.o	1	2008-11-05 09:18:10.581+01	\N	\\xaced00057372004163682e73797374656d73782e636973642e6f70656e6269732e67656e657269632e7368617265642e62617369632e64746f2e446973706c617953657474696e677300000000000000010200035a001575736557696c64636172645365617263684d6f64654c000e636f6c756d6e53657474696e677374000f4c6a6176612f7574696c2f4d61703b4c000f73656374696f6e53657474696e677371007e0001787001737200176a6176612e7574696c2e4c696e6b6564486173684d617034c04e5c106cc0fb0200015a000b6163636573734f72646572787200116a6176612e7574696c2e486173684d61700507dac1c31660d103000246000a6c6f6164466163746f724900097468726573686f6c6478703f4000000000000c7708000000100000000078007371007e00043f4000000000000c7708000000100000000078	t
4	John 2	ETL Server	etlserver	etlserver@systemsx.ch	1	2008-11-05 09:18:10.581+01	\N	\\xaced00057372004163682e73797374656d73782e636973642e6f70656e6269732e67656e657269632e7368617265642e62617369632e64746f2e446973706c617953657474696e677300000000000000010200035a001575736557696c64636172645365617263684d6f64654c000e636f6c756d6e53657474696e677374000f4c6a6176612f7574696c2f4d61703b4c000f73656374696f6e53657474696e677371007e0001787001737200176a6176612e7574696c2e4c696e6b6564486173684d617034c04e5c106cc0fb0200015a000b6163636573734f72646572787200116a6176612e7574696c2e486173684d61700507dac1c31660d103000246000a6c6f6164466163746f724900097468726573686f6c6478703f4000000000000c7708000000100000000078007371007e00043f4000000000000c7708000000100000000078	t
2	John	Doe	test	franz-josef.elmer@systemsx.ch	1	2008-11-05 09:18:10.581+01	1	\\xaced00057372004163682e73797374656d73782e636973642e6f70656e6269732e67656e657269632e7368617265642e62617369632e64746f2e446973706c617953657474696e677300000000000000010200085a0029646973706c6179437573746f6d436f6c756d6e446562756767696e674572726f724d657373616765735a001575736557696c64636172645365617263684d6f64654c000e636f6c756d6e53657474696e677374000f4c6a6176612f7574696c2f4d61703b4c001064726f70446f776e53657474696e677371007e00014c001670616e656c436f6c6c617073656453657474696e677371007e00014c001170616e656c53697a6553657474696e677371007e00014c001d7265616c4e756d626572466f726d6174696e67506172616d65746572737400514c63682f73797374656d73782f636973642f6f70656e6269732f67656e657269632f7368617265642f62617369632f64746f2f5265616c4e756d626572466f726d6174696e67506172616d65746572733b4c000b74616253657474696e677371007e000178700001737200176a6176612e7574696c2e4c696e6b6564486173684d617034c04e5c106cc0fb0200015a000b6163636573734f72646572787200116a6176612e7574696c2e486173684d61700507dac1c31660d103000246000a6c6f6164466163746f724900097468726573686f6c6478703f4000000000000c7708000000100000000078007371007e00053f4000000000000c7708000000100000000174001e73616d706c652d747970656d61696e5f73616d706c655f62726f7773657274000a43454c4c5f504c415445787371007e00053f4000000000000c77080000001000000000787371007e00053f4000000000000c770800000010000000027400156c6566745f70616e656c5f43454c4c5f504c415445737200116a6176612e6c616e672e496e746567657212e2a0a4f781873802000149000576616c7565787200106a6176612e6c616e672e4e756d62657286ac951d0b94e08b02000078700000012c7400196c6566745f70616e656c5f44494c5554494f4e5f504c4154457371007e000d0000012c787372004f63682e73797374656d73782e636973642e6f70656e6269732e67656e657269632e7368617265642e62617369632e64746f2e5265616c4e756d626572466f726d6174696e67506172616d657465727300000000000000010200035a0010666f726d6174696e67456e61626c6564490009707265636973696f6e5a000a736369656e746966696378700100000004007371007e00053f4000000000000c7708000000100000000274002367656e657269635f73616d706c655f76696577657244494c5554494f4e5f504c415445740018636f6e7461696e65722d73616d706c652d73656374696f6e74001f67656e657269635f73616d706c655f76696577657243454c4c5f504c415445740016706172656e742d73616d706c65732d73656374696f6e78	t
5	John	Inactive	inactive	inactive@in.active	1	2008-11-05 09:18:10.581+01	\N	\\xaced00057372004163682e73797374656d73782e636973642e6f70656e6269732e67656e657269632e7368617265642e62617369632e64746f2e446973706c617953657474696e677300000000000000010200035a001575736557696c64636172645365617263684d6f64654c000e636f6c756d6e53657474696e677374000f4c6a6176612f7574696c2f4d61703b4c000f73656374696f6e53657474696e677371007e0001787001737200176a6176612e7574696c2e4c696e6b6564486173684d617034c04e5c106cc0fb0200015a000b6163636573734f72646572787200116a6176612e7574696c2e486173684d61700507dac1c31660d103000246000a6c6f6164466163746f724900097468726573686f6c6478703f4000000000000c7708000000100000000078007371007e00043f4000000000000c7708000000100000000078	f
6	John 3	Doe test role	test_role	test_role@in.active	1	2008-11-05 09:18:10.581+01	2	\\xaced00057372004163682e73797374656d73782e636973642e6f70656e6269732e67656e657269632e7368617265642e62617369632e64746f2e446973706c617953657474696e677300000000000000010200035a001575736557696c64636172645365617263684d6f64654c000e636f6c756d6e53657474696e677374000f4c6a6176612f7574696c2f4d61703b4c000f73656374696f6e53657474696e677371007e0001787001737200176a6176612e7574696c2e4c696e6b6564486173684d617034c04e5c106cc0fb0200015a000b6163636573734f72646572787200116a6176612e7574696c2e486173684d61700507dac1c31660d103000246000a6c6f6164466163746f724900097468726573686f6c6478703f4000000000000c7708000000100000000078007371007e00043f4000000000000c7708000000100000000078	t
7	John	Doe test space	test_space	inactive@in.active	3	2008-11-05 09:18:10.581+01	\N	\\xaced00057372004163682e73797374656d73782e636973642e6f70656e6269732e67656e657269632e7368617265642e62617369632e64746f2e446973706c617953657474696e677300000000000000010200035a001575736557696c64636172645365617263684d6f64654c000e636f6c756d6e53657474696e677374000f4c6a6176612f7574696c2f4d61703b4c000f73656374696f6e53657474696e677371007e0001787001737200176a6176612e7574696c2e4c696e6b6564486173684d617034c04e5c106cc0fb0200015a000b6163636573734f72646572787200116a6176612e7574696c2e486173684d61700507dac1c31660d103000246000a6c6f6164466163746f724900097468726573686f6c6478703f4000000000000c7708000000100000000078007371007e00043f4000000000000c7708000000100000000078	t
8	Jane	Doe test role	test_v3	ganime.akin@in.active	1	2008-11-05 09:18:10.581+01	\N	\\xaced00057372004163682e73797374656d73782e636973642e6f70656e6269732e67656e657269632e7368617265642e62617369632e64746f2e446973706c617953657474696e677300000000000000010200035a001575736557696c64636172645365617263684d6f64654c000e636f6c756d6e53657474696e677374000f4c6a6176612f7574696c2f4d61703b4c000f73656374696f6e53657474696e677371007e0001787001737200176a6176612e7574696c2e4c696e6b6564486173684d617034c04e5c106cc0fb0200015a000b6163636573734f72646572787200116a6176612e7574696c2e486173684d61700507dac1c31660d103000246000a6c6f6164466163746f724900097468726573686f6c6478703f4000000000000c7708000000100000000078007371007e00043f4000000000000c7708000000100000000078	t
9	John	Power User	poweruser	poweruser@o.o	1	2008-11-05 09:18:10.581+01	\N	\\xaced00057372004163682e73797374656d73782e636973642e6f70656e6269732e67656e657269632e7368617265642e62617369632e64746f2e446973706c617953657474696e677300000000000000010200035a001575736557696c64636172645365617263684d6f64654c000e636f6c756d6e53657474696e677374000f4c6a6176612f7574696c2f4d61703b4c000f73656374696f6e53657474696e677371007e0001787001737200176a6176612e7574696c2e4c696e6b6564486173684d617034c04e5c106cc0fb0200015a000b6163636573734f72646572787200116a6176612e7574696c2e486173684d61700507dac1c31660d103000246000a6c6f6164466163746f724900097468726573686f6c6478703f4000000000000c7708000000100000000078007371007e00043f4000000000000c7708000000100000000078	t
10	John	Admin	admin	admin@o.o	1	2008-11-05 09:18:10.581+01	\N	\\xaced00057372004163682e73797374656d73782e636973642e6f70656e6269732e67656e657269632e7368617265642e62617369632e64746f2e446973706c617953657474696e677300000000000000010200035a001575736557696c64636172645365617263684d6f64654c000e636f6c756d6e53657474696e677374000f4c6a6176612f7574696c2f4d61703b4c000f73656374696f6e53657474696e677371007e0001787001737200176a6176612e7574696c2e4c696e6b6564486173684d617034c04e5c106cc0fb0200015a000b6163636573734f72646572787200116a6176612e7574696c2e486173684d61700507dac1c31660d103000246000a6c6f6164466163746f724900097468726573686f6c6478703f4000000000000c7708000000100000000078007371007e00043f4000000000000c7708000000100000000078	t
11	John	Homeless	homeless	admin@o.o	\N	2008-11-05 09:18:10.581+01	\N	\\xaced00057372004163682e73797374656d73782e636973642e6f70656e6269732e67656e657269632e7368617265642e62617369632e64746f2e446973706c617953657474696e677300000000000000010200035a001575736557696c64636172645365617263684d6f64654c000e636f6c756d6e53657474696e677374000f4c6a6176612f7574696c2f4d61703b4c000f73656374696f6e53657474696e677371007e0001787001737200176a6176612e7574696c2e4c696e6b6564486173684d617034c04e5c106cc0fb0200015a000b6163636573734f72646572787200116a6176612e7574696c2e486173684d61700507dac1c31660d103000246000a6c6f6164466163746f724900097468726573686f6c6478703f4000000000000c7708000000100000000078007371007e00043f4000000000000c7708000000100000000078	t
12	John	ObserverCISD	observer_cisd	observer_cisd@o.o	1	2008-11-05 09:18:10.581+01	\N	\\xaced00057372004163682e73797374656d73782e636973642e6f70656e6269732e67656e657269632e7368617265642e62617369632e64746f2e446973706c617953657474696e677300000000000000010200035a001575736557696c64636172645365617263684d6f64654c000e636f6c756d6e53657474696e677374000f4c6a6176612f7574696c2f4d61703b4c000f73656374696f6e53657474696e677371007e0001787001737200176a6176612e7574696c2e4c696e6b6564486173684d617034c04e5c106cc0fb0200015a000b6163636573734f72646572787200116a6176612e7574696c2e486173684d61700507dac1c31660d103000246000a6c6f6164466163746f724900097468726573686f6c6478703f4000000000000c7708000000100000000078007371007e00043f4000000000000c7708000000100000000078	t
13	John	InstanceObserver	instance_observer	instance_observer@o.o	1	2008-11-05 09:18:10.581+01	\N	\\xaced00057372004163682e73797374656d73782e636973642e6f70656e6269732e67656e657269632e7368617265642e62617369632e64746f2e446973706c617953657474696e677300000000000000010200035a001575736557696c64636172645365617263684d6f64654c000e636f6c756d6e53657474696e677374000f4c6a6176612f7574696c2f4d61703b4c000f73656374696f6e53657474696e677371007e0001787001737200176a6176612e7574696c2e4c696e6b6564486173684d617034c04e5c106cc0fb0200015a000b6163636573734f72646572787200116a6176612e7574696c2e486173684d61700507dac1c31660d103000246000a6c6f6164466163746f724900097468726573686f6c6478703f4000000000000c7708000000100000000078007371007e00043f4000000000000c7708000000100000000078	t
14	John	Doe	test_project_pa_off	inactive@in.active	3	2008-11-05 09:18:10.581+01	\N	\\xaced00057372004163682e73797374656d73782e636973642e6f70656e6269732e67656e657269632e7368617265642e62617369632e64746f2e446973706c617953657474696e677300000000000000010200035a001575736557696c64636172645365617263684d6f64654c000e636f6c756d6e53657474696e677374000f4c6a6176612f7574696c2f4d61703b4c000f73656374696f6e53657474696e677371007e0001787001737200176a6176612e7574696c2e4c696e6b6564486173684d617034c04e5c106cc0fb0200015a000b6163636573734f72646572787200116a6176612e7574696c2e486173684d61700507dac1c31660d103000246000a6c6f6164466163746f724900097468726573686f6c6478703f4000000000000c7708000000100000000078007371007e00043f4000000000000c7708000000100000000078	t
15	John	Doe	test_project_pa_on	inactive@in.active	3	2008-11-05 09:18:10.581+01	\N	\\xaced00057372004163682e73797374656d73782e636973642e6f70656e6269732e67656e657269632e7368617265642e62617369632e64746f2e446973706c617953657474696e677300000000000000010200035a001575736557696c64636172645365617263684d6f64654c000e636f6c756d6e53657474696e677374000f4c6a6176612f7574696c2f4d61703b4c000f73656374696f6e53657474696e677371007e0001787001737200176a6176612e7574696c2e4c696e6b6564486173684d617034c04e5c106cc0fb0200015a000b6163636573734f72646572787200116a6176612e7574696c2e486173684d61700507dac1c31660d103000246000a6c6f6164466163746f724900097468726573686f6c6478703f4000000000000c7708000000100000000078007371007e00043f4000000000000c7708000000100000000078	t
16	John	Doe	test_space_pa_off	inactive@in.active	3	2008-11-05 09:18:10.581+01	\N	\\xaced00057372004163682e73797374656d73782e636973642e6f70656e6269732e67656e657269632e7368617265642e62617369632e64746f2e446973706c617953657474696e677300000000000000010200035a001575736557696c64636172645365617263684d6f64654c000e636f6c756d6e53657474696e677374000f4c6a6176612f7574696c2f4d61703b4c000f73656374696f6e53657474696e677371007e0001787001737200176a6176612e7574696c2e4c696e6b6564486173684d617034c04e5c106cc0fb0200015a000b6163636573734f72646572787200116a6176612e7574696c2e486173684d61700507dac1c31660d103000246000a6c6f6164466163746f724900097468726573686f6c6478703f4000000000000c7708000000100000000078007371007e00043f4000000000000c7708000000100000000078	t
17	John	Doe	test_space_pa_on	inactive@in.active	3	2008-11-05 09:18:10.581+01	\N	\\xaced00057372004163682e73797374656d73782e636973642e6f70656e6269732e67656e657269632e7368617265642e62617369632e64746f2e446973706c617953657474696e677300000000000000010200035a001575736557696c64636172645365617263684d6f64654c000e636f6c756d6e53657474696e677374000f4c6a6176612f7574696c2f4d61703b4c000f73656374696f6e53657474696e677371007e0001787001737200176a6176612e7574696c2e4c696e6b6564486173684d617034c04e5c106cc0fb0200015a000b6163636573734f72646572787200116a6176612e7574696c2e486173684d61700507dac1c31660d103000246000a6c6f6164466163746f724900097468726573686f6c6478703f4000000000000c7708000000100000000078007371007e00043f4000000000000c7708000000100000000078	t
18	John	Doe	instance_admin	inactive@in.active	\N	2008-11-05 09:18:10.581+01	\N	\\xaced00057372004163682e73797374656d73782e636973642e6f70656e6269732e67656e657269632e7368617265642e62617369632e64746f2e446973706c617953657474696e677300000000000000010200035a001575736557696c64636172645365617263684d6f64654c000e636f6c756d6e53657474696e677374000f4c6a6176612f7574696c2f4d61703b4c000f73656374696f6e53657474696e677371007e0001787001737200176a6176612e7574696c2e4c696e6b6564486173684d617034c04e5c106cc0fb0200015a000b6163636573734f72646572787200116a6176612e7574696c2e486173684d61700507dac1c31660d103000246000a6c6f6164466163746f724900097468726573686f6c6478703f4000000000000c7708000000100000000078007371007e00043f4000000000000c7708000000100000000078	t
19	John	Doe	test_space_etl_server	inactive@in.active	3	2008-11-05 09:18:10.581+01	\N	\\xaced00057372004163682e73797374656d73782e636973642e6f70656e6269732e67656e657269632e7368617265642e62617369632e64746f2e446973706c617953657474696e677300000000000000010200035a001575736557696c64636172645365617263684d6f64654c000e636f6c756d6e53657474696e677374000f4c6a6176612f7574696c2f4d61703b4c000f73656374696f6e53657474696e677371007e0001787001737200176a6176612e7574696c2e4c696e6b6564486173684d617034c04e5c106cc0fb0200015a000b6163636573734f72646572787200116a6176612e7574696c2e486173684d61700507dac1c31660d103000246000a6c6f6164466163746f724900097468726573686f6c6478703f4000000000000c7708000000100000000078007371007e00043f4000000000000c7708000000100000000078	t
20	John	Doe	test_group_etl_server	inactive@in.active	2	2008-11-05 09:18:10.581+01	\N	\\xaced00057372004163682e73797374656d73782e636973642e6f70656e6269732e67656e657269632e7368617265642e62617369632e64746f2e446973706c617953657474696e677300000000000000010200035a001575736557696c64636172645365617263684d6f64654c000e636f6c756d6e53657474696e677374000f4c6a6176612f7574696c2f4d61703b4c000f73656374696f6e53657474696e677371007e0001787001737200176a6176612e7574696c2e4c696e6b6564486173684d617034c04e5c106cc0fb0200015a000b6163636573734f72646572787200116a6176612e7574696c2e486173684d61700507dac1c31660d103000246000a6c6f6164466163746f724900097468726573686f6c6478703f4000000000000c7708000000100000000078007371007e00043f4000000000000c7708000000100000000078	t
21	John	Doe	agroup_member	franz-josef.elmer@systemsx.ch	2	2017-11-01 12:12:12.12+01	\N	\N	t
